{"type":"FeatureCollection","features":[{"type":"Feature","properties":{"name":"Alameda"},"geometry":{"type":"MultiPolygon","coordinates":[[[[-122.28848,37.89793],[-122.27418,37.90503],[-122.26395,37.90373],[-122.24948,37.89309],[-122.24891,37.88687],[-122.22388,37.87833],[-122.21628,37.86882],[-122.22039,37.86443],[-122.20409,37.85139],[-122.1961,37.84201],[-122.18418,37.83393],[-122.18598,37.82073],[-122.16687,37.81342],[-122.15739,37.81795],[-122.14881,37.81376],[-122.14055,37.80459],[-122.04547,37.79813],[-122.03047,37.78773],[-122.01407,37.78023],[-121.99777,37.76323],[-122.01077,37.75513],[-122.01177,37.74743],[-121.98997,37.73363],[-121.97247,37.72853],[-121.96077,37.71863],[-121.66626,37.79043],[-121.62416,37.79913],[-121.55916,37.81893],[-121.55694,37.81722],[-121.55665,37.54273],[-121.54575,37.53253],[-121.52215,37.52483],[-121.50415,37.52593],[-121.49605,37.50493],[-121.48545,37.50253],[-121.46927,37.48969],[-121.4712,37.48283],[-121.47192,37.48178],[-121.86527,37.48464],[-121.8826,37.47055],[-121.90913,37.463],[-121.92545,37.45444],[-121.92785,37.45526],[-121.92779,37.45712],[-121.9329,37.45545],[-121.93113,37.45739],[-121.93147,37.46091],[-121.93461,37.46049],[-121.93497,37.46237],[-121.96595,37.46281],[-121.98001,37.46089],[-121.99654,37.47027],[-122.01882,37.46863],[-122.03845,37.47108],[-122.0495,37.46833],[-122.05331,37.48627],[-122.04725,37.49378],[-122.05854,37.50046],[-122.09206,37.50921],[-122.10611,37.49978],[-122.11047,37.50583],[-122.11242,37.53096],[-122.1203,37.54643],[-122.14617,37.58361],[-122.14686,37.60776],[-122.15093,37.61909],[-122.15328,37.64209],[-122.16218,37.66747],[-122.16821,37.67643],[-122.17829,37.68229],[-122.18902,37.69516],[-122.19115,37.7039],[-122.212,37.70905],[-122.21674,37.69974],[-122.24926,37.72264],[-122.24752,37.72797],[-122.26114,37.74031],[-122.25185,37.74808],[-122.22693,37.74802],[-122.21136,37.73793],[-122.2074,37.74334],[-122.21069,37.75122],[-122.22203,37.7585],[-122.22534,37.76629],[-122.23829,37.77314],[-122.24503,37.78454],[-122.25842,37.78575],[-122.27581,37.794],[-122.30553,37.79371],[-122.32528,37.80016],[-122.31361,37.828],[-122.29647,37.82998],[-122.30275,37.86128],[-122.31704,37.88919],[-122.31293,37.89733],[-122.28848,37.89793]]],[[[-122.33155,37.78697],[-122.33066,37.79718],[-122.30152,37.7904],[-122.28055,37.79212],[-122.26898,37.78539],[-122.22803,37.7672],[-122.22541,37.75549],[-122.23598,37.74965],[-122.27027,37.76113],[-122.278,37.7685],[-122.28417,37.76742],[-122.32791,37.78119],[-122.33155,37.78697]]]]}},{"type":"Feature","properties":{"name":"Alpine"},"geometry":{"type":"Polygon","coordinates":[[[-119.96495,38.77599],[-119.94793,38.78164],[-119.93995,38.79532],[-119.94211,38.80311],[-119.92186,38.82096],[-119.92271,38.82996],[-119.90849,38.83435],[-119.90678,38.85466],[-119.89191,38.85734],[-119.88111,38.8641],[-119.8779,38.87358],[-119.88169,38.87578],[-119.88236,38.8831],[-119.88102,38.88507],[-119.88449,38.89421],[-119.87986,38.89942],[-119.88764,38.9183],[-119.9054,38.92834],[-119.90431,38.93332],[-119.58544,38.71321],[-119.57952,38.70561],[-119.58844,38.69266],[-119.59146,38.68217],[-119.59764,38.67411],[-119.60901,38.66591],[-119.61686,38.64463],[-119.61493,38.63815],[-119.62107,38.61442],[-119.61907,38.60353],[-119.60886,38.59472],[-119.59981,38.59335],[-119.59602,38.58185],[-119.58931,38.57356],[-119.58737,38.55835],[-119.57411,38.54082],[-119.56805,38.53771],[-119.56538,38.52638],[-119.55622,38.51662],[-119.55662,38.5017],[-119.54286,38.49969],[-119.54537,38.49003],[-119.54245,38.48065],[-119.54687,38.47352],[-119.55586,38.47024],[-119.55898,38.46044],[-119.55643,38.44747],[-119.56894,38.43396],[-119.56199,38.41073],[-119.56755,38.40512],[-119.58634,38.39695],[-119.60121,38.40535],[-119.62209,38.39388],[-119.6188,38.38274],[-119.60739,38.36646],[-119.62834,38.3586],[-119.63185,38.33474],[-119.6392,38.32688],[-119.66952,38.34829],[-119.70003,38.36522],[-119.69362,38.3789],[-119.69891,38.40764],[-119.69965,38.41053],[-119.70552,38.41616],[-119.71214,38.41809],[-119.75348,38.41676],[-119.77055,38.40666],[-119.80139,38.40149],[-119.81469,38.38752],[-119.83755,38.38241],[-119.85498,38.37248],[-119.86967,38.3676],[-119.88475,38.35619],[-120.01857,38.43235],[-120.05365,38.45561],[-120.07257,38.44708],[-120.07239,38.70277],[-119.96495,38.77599]]]}},{"type":"Feature","properties":{"name":"Amador"},"geometry":{"type":"Polygon","coordinates":[[[-121.02751,38.50829],[-121.01137,38.51247],[-121.00875,38.51843],[-121.00274,38.51923],[-120.99036,38.51607],[-120.97466,38.5159],[-120.97028,38.52081],[-120.95554,38.52227],[-120.95366,38.52086],[-120.94674,38.52317],[-120.94132,38.5286],[-120.93747,38.52506],[-120.93554,38.51896],[-120.92495,38.51554],[-120.92323,38.51884],[-120.90958,38.52227],[-120.89307,38.52897],[-120.88507,38.52507],[-120.88074,38.53136],[-120.87699,38.54257],[-120.86241,38.54333],[-120.84091,38.55604],[-120.80184,38.5591],[-120.78261,38.55118],[-120.75996,38.55493],[-120.74725,38.54845],[-120.72248,38.54717],[-120.71832,38.54176],[-120.69051,38.52772],[-120.68309,38.52639],[-120.67744,38.51813],[-120.65918,38.51557],[-120.65076,38.51003],[-120.62843,38.5032],[-120.60616,38.50235],[-120.59233,38.50463],[-120.57974,38.50341],[-120.55378,38.51186],[-120.54319,38.50977],[-120.50547,38.51228],[-120.48578,38.52127],[-120.45916,38.52389],[-120.45004,38.52849],[-120.43525,38.52677],[-120.41315,38.53115],[-120.4022,38.53735],[-120.37994,38.54351],[-120.36388,38.54435],[-120.35449,38.54808],[-120.3313,38.54769],[-120.31714,38.54511],[-120.30172,38.54911],[-120.29919,38.55612],[-120.27452,38.55945],[-120.26656,38.56765],[-120.26256,38.57863],[-120.25103,38.58438],[-120.23385,38.58832],[-120.23262,38.60004],[-120.22366,38.60428],[-120.22713,38.61057],[-120.21279,38.62937],[-120.20475,38.62773],[-120.17864,38.63377],[-120.1581,38.63323],[-120.14008,38.63837],[-120.13172,38.64906],[-120.1351,38.65453],[-120.12309,38.6667],[-120.1167,38.67978],[-120.12431,38.68969],[-120.12176,38.69608],[-120.11085,38.70571],[-120.09832,38.70903],[-120.07764,38.70889],[-120.07239,38.70277],[-120.07248,38.50987],[-120.1003,38.504],[-120.11151,38.49852],[-120.12603,38.49598],[-120.14248,38.49803],[-120.16432,38.49424],[-120.18061,38.49562],[-120.2057,38.50104],[-120.21742,38.49771],[-120.22603,38.49074],[-120.24169,38.48519],[-120.25993,38.48672],[-120.26913,38.47777],[-120.28332,38.4754],[-120.29478,38.47716],[-120.30456,38.47213],[-120.31911,38.47103],[-120.33104,38.46519],[-120.33814,38.46744],[-120.36492,38.46657],[-120.37928,38.46107],[-120.3867,38.46623],[-120.41243,38.46867],[-120.42321,38.47332],[-120.44399,38.46147],[-120.44849,38.45247],[-120.4614,38.44617],[-120.46775,38.44884],[-120.48595,38.44565],[-120.49984,38.44759],[-120.52323,38.4227],[-120.53722,38.41843],[-120.54016,38.42306],[-120.56001,38.41506],[-120.57201,38.41357],[-120.57432,38.40185],[-120.60136,38.39972],[-120.61508,38.3887],[-120.6141,38.37248],[-120.61968,38.35773],[-120.62827,38.3554],[-120.6318,38.34557],[-120.64661,38.33459],[-120.65589,38.33112],[-120.67492,38.33069],[-120.6924,38.31794],[-120.71263,38.31521],[-120.73187,38.3077],[-120.73829,38.30777],[-120.75169,38.29594],[-120.75444,38.28847],[-120.76729,38.29032],[-120.79054,38.28859],[-120.81013,38.28201],[-120.81923,38.28207],[-120.82204,38.27545],[-120.8438,38.26427],[-120.85567,38.2483],[-120.88096,38.23887],[-120.88294,38.2307],[-120.89379,38.22128],[-120.90154,38.22198],[-120.91494,38.23004],[-120.92553,38.22763],[-120.93715,38.22076],[-120.9534,38.22632],[-120.9721,38.21795],[-120.9955,38.22541],[-121.02708,38.30025],[-121.02751,38.50829]]]}},{"type":"Feature","properties":{"name":"Butte"},"geometry":{"type":"Polygon","coordinates":[[[-121.90831,39.30392],[-121.90461,39.32586],[-121.89439,39.34109],[-121.8997,39.35401],[-121.8877,39.37198],[-121.89042,39.39015],[-121.88346,39.40677],[-121.87694,39.43835],[-121.87101,39.44977],[-121.87428,39.45654],[-121.87121,39.46718],[-121.87171,39.49077],[-121.87734,39.50955],[-121.87111,39.51845],[-121.8615,39.52499],[-121.85653,39.5369],[-121.94519,39.53606],[-121.97403,39.52885],[-121.99402,39.53393],[-122.00325,39.55823],[-121.99254,39.56713],[-122.00334,39.57326],[-121.99506,39.5823],[-121.99577,39.60316],[-121.98222,39.61137],[-121.98003,39.61884],[-121.99236,39.6296],[-121.98707,39.64395],[-121.96662,39.65244],[-121.97765,39.66424],[-121.98482,39.66051],[-121.99649,39.66386],[-121.99434,39.67146],[-121.98514,39.67017],[-121.97479,39.67549],[-121.96143,39.67729],[-121.95692,39.68753],[-121.94589,39.69032],[-121.94158,39.69811],[-121.95095,39.715],[-121.94681,39.72493],[-121.94828,39.73222],[-121.95241,39.73182],[-121.95504,39.724],[-121.96784,39.72198],[-121.97241,39.73158],[-121.98385,39.73541],[-121.99516,39.74988],[-122.02456,39.76794],[-122.03237,39.78017],[-122.02559,39.78815],[-122.02383,39.79767],[-122.03883,39.79286],[-122.05914,39.80723],[-122.06457,39.8146],[-122.05731,39.82871],[-122.06943,39.84053],[-122.05921,39.84949],[-122.05647,39.86209],[-122.04079,39.8799],[-122.04486,39.88377],[-121.80404,39.88434],[-121.8061,39.88822],[-121.7771,39.88852],[-121.7665,39.8976],[-121.75063,39.90681],[-121.74625,39.93853],[-121.73583,39.95352],[-121.72871,39.95729],[-121.72497,39.96763],[-121.7149,39.97143],[-121.70196,39.98436],[-121.64603,39.98253],[-121.64585,39.99706],[-121.63544,39.99682],[-121.63617,40.02581],[-121.62607,40.0256],[-121.62609,40.0395],[-121.60864,40.05508],[-121.59565,40.05771],[-121.5958,40.09346],[-121.58641,40.10052],[-121.51056,40.10052],[-121.51055,40.10798],[-121.49087,40.10804],[-121.48097,40.11509],[-121.48095,40.12237],[-121.4529,40.12212],[-121.45273,40.12973],[-121.44287,40.12965],[-121.44284,40.1487],[-121.43689,40.15191],[-121.40451,40.15165],[-121.40485,40.11554],[-121.38593,40.1159],[-121.37649,40.10863],[-121.37679,40.08603],[-121.36682,40.08605],[-121.36714,40.07189],[-121.37684,40.07175],[-121.37708,40.05709],[-121.38227,40.05183],[-121.40035,40.0521],[-121.40034,40.03052],[-121.40964,40.03062],[-121.40956,40.01573],[-121.41948,40.01577],[-121.41982,39.98755],[-121.41026,39.9873],[-121.41033,39.95848],[-121.41984,39.95863],[-121.42058,39.92945],[-121.41109,39.92943],[-121.411,39.91509],[-121.43001,39.91483],[-121.42996,39.90031],[-121.411,39.90043],[-121.41194,39.87142],[-121.39902,39.87129],[-121.39853,39.86288],[-121.38015,39.86282],[-121.38018,39.85542],[-121.36121,39.85547],[-121.36052,39.84074],[-121.35108,39.84035],[-121.35082,39.8257],[-121.33229,39.8257],[-121.33233,39.81105],[-121.31847,39.81091],[-121.31694,39.7967],[-121.30781,39.78936],[-121.29413,39.78925],[-121.28495,39.78158],[-121.28585,39.76762],[-121.26827,39.7688],[-121.26802,39.75424],[-121.25064,39.75397],[-121.24826,39.74004],[-121.22971,39.74021],[-121.22945,39.72567],[-121.21088,39.72565],[-121.20869,39.70036],[-121.19053,39.69989],[-121.19028,39.68535],[-121.17119,39.68556],[-121.17114,39.67109],[-121.15508,39.65679],[-121.13641,39.65681],[-121.13671,39.62817],[-121.11663,39.62805],[-121.11633,39.62102],[-121.09754,39.6209],[-121.08895,39.61355],[-121.08892,39.60331],[-121.07669,39.59726],[-121.07954,39.58526],[-121.10746,39.58528],[-121.10697,39.56719],[-121.11645,39.56354],[-121.14121,39.56228],[-121.1499,39.55529],[-121.14991,39.52645],[-121.1593,39.5196],[-121.1854,39.51973],[-121.18517,39.52669],[-121.24048,39.52661],[-121.24024,39.51309],[-121.27708,39.51281],[-121.27679,39.52027],[-121.30512,39.51959],[-121.30542,39.49782],[-121.31498,39.48696],[-121.31479,39.4759],[-121.32414,39.46861],[-121.33826,39.46503],[-121.33842,39.45438],[-121.34661,39.44522],[-121.34062,39.4316],[-121.34181,39.42243],[-121.3587,39.40944],[-121.3641,39.38478],[-121.37256,39.37286],[-121.3729,39.36459],[-121.38135,39.363],[-121.38785,39.356],[-121.40051,39.34996],[-121.40724,39.33987],[-121.42626,39.33497],[-121.43481,39.33748],[-121.44334,39.3315],[-121.45849,39.33526],[-121.46404,39.33083],[-121.47542,39.33286],[-121.48949,39.31953],[-121.53164,39.31789],[-121.54873,39.30877],[-121.56314,39.30501],[-121.57418,39.3105],[-121.60084,39.31042],[-121.612,39.31685],[-121.61669,39.31237],[-121.62079,39.30295],[-121.61872,39.302],[-121.62376,39.29562],[-121.63015,39.30567],[-121.90831,39.30392]]]}},{"type":"Feature","properties":{"name":"Calaveras"},"geometry":{"type":"Polygon","coordinates":[[[-120.91875,38.07082],[-120.93885,38.08832],[-120.9955,38.22541],[-120.9721,38.21795],[-120.9534,38.22632],[-120.93715,38.22076],[-120.92553,38.22763],[-120.91494,38.23004],[-120.90154,38.22198],[-120.89379,38.22128],[-120.88294,38.2307],[-120.88096,38.23887],[-120.85567,38.2483],[-120.8438,38.26427],[-120.82204,38.27545],[-120.81923,38.28207],[-120.81013,38.28201],[-120.79054,38.28859],[-120.76729,38.29032],[-120.75444,38.28847],[-120.75169,38.29594],[-120.73829,38.30777],[-120.73187,38.3077],[-120.71263,38.31521],[-120.6924,38.31794],[-120.67492,38.33069],[-120.65589,38.33112],[-120.64661,38.33459],[-120.6318,38.34557],[-120.62827,38.3554],[-120.61968,38.35773],[-120.6141,38.37248],[-120.61508,38.3887],[-120.60136,38.39972],[-120.57432,38.40185],[-120.57201,38.41357],[-120.56001,38.41506],[-120.54016,38.42306],[-120.53722,38.41843],[-120.52323,38.4227],[-120.49984,38.44759],[-120.48595,38.44565],[-120.46775,38.44884],[-120.4614,38.44617],[-120.44849,38.45247],[-120.44399,38.46147],[-120.42321,38.47332],[-120.41243,38.46867],[-120.3867,38.46623],[-120.37928,38.46107],[-120.36492,38.46657],[-120.33814,38.46744],[-120.33104,38.46519],[-120.31911,38.47103],[-120.30456,38.47213],[-120.29478,38.47716],[-120.28332,38.4754],[-120.26913,38.47777],[-120.25993,38.48672],[-120.24169,38.48519],[-120.22603,38.49074],[-120.21742,38.49771],[-120.2057,38.50104],[-120.18061,38.49562],[-120.16432,38.49424],[-120.14248,38.49803],[-120.12603,38.49598],[-120.11151,38.49852],[-120.1003,38.504],[-120.07248,38.50987],[-120.07257,38.44708],[-120.05365,38.45561],[-120.01995,38.43352],[-120.02992,38.42468],[-120.04056,38.42593],[-120.04903,38.41937],[-120.07357,38.41358],[-120.08791,38.40338],[-120.11785,38.40074],[-120.13576,38.39612],[-120.15854,38.3853],[-120.18224,38.36614],[-120.18988,38.35596],[-120.20516,38.32965],[-120.22266,38.31982],[-120.24033,38.29528],[-120.25605,38.28614],[-120.26048,38.27806],[-120.27076,38.27071],[-120.27551,38.25898],[-120.29036,38.24389],[-120.29124,38.234],[-120.30758,38.22443],[-120.31725,38.20726],[-120.33199,38.18855],[-120.33951,38.18391],[-120.34053,38.17195],[-120.3505,38.16982],[-120.35954,38.16129],[-120.35754,38.15388],[-120.36757,38.15281],[-120.37603,38.14192],[-120.37357,38.13631],[-120.38365,38.12648],[-120.38721,38.11602],[-120.40957,38.10298],[-120.4106,38.08788],[-120.42425,38.0757],[-120.43082,38.07339],[-120.43104,38.06126],[-120.44253,38.05874],[-120.44344,38.05165],[-120.45394,38.04135],[-120.46734,38.01359],[-120.49206,38.0112],[-120.50044,38.00663],[-120.49982,37.99544],[-120.50452,37.99114],[-120.50996,37.99195],[-120.51355,37.99561],[-120.51401,37.99663],[-120.50939,37.99878],[-120.51182,38.00326],[-120.51618,38.00413],[-120.51886,38.00222],[-120.52165,37.99516],[-120.53498,37.99094],[-120.52775,37.98394],[-120.52812,37.98224],[-120.54147,37.97832],[-120.54327,37.97572],[-120.54232,37.97454],[-120.52758,37.97503],[-120.52477,37.96824],[-120.5176,37.96531],[-120.51335,37.95795],[-120.51495,37.95339],[-120.53483,37.94475],[-120.5366,37.94192],[-120.53726,37.92751],[-120.54235,37.92045],[-120.55111,37.92168],[-120.56111,37.91472],[-120.56407,37.90362],[-120.57075,37.89484],[-120.58687,37.89554],[-120.59587,37.88888],[-120.59645,37.88291],[-120.60903,37.87272],[-120.63379,37.86061],[-120.63738,37.8487],[-120.65267,37.83142],[-120.74453,37.91242],[-120.75269,37.92333],[-120.7613,37.93107],[-120.8338,37.99472],[-120.87605,38.02889],[-120.91875,38.07082]]]}},{"type":"Feature","properties":{"name":"Colusa"},"geometry":{"type":"Polygon","coordinates":[[[-122.13601,39.38549],[-122.13616,39.4145],[-122.00886,39.41357],[-122.00383,39.39699],[-122.00973,39.38386],[-121.88894,39.38308],[-121.8877,39.37198],[-121.8997,39.35401],[-121.89439,39.34109],[-121.90461,39.32586],[-121.90805,39.30377],[-121.92221,39.28699],[-121.9208,39.28163],[-121.92899,39.27108],[-121.93692,39.26795],[-121.94528,39.2531],[-121.94818,39.24039],[-121.94005,39.22867],[-121.94145,39.22174],[-121.93242,39.21157],[-121.92833,39.19873],[-121.94309,39.18476],[-121.93492,39.1619],[-121.92012,39.15299],[-121.91721,39.14728],[-121.91898,39.14225],[-121.93953,39.14132],[-121.93795,39.133],[-121.91192,39.1238],[-121.90756,39.11456],[-121.90601,39.11493],[-121.90592,39.10419],[-121.89437,39.09613],[-121.89413,39.078],[-121.8891,39.07237],[-121.87608,39.07008],[-121.86982,39.06686],[-121.84796,39.07082],[-121.83821,39.06295],[-121.84088,39.05168],[-121.83835,39.04455],[-121.82437,39.03178],[-121.82098,39.02028],[-121.82595,39.01065],[-121.8062,39.00368],[-121.79537,38.99569],[-121.80385,38.98943],[-121.81729,38.98894],[-121.821,38.98084],[-121.83477,38.96713],[-121.83412,38.96388],[-121.84057,38.95482],[-121.83066,38.93718],[-121.83602,38.93004],[-121.83549,38.92448],[-122.01722,38.92591],[-122.34017,38.92425],[-122.36758,38.93903],[-122.37302,38.93982],[-122.39403,38.95561],[-122.40912,38.96279],[-122.40825,38.97303],[-122.41669,38.97804],[-122.41881,38.98995],[-122.41192,38.99814],[-122.41089,39.0103],[-122.40914,39.01212],[-122.41342,39.02022],[-122.43729,39.02136],[-122.45822,39.03899],[-122.46576,39.04841],[-122.49128,39.05299],[-122.4924,39.05903],[-122.48388,39.06696],[-122.49052,39.0773],[-122.48625,39.08251],[-122.48894,39.09834],[-122.49646,39.10781],[-122.4942,39.11508],[-122.50091,39.12107],[-122.49706,39.13359],[-122.48797,39.1416],[-122.47454,39.1447],[-122.48217,39.16373],[-122.47729,39.17395],[-122.49401,39.1781],[-122.49854,39.19109],[-122.5084,39.19032],[-122.51379,39.19601],[-122.51533,39.20922],[-122.5288,39.21141],[-122.54142,39.20692],[-122.57344,39.20429],[-122.58296,39.21229],[-122.61028,39.21618],[-122.6221,39.22304],[-122.63331,39.22253],[-122.64864,39.21411],[-122.66536,39.21755],[-122.6817,39.23456],[-122.69136,39.24743],[-122.71336,39.25949],[-122.72864,39.27328],[-122.73499,39.27193],[-122.75709,39.28431],[-122.75823,39.29395],[-122.77504,39.31178],[-122.77252,39.32398],[-122.76483,39.33501],[-122.76531,39.34274],[-122.75235,39.34605],[-122.74172,39.3589],[-122.74348,39.36813],[-122.76317,39.3778],[-122.7742,39.37488],[-122.78509,39.38298],[-122.70005,39.38297],[-122.67438,39.38468],[-122.59455,39.38554],[-122.43129,39.38378],[-122.13601,39.38549]]]}},{"type":"Feature","properties":{"name":"Contra Costa"},"geometry":{"type":"MultiPolygon","coordinates":[[[[-121.59924,38.09885],[-121.59019,38.09366],[-121.5791,38.0924],[-121.57806,38.08098],[-121.58414,38.06325],[-121.5966,38.06471],[-121.60478,38.06121],[-121.61806,38.06368],[-121.62687,38.05261],[-121.64742,38.05696],[-121.64763,38.07186],[-121.64456,38.08448],[-121.62658,38.08781],[-121.62159,38.09848],[-121.61515,38.0996],[-121.59924,38.09885]]],[[[-121.5797,38.03125],[-121.56495,38.02931],[-121.5641,38.02335],[-121.57247,38.01811],[-121.5797,38.03125]]],[[[-121.57358,37.98031],[-121.57371,37.96643],[-121.56514,37.95985],[-121.56341,37.94427],[-121.55727,37.93225],[-121.55641,37.92364],[-121.56566,37.91849],[-121.56321,37.91222],[-121.57177,37.9025],[-121.5659,37.89767],[-121.57496,37.88945],[-121.57387,37.8834],[-121.57942,37.8723],[-121.5738,37.86432],[-121.57802,37.85782],[-121.56209,37.85676],[-121.55168,37.8604],[-121.53659,37.84472],[-121.54241,37.8334],[-121.54946,37.83357],[-121.55351,37.81839],[-121.55694,37.81722],[-121.55916,37.81893],[-121.62416,37.79913],[-121.66626,37.79043],[-121.96077,37.71863],[-121.97247,37.72853],[-121.98997,37.73363],[-122.01177,37.74743],[-122.01077,37.75513],[-121.99777,37.76323],[-122.01407,37.78023],[-122.03047,37.78773],[-122.04547,37.79813],[-122.14055,37.80459],[-122.14881,37.81376],[-122.15739,37.81795],[-122.16687,37.81342],[-122.18598,37.82073],[-122.18418,37.83393],[-122.1961,37.84201],[-122.20409,37.85139],[-122.22039,37.86443],[-122.21628,37.86882],[-122.22388,37.87833],[-122.24891,37.88687],[-122.24948,37.89309],[-122.26395,37.90373],[-122.27418,37.90503],[-122.28848,37.89793],[-122.31293,37.89733],[-122.32532,37.89796],[-122.32416,37.90711],[-122.33997,37.909],[-122.35435,37.91403],[-122.36573,37.90641],[-122.38581,37.90825],[-122.38651,37.91991],[-122.39503,37.92852],[-122.40954,37.93252],[-122.41046,37.93971],[-122.42886,37.96304],[-122.41288,37.963],[-122.40104,37.95313],[-122.39295,37.95837],[-122.3888,37.9694],[-122.38131,37.97629],[-122.37278,37.97482],[-122.35946,37.99093],[-122.36462,37.9966],[-122.36691,38.01207],[-122.33206,38.0012],[-122.31739,38.01079],[-122.29962,38.01019],[-122.28963,38.02029],[-122.283,38.02197],[-122.27317,38.03811],[-122.26533,38.03963],[-122.26232,38.05093],[-122.24358,38.0582],[-122.21303,38.05637],[-122.19057,38.05242],[-122.17821,38.04363],[-122.16924,38.02957],[-122.14605,38.02176],[-122.13022,38.02786],[-122.11217,38.03891],[-122.06913,38.05232],[-122.05421,38.05053],[-122.03948,38.05573],[-122.02339,38.05808],[-121.9931,38.05375],[-121.97435,38.04691],[-121.94522,38.04869],[-121.93436,38.04331],[-121.91393,38.0397],[-121.89268,38.04145],[-121.86936,38.03079],[-121.85275,38.02988],[-121.83314,38.02171],[-121.80912,38.01693],[-121.77903,38.01486],[-121.76044,38.02019],[-121.74082,38.0187],[-121.72136,38.00796],[-121.70987,38.00629],[-121.70734,38.0114],[-121.69409,38.0083],[-121.68578,38.01899],[-121.69861,38.02761],[-121.71201,38.02262],[-121.72428,38.02674],[-121.71931,38.03246],[-121.70793,38.03337],[-121.69417,38.04229],[-121.68909,38.05204],[-121.6742,38.05762],[-121.65826,38.05121],[-121.65313,38.04637],[-121.64217,38.04779],[-121.62807,38.04081],[-121.61447,38.02986],[-121.60779,38.01943],[-121.6003,38.02016],[-121.58467,38.02992],[-121.58065,38.00711],[-121.58198,37.98581],[-121.57358,37.98031]]],[[[-121.6596,38.09289],[-121.64743,38.0857],[-121.64898,38.05655],[-121.66808,38.05779],[-121.67617,38.06079],[-121.67734,38.08221],[-121.67534,38.08892],[-121.6596,38.09289]]],[[[-121.85181,38.0427],[-121.85855,38.04764],[-121.85015,38.05372],[-121.84049,38.02897],[-121.84472,38.0285],[-121.85181,38.0427]]],[[[-121.85393,38.04253],[-121.85031,38.03479],[-121.8678,38.03299],[-121.86937,38.03859],[-121.86234,38.04559],[-121.85393,38.04253]]]]}},{"type":"Feature","properties":{"name":"Del Norte"},"geometry":{"type":"Polygon","coordinates":[[[-123.51985,41.99516],[-123.53426,41.99093],[-123.53782,41.9824],[-123.53334,41.95489],[-123.54884,41.93333],[-123.55439,41.93005],[-123.55404,41.91374],[-123.56544,41.90314],[-123.59382,41.90521],[-123.59738,41.89417],[-123.61387,41.88089],[-123.62446,41.88843],[-123.63626,41.88756],[-123.65231,41.87892],[-123.65068,41.85945],[-123.66153,41.85647],[-123.67134,41.84499],[-123.67078,41.83543],[-123.68291,41.83714],[-123.70368,41.82949],[-123.70304,41.81975],[-123.69437,41.81565],[-123.68996,41.80316],[-123.6727,41.79595],[-123.67604,41.78506],[-123.68834,41.78122],[-123.68342,41.76963],[-123.68189,41.75174],[-123.6783,41.73854],[-123.66189,41.72599],[-123.6602,41.71406],[-123.66917,41.70648],[-123.66711,41.69169],[-123.68958,41.66943],[-123.68844,41.65273],[-123.67993,41.63702],[-123.69664,41.63386],[-123.69656,41.62824],[-123.7057,41.62148],[-123.71611,41.60655],[-123.71917,41.59561],[-123.70653,41.59569],[-123.69759,41.59094],[-123.68696,41.59481],[-123.68261,41.58603],[-123.68858,41.58039],[-123.68153,41.57196],[-123.69389,41.55699],[-123.68045,41.54401],[-123.6528,41.53939],[-123.64408,41.52367],[-123.6463,41.51456],[-123.63575,41.49185],[-123.63553,41.48129],[-123.62145,41.4639],[-123.61179,41.46213],[-123.61239,41.44895],[-123.62201,41.43263],[-123.63779,41.4281],[-123.64856,41.42082],[-123.63903,41.41002],[-123.64165,41.40019],[-123.656,41.39531],[-123.66136,41.38209],[-123.77024,41.38078],[-123.77055,41.46419],[-123.88569,41.46385],[-123.88569,41.46584],[-124.06514,41.46474],[-124.07763,41.50597],[-124.08155,41.51003],[-124.08059,41.53503],[-124.07068,41.54488],[-124.08062,41.54684],[-124.09377,41.55521],[-124.10124,41.56919],[-124.10223,41.5791],[-124.0982,41.58687],[-124.10487,41.59446],[-124.1007,41.60158],[-124.11574,41.62235],[-124.12002,41.64054],[-124.13554,41.65744],[-124.14117,41.6728],[-124.13812,41.67759],[-124.14277,41.69514],[-124.14343,41.70921],[-124.14996,41.72231],[-124.16103,41.73711],[-124.16889,41.7428],[-124.18602,41.749],[-124.19939,41.74551],[-124.21206,41.74993],[-124.22532,41.76151],[-124.25349,41.77857],[-124.25517,41.78461],[-124.24602,41.79042],[-124.23633,41.80614],[-124.2235,41.83479],[-124.21319,41.86751],[-124.20661,41.8994],[-124.20427,41.92205],[-124.19656,41.92857],[-124.19694,41.94275],[-124.21009,41.95062],[-124.20552,41.96648],[-124.20491,41.98146],[-124.2114,41.99846],[-123.81399,41.9951],[-123.72816,41.99701],[-123.657,41.99514],[-123.62455,41.99984],[-123.51791,42.00085],[-123.51985,41.99516]]]}},{"type":"Feature","properties":{"name":"Tuolumne"},"geometry":{"type":"Polygon","coordinates":[[[-120.49206,38.0112],[-120.46734,38.01359],[-120.45394,38.04135],[-120.44344,38.05165],[-120.44253,38.05874],[-120.43104,38.06126],[-120.43082,38.07339],[-120.42425,38.0757],[-120.4106,38.08788],[-120.40957,38.10298],[-120.38721,38.11602],[-120.38365,38.12648],[-120.37357,38.13631],[-120.37603,38.14192],[-120.36757,38.15281],[-120.35754,38.15388],[-120.35954,38.16129],[-120.3505,38.16982],[-120.34053,38.17195],[-120.33951,38.18391],[-120.33199,38.18855],[-120.31725,38.20726],[-120.30758,38.22443],[-120.29124,38.234],[-120.29036,38.24389],[-120.27551,38.25898],[-120.27076,38.27071],[-120.26048,38.27806],[-120.25605,38.28614],[-120.24033,38.29528],[-120.22266,38.31982],[-120.20516,38.32965],[-120.18988,38.35596],[-120.18224,38.36614],[-120.15854,38.3853],[-120.13387,38.3968],[-120.11785,38.40074],[-120.08791,38.40338],[-120.07357,38.41358],[-120.04903,38.41937],[-120.04056,38.42593],[-120.02992,38.42468],[-120.01995,38.43352],[-119.88475,38.35619],[-119.86967,38.3676],[-119.85498,38.37248],[-119.83755,38.38241],[-119.81469,38.38752],[-119.80139,38.40149],[-119.77055,38.40666],[-119.75348,38.41676],[-119.71214,38.41809],[-119.70552,38.41616],[-119.69965,38.41053],[-119.69891,38.40764],[-119.69362,38.3789],[-119.70003,38.36522],[-119.66952,38.34829],[-119.6392,38.32688],[-119.64478,38.32164],[-119.64219,38.30699],[-119.64362,38.29166],[-119.65151,38.28646],[-119.63776,38.27839],[-119.62681,38.26806],[-119.6132,38.26142],[-119.6219,38.25279],[-119.60494,38.23416],[-119.62442,38.22867],[-119.62635,38.20467],[-119.63267,38.19886],[-119.61771,38.1905],[-119.60993,38.19043],[-119.59832,38.1816],[-119.58563,38.18438],[-119.5765,38.15766],[-119.5455,38.15306],[-119.54189,38.14465],[-119.50759,38.13691],[-119.50448,38.15812],[-119.48913,38.14344],[-119.48852,38.13217],[-119.46946,38.12828],[-119.47187,38.11609],[-119.45912,38.10762],[-119.46369,38.09834],[-119.44587,38.09306],[-119.44023,38.10487],[-119.42881,38.11556],[-119.42396,38.10744],[-119.39702,38.10682],[-119.38022,38.09255],[-119.36506,38.0902],[-119.35713,38.08298],[-119.34984,38.08557],[-119.33671,38.07039],[-119.32421,38.06094],[-119.32264,38.04986],[-119.31249,38.04569],[-119.30459,38.02389],[-119.30929,38.00478],[-119.31839,37.98642],[-119.31469,37.98112],[-119.32199,37.96902],[-119.31529,37.96532],[-119.31389,37.95432],[-119.30839,37.94682],[-119.29589,37.94272],[-119.28789,37.93302],[-119.28059,37.93383],[-119.26399,37.92653],[-119.26559,37.91383],[-119.24788,37.91013],[-119.23978,37.91183],[-119.22668,37.90663],[-119.21988,37.89863],[-119.21078,37.89943],[-119.20768,37.88983],[-119.21408,37.87153],[-119.21548,37.84703],[-119.20708,37.83823],[-119.20398,37.82983],[-119.21328,37.82503],[-119.21688,37.81833],[-119.20498,37.80953],[-119.20128,37.80293],[-119.20178,37.79933],[-119.21278,37.79173],[-119.22198,37.77883],[-119.24308,37.76913],[-119.25468,37.74663],[-119.26898,37.73923],[-119.28838,37.74503],[-119.29338,37.76793],[-119.30858,37.77733],[-119.31228,37.79413],[-119.32178,37.79403],[-119.33939,37.80553],[-119.35499,37.81183],[-119.35229,37.82633],[-119.38372,37.83647],[-119.40469,37.83722],[-119.40729,37.85492],[-119.42199,37.85772],[-119.42489,37.86552],[-119.43419,37.86512],[-119.45149,37.87102],[-119.46279,37.86842],[-119.47689,37.85962],[-119.4923,37.86312],[-119.5047,37.86962],[-119.5153,37.88442],[-119.5238,37.88672],[-119.5336,37.89712],[-119.534,37.90292],[-119.5659,37.90172],[-119.5864,37.89012],[-119.58635,37.8723],[-119.59936,37.85991],[-119.61911,37.8532],[-119.6286,37.84722],[-119.6462,37.84682],[-119.6577,37.83412],[-119.6509,37.82082],[-119.6539,37.81042],[-119.6672,37.80122],[-119.6914,37.79952],[-119.6979,37.78962],[-119.7098,37.79352],[-119.72271,37.78762],[-119.73391,37.78792],[-119.74601,37.78292],[-119.75101,37.77332],[-119.78111,37.76343],[-119.78611,37.76583],[-119.8055,37.75962],[-119.80781,37.75503],[-119.82071,37.75983],[-119.82791,37.76823],[-119.84061,37.76503],[-119.85201,37.75773],[-119.86451,37.77223],[-119.88491,37.76073],[-119.89251,37.76223],[-119.90701,37.75793],[-119.91521,37.76263],[-119.93841,37.76303],[-119.95501,37.77323],[-119.96491,37.78283],[-119.99842,37.79623],[-120.02697,37.81195],[-120.03537,37.80811],[-120.04635,37.8133],[-120.05532,37.81299],[-120.05751,37.82388],[-120.07951,37.82881],[-120.09046,37.82209],[-120.08888,37.81248],[-120.09875,37.80773],[-120.10074,37.80067],[-120.11579,37.79316],[-120.12723,37.78157],[-120.14212,37.78304],[-120.15383,37.78836],[-120.161,37.78719],[-120.17575,37.79829],[-120.18869,37.78022],[-120.18353,37.77495],[-120.18908,37.76785],[-120.20107,37.76316],[-120.22489,37.76219],[-120.23955,37.7637],[-120.23969,37.75349],[-120.25333,37.75074],[-120.26174,37.74074],[-120.26072,37.73356],[-120.28664,37.74027],[-120.28618,37.72978],[-120.30311,37.73457],[-120.31547,37.73376],[-120.32084,37.72616],[-120.33233,37.72959],[-120.34521,37.72566],[-120.33809,37.70911],[-120.31945,37.68643],[-120.30631,37.66542],[-120.30984,37.65598],[-120.32594,37.64897],[-120.34326,37.66313],[-120.34799,37.67123],[-120.36631,37.68079],[-120.38664,37.68484],[-120.39353,37.67969],[-120.39377,37.66764],[-120.37514,37.65221],[-120.38761,37.6337],[-120.5629,37.76595],[-120.65267,37.83142],[-120.63738,37.8487],[-120.63379,37.86061],[-120.60903,37.87272],[-120.59645,37.88291],[-120.59587,37.88888],[-120.58687,37.89554],[-120.57075,37.89484],[-120.56407,37.90362],[-120.56111,37.91472],[-120.55111,37.92168],[-120.54235,37.92045],[-120.53726,37.92751],[-120.5366,37.94192],[-120.53483,37.94475],[-120.51495,37.95339],[-120.51335,37.95795],[-120.5176,37.96531],[-120.52477,37.96824],[-120.52758,37.97503],[-120.54232,37.97454],[-120.54327,37.97572],[-120.54147,37.97832],[-120.52812,37.98224],[-120.52775,37.98394],[-120.53498,37.99094],[-120.52165,37.99516],[-120.51886,38.00222],[-120.51618,38.00413],[-120.51182,38.00326],[-120.50939,37.99878],[-120.51401,37.99663],[-120.51355,37.99561],[-120.50996,37.99195],[-120.50452,37.99114],[-120.49982,37.99544],[-120.50044,38.00663],[-120.49206,38.0112]]]}},{"type":"Feature","properties":{"name":"El Dorado"},"geometry":{"type":"Polygon","coordinates":[[[-120.18356,39.03837],[-120.16503,39.03849],[-120.16496,39.04579],[-120.15298,39.04581],[-120.15302,39.06033],[-120.14366,39.06729],[-120.00246,39.06749],[-120.00101,38.99957],[-119.90431,38.93332],[-119.9054,38.92834],[-119.88764,38.9183],[-119.87986,38.89942],[-119.88449,38.89421],[-119.88102,38.88507],[-119.88236,38.8831],[-119.88169,38.87578],[-119.8779,38.87358],[-119.88111,38.8641],[-119.89191,38.85734],[-119.90678,38.85466],[-119.90849,38.83435],[-119.92271,38.82996],[-119.92186,38.82096],[-119.94211,38.80311],[-119.93995,38.79532],[-119.94793,38.78164],[-119.96495,38.77599],[-120.07239,38.70277],[-120.07764,38.70889],[-120.09832,38.70903],[-120.11085,38.70571],[-120.12176,38.69608],[-120.12431,38.68969],[-120.1167,38.67978],[-120.12309,38.6667],[-120.1351,38.65453],[-120.13172,38.64906],[-120.14008,38.63837],[-120.1581,38.63323],[-120.17864,38.63377],[-120.20475,38.62773],[-120.21279,38.62937],[-120.22713,38.61057],[-120.22366,38.60428],[-120.23262,38.60004],[-120.23385,38.58832],[-120.25103,38.58438],[-120.26256,38.57863],[-120.26656,38.56765],[-120.27452,38.55945],[-120.29919,38.55612],[-120.30172,38.54911],[-120.31962,38.5449],[-120.3313,38.54769],[-120.35449,38.54808],[-120.36388,38.54435],[-120.37994,38.54351],[-120.4022,38.53735],[-120.41315,38.53115],[-120.43525,38.52677],[-120.45004,38.52849],[-120.45916,38.52389],[-120.48578,38.52127],[-120.50547,38.51228],[-120.54319,38.50977],[-120.55378,38.51186],[-120.57974,38.50341],[-120.59233,38.50463],[-120.60616,38.50235],[-120.62843,38.5032],[-120.65076,38.51003],[-120.65918,38.51557],[-120.67744,38.51813],[-120.68309,38.52639],[-120.69051,38.52772],[-120.71832,38.54176],[-120.72248,38.54717],[-120.74725,38.54845],[-120.75996,38.55493],[-120.78261,38.55118],[-120.80184,38.5591],[-120.84091,38.55604],[-120.86241,38.54333],[-120.87699,38.54257],[-120.88074,38.53136],[-120.88507,38.52507],[-120.89307,38.52897],[-120.90958,38.52227],[-120.92323,38.51884],[-120.92495,38.51554],[-120.93554,38.51896],[-120.93747,38.52506],[-120.94132,38.5286],[-120.94674,38.52317],[-120.95366,38.52086],[-120.95554,38.52227],[-120.97028,38.52081],[-120.97466,38.5159],[-120.99036,38.51607],[-121.00274,38.51923],[-121.00875,38.51843],[-121.01137,38.51247],[-121.02751,38.50829],[-121.07047,38.60759],[-121.08543,38.64783],[-121.11862,38.71712],[-121.13326,38.70543],[-121.14101,38.71198],[-121.13451,38.71203],[-121.13329,38.73145],[-121.12835,38.73358],[-121.11748,38.75779],[-121.11926,38.76579],[-121.103,38.78555],[-121.10232,38.79591],[-121.09343,38.81385],[-121.08496,38.81601],[-121.08872,38.8271],[-121.07268,38.84294],[-121.05799,38.84785],[-121.05758,38.85008],[-121.06181,38.85992],[-121.05326,38.86835],[-121.05968,38.88387],[-121.04614,38.88886],[-121.05291,38.90014],[-121.04041,38.91565],[-121.03378,38.91282],[-121.0184,38.91824],[-121.00105,38.91783],[-120.98891,38.92803],[-120.96267,38.9343],[-120.95777,38.93911],[-120.93857,38.93556],[-120.93841,38.95737],[-120.94056,38.96098],[-120.93727,38.96368],[-120.92319,38.9609],[-120.91387,38.95521],[-120.89999,38.95335],[-120.8905,38.95956],[-120.8589,38.95226],[-120.8521,38.95955],[-120.85553,38.96682],[-120.84794,38.97698],[-120.83269,38.97381],[-120.82971,38.98734],[-120.81229,39.00013],[-120.80192,39.0011],[-120.79829,38.99611],[-120.77022,39.00702],[-120.7578,39.00768],[-120.72277,38.99851],[-120.71629,38.98667],[-120.7039,38.98118],[-120.69291,38.98527],[-120.68089,38.97789],[-120.68276,38.96907],[-120.67275,38.95859],[-120.65524,38.95311],[-120.65416,38.94823],[-120.63538,38.9434],[-120.62947,38.94641],[-120.61135,38.94264],[-120.60694,38.93525],[-120.60437,38.93422],[-120.59938,38.93674],[-120.59624,38.93625],[-120.59387,38.93513],[-120.59346,38.93213],[-120.58749,38.93159],[-120.57951,38.91724],[-120.5632,38.91382],[-120.53449,38.92602],[-120.52734,38.93158],[-120.51207,38.93127],[-120.50263,38.94109],[-120.49418,38.94236],[-120.48566,38.95929],[-120.47078,38.96565],[-120.45383,38.99487],[-120.44486,39.01834],[-120.43524,39.0284],[-120.32812,39.02243],[-120.24041,39.02367],[-120.24016,39.03089],[-120.1841,39.03101],[-120.18356,39.03837]]]}},{"type":"Feature","properties":{"name":"Fresno"},"geometry":{"type":"Polygon","coordinates":[[[-119.84365,36.86066],[-119.83729,36.85411],[-119.82342,36.84833],[-119.81363,36.85148],[-119.80964,36.86257],[-119.7976,36.87437],[-119.78819,36.87661],[-119.78529,36.88575],[-119.78965,36.89535],[-119.77566,36.90913],[-119.77274,36.9186],[-119.75873,36.92024],[-119.7527,36.92443],[-119.75276,36.93372],[-119.74212,36.94354],[-119.73377,36.94644],[-119.74325,36.95463],[-119.7405,36.97021],[-119.7313,36.97974],[-119.71382,36.9909],[-119.69807,37.00875],[-119.69078,37.01199],[-119.67092,37.00926],[-119.65861,37.01333],[-119.65711,37.0189],[-119.65938,37.03894],[-119.6516,37.04296],[-119.63935,37.04329],[-119.62903,37.03462],[-119.63618,37.0237],[-119.62112,37.02661],[-119.61036,37.04567],[-119.61337,37.05078],[-119.60967,37.06469],[-119.60491,37.07102],[-119.58943,37.06664],[-119.56298,37.0641],[-119.559,37.08806],[-119.54156,37.09595],[-119.53759,37.10507],[-119.5466,37.11537],[-119.56794,37.11618],[-119.56826,37.11965],[-119.5634,37.12828],[-119.56378,37.13832],[-119.55941,37.14362],[-119.54789,37.14361],[-119.53879,37.13439],[-119.52396,37.12866],[-119.51702,37.14712],[-119.50673,37.15055],[-119.48988,37.13841],[-119.49321,37.1246],[-119.48409,37.11082],[-119.47084,37.11055],[-119.46625,37.1196],[-119.46865,37.12838],[-119.46263,37.14421],[-119.44272,37.14405],[-119.43487,37.14695],[-119.43306,37.16152],[-119.4258,37.1643],[-119.40865,37.16122],[-119.39979,37.14984],[-119.38885,37.14922],[-119.36511,37.1657],[-119.36042,37.17008],[-119.36056,37.18054],[-119.34783,37.18678],[-119.33939,37.19442],[-119.33057,37.20579],[-119.334,37.22346],[-119.33162,37.23964],[-119.32323,37.24501],[-119.32218,37.25341],[-119.3264,37.26986],[-119.33203,37.27359],[-119.32705,37.29269],[-119.33361,37.30347],[-119.33466,37.3129],[-119.32312,37.32097],[-119.31856,37.32116],[-119.31575,37.32478],[-119.31739,37.32889],[-119.32581,37.33396],[-119.31223,37.33971],[-119.31537,37.34581],[-119.31219,37.35273],[-119.28666,37.37494],[-119.02236,37.58574],[-119.00226,37.57114],[-118.98146,37.56494],[-118.97696,37.55684],[-118.96406,37.55814],[-118.95266,37.56584],[-118.94266,37.56214],[-118.93896,37.55444],[-118.92966,37.54894],[-118.91706,37.55034],[-118.90976,37.53934],[-118.88366,37.52014],[-118.88166,37.51034],[-118.87566,37.50794],[-118.87116,37.50794],[-118.86076,37.50153],[-118.85722,37.47947],[-118.85047,37.4758],[-118.8419,37.48089],[-118.83279,37.48019],[-118.81553,37.48781],[-118.7971,37.48871],[-118.78605,37.47868],[-118.77447,37.46148],[-118.76454,37.45691],[-118.75892,37.44452],[-118.75958,37.43557],[-118.76751,37.42364],[-118.77568,37.42458],[-118.78356,37.41331],[-118.78181,37.40851],[-118.79003,37.39403],[-118.77751,37.37521],[-118.77305,37.37318],[-118.76973,37.36877],[-118.77017,37.35886],[-118.77823,37.35833],[-118.78674,37.34338],[-118.77876,37.33427],[-118.75785,37.32884],[-118.74003,37.31524],[-118.71602,37.32821],[-118.70623,37.31407],[-118.68522,37.29047],[-118.6821,37.28047],[-118.66517,37.26101],[-118.67535,37.24883],[-118.68461,37.24282],[-118.68079,37.22292],[-118.67972,37.20157],[-118.66675,37.19003],[-118.66424,37.17815],[-118.67228,37.16849],[-118.66745,37.15544],[-118.65459,37.14183],[-118.64352,37.13802],[-118.62854,37.13777],[-118.61341,37.14301],[-118.59964,37.13647],[-118.59266,37.13815],[-118.58605,37.12493],[-118.56857,37.1223],[-118.56841,37.1153],[-118.53796,37.11358],[-118.52213,37.09835],[-118.51186,37.09281],[-118.5031,37.09522],[-118.49173,37.08635],[-118.48658,37.07741],[-118.47114,37.07266],[-118.46733,37.06674],[-118.44791,37.0687],[-118.43714,37.05982],[-118.43493,37.05088],[-118.44173,37.04501],[-118.42259,37.02436],[-118.42798,37.01197],[-118.41223,36.99833],[-118.42013,36.98944],[-118.40913,36.98054],[-118.40443,36.97204],[-118.40333,36.95954],[-118.39663,36.95734],[-118.38303,36.93463],[-118.38153,36.92593],[-118.37103,36.90863],[-118.36983,36.90043],[-118.36083,36.88773],[-118.36713,36.88143],[-118.36986,36.87008],[-118.36222,36.86136],[-118.36152,36.84527],[-118.37149,36.83608],[-118.38976,36.83447],[-118.39372,36.82967],[-118.39012,36.81987],[-118.37958,36.80892],[-118.3728,36.79454],[-118.38023,36.78223],[-118.37203,36.76703],[-118.36923,36.75003],[-118.36059,36.74477],[-118.55549,36.74475],[-118.55503,36.73914],[-118.98244,36.74165],[-118.98478,36.65715],[-119.17834,36.65887],[-119.25095,36.66121],[-119.30462,36.66061],[-119.3051,36.57373],[-119.46632,36.57524],[-119.56647,36.49434],[-119.66692,36.41873],[-119.67196,36.4255],[-119.68111,36.42972],[-119.68694,36.42582],[-119.70513,36.42716],[-119.71152,36.4198],[-119.72756,36.42035],[-119.7451,36.41705],[-119.75421,36.40202],[-119.95923,36.40098],[-119.95921,36.1814],[-120.31507,35.90719],[-120.32427,35.90884],[-120.33671,35.92365],[-120.33588,35.93709],[-120.35451,35.94649],[-120.35982,35.96398],[-120.3966,35.97036],[-120.41021,35.97572],[-120.43305,35.96893],[-120.43966,35.97958],[-120.4497,35.98843],[-120.46369,35.99278],[-120.47739,36.00082],[-120.4787,36.01018],[-120.49755,36.02018],[-120.51044,36.022],[-120.51757,36.02754],[-120.5298,36.02428],[-120.53077,36.03544],[-120.54041,36.03666],[-120.54541,36.04612],[-120.56665,36.05293],[-120.59231,36.07188],[-120.59603,36.07779],[-120.59231,36.09183],[-120.60061,36.10159],[-120.61165,36.09563],[-120.63222,36.10183],[-120.64189,36.10127],[-120.64878,36.10799],[-120.64542,36.1162],[-120.6532,36.11882],[-120.65573,36.13178],[-120.66484,36.14035],[-120.66798,36.16057],[-120.66306,36.17116],[-120.65462,36.16772],[-120.64237,36.18592],[-120.63837,36.19748],[-120.62691,36.20323],[-120.64926,36.22395],[-120.65169,36.23066],[-120.66692,36.236],[-120.68184,36.25105],[-120.67991,36.25418],[-120.67295,36.25768],[-120.6796,36.26731],[-120.67818,36.26751],[-120.67384,36.2824],[-120.68288,36.2868],[-120.68283,36.29426],[-120.66639,36.31145],[-120.65881,36.31624],[-120.64267,36.31901],[-120.63001,36.31691],[-120.61203,36.32162],[-120.59656,36.32849],[-120.59715,36.48824],[-120.60371,36.48824],[-120.91873,36.74038],[-120.65595,36.95283],[-120.59057,36.95264],[-120.5912,36.99283],[-120.59541,37.0015],[-120.5417,37.04451],[-120.53712,37.03984],[-120.54124,37.03103],[-120.54554,37.02758],[-120.53071,37.02018],[-120.52847,37.01248],[-120.51379,37.01096],[-120.50854,37.00077],[-120.50118,36.99674],[-120.49952,36.98197],[-120.48379,36.97099],[-120.48895,36.96569],[-120.48074,36.95924],[-120.47562,36.93999],[-120.46801,36.93747],[-120.45734,36.9241],[-120.46221,36.91717],[-120.45034,36.91117],[-120.46092,36.90267],[-120.46669,36.88974],[-120.45654,36.88384],[-120.45625,36.86286],[-120.43853,36.85449],[-120.42627,36.8399],[-120.40925,36.83638],[-120.40071,36.82241],[-120.38903,36.82444],[-120.3791,36.81717],[-120.37413,36.80027],[-120.36982,36.79597],[-120.37026,36.78494],[-120.35809,36.78719],[-120.34652,36.78456],[-120.34299,36.79093],[-120.33419,36.79099],[-120.29999,36.7773],[-120.28971,36.76961],[-120.2855,36.7735],[-120.2548,36.77004],[-120.22918,36.76969],[-120.2335,36.77867],[-120.22204,36.78306],[-120.21797,36.78857],[-120.20222,36.79001],[-120.20181,36.78295],[-120.18883,36.77641],[-120.18197,36.78807],[-120.16848,36.80344],[-120.15534,36.79882],[-120.12976,36.8115],[-120.11456,36.81404],[-120.111,36.81277],[-120.09774,36.81551],[-120.09164,36.82119],[-120.07704,36.8249],[-120.07073,36.81862],[-120.0574,36.82297],[-120.04229,36.8155],[-120.02777,36.8145],[-120.02017,36.82495],[-120.01333,36.82823],[-119.99805,36.82749],[-119.99074,36.83062],[-119.98993,36.83823],[-119.97972,36.83973],[-119.96888,36.83226],[-119.96187,36.83569],[-119.94351,36.83403],[-119.93455,36.83802],[-119.92778,36.84846],[-119.91952,36.84507],[-119.90482,36.85118],[-119.8903,36.85153],[-119.88489,36.85855],[-119.86888,36.85035],[-119.86141,36.85546],[-119.85499,36.85118],[-119.84554,36.8605],[-119.84365,36.86066]]]}},{"type":"Feature","properties":{"name":"Glenn"},"geometry":{"type":"Polygon","coordinates":[[[-122.91288,39.70872],[-122.91252,39.74817],[-122.93841,39.74811],[-122.93765,39.79816],[-122.84417,39.80051],[-122.2511,39.79929],[-122.17827,39.7975],[-122.04647,39.79765],[-122.03883,39.79286],[-122.02383,39.79767],[-122.02559,39.78815],[-122.03237,39.78017],[-122.02456,39.76794],[-121.99516,39.74988],[-121.98385,39.73541],[-121.97241,39.73158],[-121.96784,39.72198],[-121.95504,39.724],[-121.95241,39.73182],[-121.94828,39.73222],[-121.94681,39.72493],[-121.95095,39.715],[-121.94158,39.69811],[-121.94589,39.69032],[-121.95692,39.68753],[-121.96143,39.67729],[-121.97479,39.67549],[-121.98514,39.67017],[-121.99434,39.67146],[-121.99649,39.66386],[-121.98482,39.66051],[-121.97765,39.66424],[-121.96662,39.65244],[-121.98707,39.64395],[-121.99236,39.6296],[-121.98003,39.61884],[-121.98222,39.61137],[-121.99577,39.60316],[-121.99506,39.5823],[-122.00334,39.57326],[-121.99254,39.56713],[-122.00325,39.55823],[-121.99402,39.53393],[-121.97403,39.52885],[-121.94519,39.53606],[-121.85653,39.5369],[-121.8615,39.52499],[-121.87111,39.51845],[-121.87734,39.50955],[-121.87171,39.49077],[-121.87121,39.46718],[-121.87428,39.45654],[-121.87101,39.44977],[-121.87694,39.43835],[-121.88346,39.40677],[-121.89042,39.39015],[-121.88956,39.38509],[-121.89001,39.38386],[-122.00973,39.38386],[-122.00383,39.39699],[-122.00886,39.41357],[-122.13616,39.4145],[-122.13601,39.38549],[-122.43129,39.38378],[-122.59455,39.38554],[-122.73906,39.38327],[-122.74175,39.43523],[-122.7326,39.45075],[-122.73243,39.49463],[-122.73655,39.50851],[-122.73564,39.58067],[-122.77247,39.57946],[-122.8141,39.5814],[-122.82843,39.57966],[-122.88535,39.58011],[-122.8845,39.61076],[-122.89041,39.62292],[-122.89268,39.7089],[-122.91288,39.70872]]]}},{"type":"Feature","properties":{"name":"Humboldt"},"geometry":{"type":"Polygon","coordinates":[[[-123.54446,40.00192],[-124.02306,40.00128],[-124.03699,40.01435],[-124.05611,40.02425],[-124.07343,40.02271],[-124.08086,40.03145],[-124.07974,40.062],[-124.08672,40.07814],[-124.1108,40.10403],[-124.1391,40.1162],[-124.172,40.12465],[-124.18806,40.13078],[-124.21579,40.16187],[-124.24004,40.17727],[-124.25638,40.18307],[-124.27235,40.19586],[-124.29025,40.20342],[-124.32381,40.2297],[-124.33109,40.23952],[-124.35255,40.24963],[-124.36326,40.26045],[-124.36354,40.27653],[-124.35373,40.30483],[-124.34784,40.31487],[-124.35423,40.33309],[-124.36205,40.34119],[-124.36496,40.37329],[-124.36854,40.38418],[-124.37835,40.39822],[-124.39005,40.40617],[-124.40235,40.42179],[-124.40872,40.44319],[-124.39368,40.4686],[-124.38351,40.49612],[-124.38742,40.51013],[-124.36655,40.54245],[-124.33051,40.61512],[-124.28351,40.68773],[-124.25049,40.7317],[-124.23423,40.75635],[-124.22944,40.74875],[-124.25846,40.71775],[-124.26626,40.70347],[-124.25791,40.6964],[-124.23211,40.69038],[-124.22074,40.69514],[-124.21173,40.70716],[-124.22339,40.72327],[-124.21461,40.7357],[-124.22103,40.74104],[-124.20456,40.74441],[-124.1978,40.75298],[-124.20277,40.76674],[-124.18709,40.78765],[-124.18339,40.80001],[-124.17555,40.80445],[-124.14395,40.8111],[-124.13209,40.80559],[-124.11456,40.81382],[-124.10343,40.81582],[-124.09042,40.82242],[-124.08315,40.831],[-124.08428,40.84878],[-124.09892,40.85533],[-124.10001,40.86072],[-124.11845,40.85259],[-124.13371,40.86362],[-124.14914,40.86548],[-124.15025,40.85945],[-124.16642,40.84328],[-124.17074,40.82563],[-124.18537,40.8135],[-124.19563,40.78853],[-124.21527,40.77051],[-124.22147,40.75963],[-124.2284,40.76948],[-124.18824,40.82546],[-124.17227,40.85126],[-124.1505,40.89322],[-124.13685,40.92712],[-124.11654,40.99644],[-124.11206,41.02602],[-124.12529,41.04867],[-124.14922,41.06007],[-124.15821,41.06795],[-124.15479,41.0882],[-124.16283,41.10255],[-124.15908,41.12271],[-124.16552,41.12978],[-124.16403,41.13848],[-124.14337,41.14495],[-124.1225,41.19031],[-124.10653,41.23089],[-124.10658,41.23979],[-124.09247,41.28676],[-124.08599,41.32215],[-124.07334,41.36961],[-124.06323,41.43909],[-124.06627,41.45123],[-124.06514,41.46474],[-123.88569,41.46584],[-123.88569,41.46385],[-123.77055,41.46419],[-123.77024,41.38078],[-123.50117,41.38257],[-123.48941,41.37767],[-123.47408,41.36619],[-123.48251,41.35365],[-123.47796,41.32813],[-123.46969,41.32027],[-123.46543,41.31967],[-123.46344,41.31773],[-123.45547,41.29282],[-123.46279,41.2842],[-123.46165,41.28228],[-123.44681,41.27604],[-123.44205,41.26001],[-123.44278,41.24947],[-123.45536,41.23687],[-123.4379,41.2269],[-123.43566,41.21419],[-123.43055,41.2096],[-123.4284,41.20428],[-123.41481,41.19383],[-123.40829,41.17994],[-123.41036,41.17071],[-123.43261,41.16233],[-123.42877,41.15206],[-123.4304,41.1355],[-123.42925,41.118],[-123.43583,41.10235],[-123.44633,41.08887],[-123.4645,41.09252],[-123.45857,41.08241],[-123.46401,41.07635],[-123.45794,41.06822],[-123.4456,41.06168],[-123.43072,41.06327],[-123.42327,41.05816],[-123.42334,41.04219],[-123.41997,41.03514],[-123.40722,41.03062],[-123.41031,41.02067],[-123.40608,41.01379],[-123.42006,41.00967],[-123.42775,41.0007],[-123.42726,40.98826],[-123.43436,40.98325],[-123.43655,40.97365],[-123.45326,40.96415],[-123.44436,40.95405],[-123.44796,40.94376],[-123.45865,40.94196],[-123.47486,40.93166],[-123.48126,40.91586],[-123.48486,40.91516],[-123.51176,40.92036],[-123.52966,40.93486],[-123.53986,40.93786],[-123.56016,40.95026],[-123.56836,40.94826],[-123.56776,40.93986],[-123.59156,40.92736],[-123.59926,40.93115],[-123.62366,40.92982],[-123.62389,40.92867],[-123.61342,40.92155],[-123.61583,40.91407],[-123.60609,40.90479],[-123.60854,40.89494],[-123.59954,40.88784],[-123.60171,40.87995],[-123.58987,40.86751],[-123.58047,40.86576],[-123.57584,40.85799],[-123.57316,40.84351],[-123.55985,40.82958],[-123.56869,40.8203],[-123.55736,40.80972],[-123.55722,40.77967],[-123.55117,40.75702],[-123.54406,40.73939],[-123.54446,40.00192]]]}},{"type":"Feature","properties":{"name":"Inyo"},"geometry":{"type":"Polygon","coordinates":[[[-118.32933,36.66673],[-118.33343,36.67143],[-118.34773,36.67323],[-118.35333,36.68393],[-118.36423,36.68794],[-118.35883,36.69563],[-118.34673,36.69653],[-118.33473,36.70533],[-118.33963,36.72903],[-118.35133,36.74103],[-118.35673,36.74223],[-118.36923,36.75003],[-118.37203,36.76703],[-118.38023,36.78223],[-118.3728,36.79454],[-118.37958,36.80892],[-118.39012,36.81987],[-118.39372,36.82967],[-118.38976,36.83447],[-118.37149,36.83608],[-118.36152,36.84527],[-118.36222,36.86136],[-118.36986,36.87008],[-118.36713,36.88143],[-118.36083,36.88773],[-118.36983,36.90043],[-118.37103,36.90863],[-118.38153,36.92593],[-118.38303,36.93463],[-118.39663,36.95734],[-118.40333,36.95954],[-118.40443,36.97204],[-118.40913,36.98054],[-118.42013,36.98944],[-118.41223,36.99833],[-118.42798,37.01197],[-118.42259,37.02436],[-118.44173,37.04501],[-118.43493,37.05088],[-118.43714,37.05982],[-118.44791,37.0687],[-118.46733,37.06674],[-118.47114,37.07266],[-118.48658,37.07741],[-118.49173,37.08635],[-118.5031,37.09522],[-118.51186,37.09281],[-118.52213,37.09835],[-118.53796,37.11358],[-118.56841,37.1153],[-118.56857,37.1223],[-118.58605,37.12493],[-118.59266,37.13815],[-118.59964,37.13647],[-118.61341,37.14301],[-118.62854,37.13777],[-118.64352,37.13802],[-118.65459,37.14183],[-118.66745,37.15544],[-118.67228,37.16849],[-118.66424,37.17815],[-118.66675,37.19003],[-118.67972,37.20157],[-118.68079,37.22292],[-118.68461,37.24282],[-118.67535,37.24883],[-118.66517,37.26101],[-118.6821,37.28047],[-118.68522,37.29047],[-118.70623,37.31407],[-118.71602,37.32821],[-118.74003,37.31524],[-118.75785,37.32884],[-118.77876,37.33427],[-118.78674,37.34338],[-118.77823,37.35833],[-118.77017,37.35886],[-118.76973,37.36877],[-118.77305,37.37318],[-118.77751,37.37521],[-118.79003,37.39403],[-118.78181,37.40851],[-118.78356,37.41331],[-118.77568,37.42458],[-118.76751,37.42364],[-118.75958,37.43557],[-118.75892,37.44452],[-118.76454,37.45691],[-118.77447,37.46148],[-118.77501,37.46305],[-118.20399,37.46264],[-117.83273,37.46493],[-117.71236,37.37493],[-117.68061,37.3534],[-117.58142,37.27894],[-117.50012,37.22038],[-116.87425,36.75208],[-116.2508,36.27693],[-115.64836,35.80921],[-115.73574,35.8091],[-115.73589,35.79362],[-117.37589,35.79515],[-117.75094,35.7982],[-117.92446,35.79815],[-117.92312,35.78681],[-118.00804,35.78916],[-118.01048,35.80439],[-118.00773,35.816],[-117.9986,35.82342],[-118.00619,35.82904],[-118.00446,35.83609],[-118.00549,35.8627],[-117.99826,35.86878],[-117.98104,35.86691],[-117.9888,35.87977],[-117.98247,35.8958],[-117.98707,35.89925],[-117.99005,35.91592],[-117.98329,35.92656],[-117.99194,35.94377],[-118.00688,35.94648],[-118.01824,35.96098],[-118.00961,35.97818],[-118.00358,35.98372],[-118.01208,35.99831],[-118.03361,36.00894],[-118.03951,36.03424],[-118.04561,36.04074],[-118.04271,36.04854],[-118.05171,36.05954],[-118.04981,36.07674],[-118.05871,36.09184],[-118.06691,36.09244],[-118.06461,36.11044],[-118.07161,36.12924],[-118.07151,36.14334],[-118.06041,36.14974],[-118.06161,36.17394],[-118.07001,36.17864],[-118.07371,36.18944],[-118.10192,36.20884],[-118.10922,36.22554],[-118.10522,36.23364],[-118.11222,36.24004],[-118.11937,36.25556],[-118.11738,36.27117],[-118.1276,36.28035],[-118.12592,36.29867],[-118.11042,36.30984],[-118.11416,36.31926],[-118.10012,36.32882],[-118.10032,36.34614],[-118.12082,36.35024],[-118.13112,36.37074],[-118.14102,36.37164],[-118.15312,36.37954],[-118.16002,36.39384],[-118.14032,36.40354],[-118.13792,36.41804],[-118.15422,36.42714],[-118.15682,36.43264],[-118.17492,36.42654],[-118.19362,36.42654],[-118.21212,36.43704],[-118.21042,36.43894],[-118.21592,36.45674],[-118.23262,36.46634],[-118.23702,36.47704],[-118.24992,36.48244],[-118.24842,36.48704],[-118.23502,36.49374],[-118.24142,36.50003],[-118.23892,36.51344],[-118.23912,36.52134],[-118.24672,36.52143],[-118.25092,36.52884],[-118.25202,36.54214],[-118.26532,36.55154],[-118.27492,36.55054],[-118.29052,36.55854],[-118.29412,36.57634],[-118.28802,36.58373],[-118.28902,36.59073],[-118.27802,36.59233],[-118.27462,36.59733],[-118.28272,36.60443],[-118.29702,36.60733],[-118.30192,36.61813],[-118.31103,36.62493],[-118.32083,36.62703],[-118.32033,36.63723],[-118.32523,36.64713],[-118.33793,36.65483],[-118.32933,36.66673]]]}},{"type":"Feature","properties":{"name":"Lake"},"geometry":{"type":"Polygon","coordinates":[[[-122.41192,38.99814],[-122.41881,38.98995],[-122.41669,38.97804],[-122.40825,38.97303],[-122.40912,38.96279],[-122.39403,38.95561],[-122.37302,38.93982],[-122.36758,38.93903],[-122.34017,38.92425],[-122.40403,38.92529],[-122.42205,38.90089],[-122.41555,38.8971],[-122.3964,38.87406],[-122.39242,38.8668],[-122.40389,38.8556],[-122.38199,38.8338],[-122.37349,38.817],[-122.37939,38.8021],[-122.39799,38.804],[-122.41229,38.7858],[-122.40899,38.7763],[-122.46389,38.7052],[-122.6274,38.66751],[-122.62546,38.6744],[-122.6395,38.68906],[-122.63844,38.69402],[-122.64657,38.70618],[-122.67233,38.70627],[-122.69183,38.71095],[-122.70092,38.72887],[-122.71038,38.73208],[-122.71233,38.74223],[-122.70859,38.74883],[-122.72008,38.75355],[-122.72456,38.76428],[-122.73534,38.77764],[-122.74822,38.7878],[-122.74874,38.80419],[-122.76055,38.81054],[-122.78019,38.82684],[-122.79139,38.83043],[-122.79576,38.83883],[-122.80867,38.83664],[-122.82159,38.85014],[-122.82139,38.85792],[-122.8401,38.85799],[-122.83999,38.86602],[-122.85849,38.86585],[-122.85776,38.87326],[-122.87649,38.87313],[-122.8757,38.88084],[-122.89463,38.88083],[-122.89389,38.89552],[-122.91135,38.89517],[-122.91139,38.90153],[-122.94886,38.90022],[-122.94907,38.92544],[-122.96189,38.92551],[-122.96992,38.93266],[-122.96829,38.94651],[-122.97771,38.94669],[-122.97743,38.9829],[-122.98668,38.98301],[-122.98664,38.99728],[-123.02803,38.99659],[-123.02801,39.0065],[-123.03751,39.0137],[-123.04681,39.0138],[-123.05621,39.0211],[-123.05611,39.0499],[-123.06521,39.05],[-123.06511,39.06439],[-123.08381,39.06449],[-123.09301,39.07199],[-123.09421,39.09529],[-123.08501,39.09529],[-123.08759,39.11008],[-123.08751,39.13839],[-123.07811,39.13874],[-123.07781,39.17379],[-123.04581,39.17349],[-123.02431,39.20709],[-123.02081,39.22069],[-123.01251,39.22099],[-123.01271,39.23619],[-122.99484,39.23592],[-122.99448,39.25676],[-123.00361,39.25739],[-123.00451,39.27819],[-123.01961,39.27799],[-123.01971,39.32179],[-123.02871,39.32179],[-123.02871,39.33659],[-123.03771,39.33619],[-123.03791,39.36389],[-123.04861,39.36408],[-123.04751,39.37858],[-123.05711,39.37868],[-123.05631,39.40758],[-123.07511,39.40768],[-123.07491,39.43658],[-123.07311,39.45268],[-123.06301,39.45248],[-123.06318,39.50354],[-123.04439,39.50359],[-123.04445,39.5112],[-123.02495,39.51118],[-123.02524,39.51871],[-122.9367,39.5164],[-122.9367,39.53071],[-122.89031,39.52901],[-122.88579,39.56514],[-122.88535,39.58011],[-122.82843,39.57966],[-122.8141,39.5814],[-122.77247,39.57946],[-122.73564,39.58067],[-122.73655,39.50851],[-122.73243,39.49463],[-122.7326,39.45075],[-122.74175,39.43523],[-122.73906,39.38327],[-122.78509,39.38298],[-122.7742,39.37488],[-122.76317,39.3778],[-122.74348,39.36813],[-122.74172,39.3589],[-122.75235,39.34605],[-122.76531,39.34274],[-122.76483,39.33501],[-122.77252,39.32398],[-122.77504,39.31178],[-122.75823,39.29395],[-122.75709,39.28431],[-122.73499,39.27193],[-122.72864,39.27328],[-122.71336,39.25949],[-122.69136,39.24743],[-122.6817,39.23456],[-122.66536,39.21755],[-122.64864,39.21411],[-122.63331,39.22253],[-122.6221,39.22304],[-122.61028,39.21618],[-122.58296,39.21229],[-122.57344,39.20429],[-122.54142,39.20692],[-122.5288,39.21141],[-122.51533,39.20922],[-122.51379,39.19601],[-122.5084,39.19032],[-122.49854,39.19109],[-122.49401,39.1781],[-122.47729,39.17395],[-122.48217,39.16373],[-122.47454,39.1447],[-122.48797,39.1416],[-122.49706,39.13359],[-122.50091,39.12107],[-122.4942,39.11508],[-122.49646,39.10781],[-122.48894,39.09834],[-122.48625,39.08251],[-122.49052,39.0773],[-122.48388,39.06696],[-122.4924,39.05903],[-122.49128,39.05299],[-122.46576,39.04841],[-122.45822,39.03899],[-122.43729,39.02136],[-122.41342,39.02022],[-122.40914,39.01212],[-122.41089,39.0103],[-122.41192,38.99814]]]}},{"type":"Feature","properties":{"name":"San Diego"},"geometry":{"type":"Polygon","coordinates":[[[-117.57848,33.45393],[-117.55723,33.45119],[-117.53843,33.45564],[-117.50958,33.47166],[-117.50972,33.50502],[-117.36427,33.50503],[-117.37092,33.49055],[-117.24167,33.44893],[-117.24147,33.43245],[-117.14372,33.43263],[-117.09882,33.43026],[-117.03086,33.43013],[-117.03086,33.42693],[-116.50085,33.42681],[-116.19759,33.42889],[-116.08516,33.42593],[-116.08515,33.33922],[-116.08122,33.19106],[-116.08109,33.07483],[-116.10325,33.07467],[-116.10315,32.7265],[-116.10565,32.72649],[-116.10618,32.61859],[-116.85715,32.55746],[-117.12377,32.53429],[-117.13311,32.56974],[-117.13267,32.593],[-117.13574,32.61434],[-117.14459,32.63721],[-117.16104,32.66367],[-117.18393,32.68169],[-117.19799,32.68651],[-117.21428,32.68689],[-117.22339,32.68328],[-117.22726,32.69335],[-117.22544,32.70085],[-117.21426,32.71178],[-117.20452,32.71455],[-117.19146,32.71397],[-117.19061,32.70657],[-117.16627,32.6976],[-117.16351,32.68475],[-117.15387,32.67713],[-117.16042,32.67101],[-117.14979,32.65777],[-117.13843,32.6382],[-117.13602,32.62581],[-117.12837,32.6189],[-117.13287,32.61068],[-117.11569,32.59939],[-117.10632,32.605],[-117.10608,32.61213],[-117.09764,32.62037],[-117.10862,32.63011],[-117.11951,32.64773],[-117.11888,32.67247],[-117.12892,32.68447],[-117.14303,32.69121],[-117.16729,32.70842],[-117.17343,32.7148],[-117.1734,32.72407],[-117.19997,32.72869],[-117.21303,32.72802],[-117.21771,32.72181],[-117.23601,32.71422],[-117.23936,32.69006],[-117.23622,32.67146],[-117.24467,32.66634],[-117.25028,32.68926],[-117.25313,32.69241],[-117.25823,32.7256],[-117.25262,32.75205],[-117.23421,32.76015],[-117.24059,32.76725],[-117.22538,32.77409],[-117.21804,32.788],[-117.20861,32.78767],[-117.21089,32.79718],[-117.22979,32.79549],[-117.2349,32.77973],[-117.24172,32.78968],[-117.24928,32.79139],[-117.28023,32.82107],[-117.28226,32.83999],[-117.27401,32.85082],[-117.26533,32.84862],[-117.25615,32.85977],[-117.25123,32.87632],[-117.25512,32.90575],[-117.25896,32.91623],[-117.26327,32.94339],[-117.26823,32.95785],[-117.26931,32.96897],[-117.27995,33.01162],[-117.29026,33.03134],[-117.29603,33.03704],[-117.2986,33.04795],[-117.31007,33.07551],[-117.31434,33.0903],[-117.32563,33.11657],[-117.33639,33.13054],[-117.34141,33.14155],[-117.3641,33.17073],[-117.39717,33.20745],[-117.3971,33.21566],[-117.40733,33.21975],[-117.44547,33.26766],[-117.47694,33.30412],[-117.50992,33.33677],[-117.54775,33.36435],[-117.56409,33.3716],[-117.57543,33.38009],[-117.59594,33.38642],[-117.57848,33.45393]]]}},{"type":"Feature","properties":{"name":"San Francisco"},"geometry":{"type":"MultiPolygon","coordinates":[[[[-122.50283,37.70813],[-122.50725,37.72484],[-122.50818,37.74016],[-122.51459,37.78116],[-122.5068,37.78722],[-122.48772,37.78942],[-122.4777,37.81057],[-122.46357,37.80478],[-122.41743,37.80915],[-122.4028,37.80602],[-122.38718,37.78878],[-122.38698,37.76358],[-122.37997,37.75204],[-122.3676,37.74008],[-122.37231,37.73415],[-122.35696,37.72866],[-122.36531,37.71591],[-122.37599,37.71605],[-122.37932,37.70841],[-122.50283,37.70813]]],[[[-122.37907,37.82665],[-122.36854,37.83107],[-122.36287,37.82259],[-122.3704,37.81429],[-122.37907,37.82665]]]]}},{"type":"Feature","properties":{"name":"Sierra"},"geometry":{"type":"Polygon","coordinates":[[[-120.65423,39.70663],[-120.46536,39.70646],[-120.44634,39.70857],[-120.14715,39.70766],[-120.12604,39.70892],[-120.01573,39.70872],[-120.0158,39.72236],[-120.00106,39.72242],[-120.00082,39.60683],[-120.00377,39.44506],[-120.50544,39.44612],[-120.50766,39.4534],[-120.51676,39.4549],[-120.53452,39.46438],[-120.53519,39.48371],[-120.54908,39.49447],[-120.55605,39.51337],[-120.56806,39.51588],[-120.57719,39.52314],[-120.62227,39.52149],[-120.65604,39.52611],[-120.67808,39.51759],[-120.69011,39.50559],[-120.70088,39.50254],[-120.70659,39.49306],[-120.71634,39.48738],[-120.71451,39.48374],[-120.71515,39.48118],[-120.75708,39.45237],[-120.76263,39.45342],[-120.79937,39.43798],[-120.81101,39.43607],[-120.83309,39.43715],[-120.85463,39.43586],[-120.86451,39.43029],[-120.8845,39.42938],[-120.89394,39.42413],[-120.91286,39.42484],[-120.93007,39.4202],[-120.95899,39.41572],[-120.97862,39.41782],[-120.99182,39.41427],[-121.00701,39.40472],[-121.00752,39.39907],[-121.02208,39.39156],[-121.03441,39.51451],[-121.04874,39.51702],[-121.05774,39.53951],[-121.04217,39.55024],[-121.03979,39.55022],[-121.02438,39.55905],[-121.00948,39.63946],[-121.00393,39.63805],[-120.98639,39.64468],[-120.96963,39.65616],[-120.9579,39.66878],[-120.94943,39.67255],[-120.95211,39.67642],[-120.94012,39.6866],[-120.9406,39.68827],[-120.93656,39.69381],[-120.93414,39.70165],[-120.93437,39.73879],[-120.92558,39.74435],[-120.91322,39.75749],[-120.906,39.75735],[-120.89523,39.75985],[-120.87343,39.77606],[-120.85949,39.77046],[-120.85439,39.75991],[-120.84431,39.75613],[-120.83782,39.74573],[-120.8272,39.74245],[-120.81301,39.74233],[-120.81172,39.7254],[-120.79477,39.7184],[-120.79241,39.70971],[-120.77175,39.71352],[-120.76967,39.71801],[-120.74952,39.71961],[-120.73406,39.70821],[-120.72052,39.70785],[-120.70786,39.69923],[-120.70198,39.6912],[-120.69502,39.69171],[-120.68076,39.67683],[-120.65975,39.68647],[-120.65541,39.69384],[-120.65423,39.70663]]]}},{"type":"Feature","properties":{"name":"Siskiyou"},"geometry":{"type":"Polygon","coordinates":[[[-121.44765,41.95032],[-121.45721,41.94995],[-121.45692,41.7763],[-121.44898,41.77639],[-121.4487,41.42938],[-121.4466,41.42898],[-121.44649,41.18348],[-122.12611,41.18297],[-122.14763,41.18455],[-122.31733,41.18486],[-122.38087,41.18285],[-122.49838,41.18268],[-122.4974,41.19557],[-122.51549,41.20499],[-122.52264,41.21352],[-122.51226,41.22645],[-122.51811,41.23592],[-122.50825,41.24529],[-122.51394,41.25522],[-122.51333,41.28368],[-122.49826,41.29575],[-122.50113,41.30976],[-122.47877,41.32009],[-122.50425,41.33471],[-122.50389,41.34299],[-122.51991,41.34378],[-122.53582,41.34152],[-122.54283,41.35408],[-122.55169,41.3617],[-122.56964,41.36792],[-122.58524,41.35901],[-122.58716,41.35068],[-122.58184,41.33646],[-122.59081,41.32591],[-122.60768,41.32919],[-122.61789,41.32753],[-122.62747,41.33203],[-122.64573,41.32445],[-122.64821,41.32022],[-122.64558,41.30473],[-122.65654,41.29135],[-122.66349,41.29164],[-122.68629,41.28125],[-122.71196,41.27479],[-122.7246,41.26108],[-122.72529,41.24747],[-122.73265,41.24379],[-122.75364,41.24187],[-122.77701,41.23084],[-122.78121,41.21817],[-122.79555,41.21136],[-122.80211,41.20305],[-122.81134,41.20245],[-122.82517,41.21003],[-122.8367,41.20673],[-122.8423,41.20074],[-122.86248,41.20205],[-122.87069,41.20509],[-122.89447,41.20268],[-122.90688,41.19592],[-122.91537,41.18718],[-122.92484,41.18667],[-122.9356,41.17726],[-122.95132,41.18558],[-122.96273,41.17932],[-122.95451,41.16694],[-122.95728,41.16121],[-122.95174,41.15105],[-122.96505,41.13865],[-122.95993,41.12399],[-122.97338,41.11207],[-122.96918,41.10376],[-122.97097,41.09016],[-122.96393,41.07982],[-122.94207,41.07008],[-122.92333,41.07195],[-122.90627,41.03654],[-122.89816,41.03059],[-122.90152,41.01465],[-122.91293,41.00864],[-122.9142,40.99794],[-122.93498,40.99243],[-122.94549,40.99518],[-122.95202,41.00639],[-122.96462,41.01198],[-122.98013,41.01431],[-122.99721,41.01332],[-123.0245,41.00411],[-123.03681,41.00406],[-123.04757,41.02474],[-123.04686,41.03474],[-123.05518,41.04671],[-123.08009,41.05756],[-123.09668,41.05963],[-123.10641,41.0666],[-123.10908,41.07543],[-123.13294,41.07865],[-123.14872,41.07845],[-123.15392,41.07491],[-123.16525,41.07813],[-123.19311,41.07739],[-123.20315,41.07176],[-123.22524,41.07612],[-123.24522,41.07799],[-123.25717,41.09195],[-123.26308,41.10864],[-123.26935,41.11272],[-123.2734,41.12289],[-123.28383,41.12655],[-123.29506,41.14065],[-123.30347,41.14379],[-123.31537,41.14027],[-123.32495,41.14155],[-123.32961,41.15166],[-123.35447,41.16312],[-123.38119,41.15129],[-123.39273,41.16121],[-123.39351,41.17072],[-123.40893,41.18013],[-123.41481,41.19383],[-123.4284,41.20428],[-123.43055,41.2096],[-123.43566,41.21419],[-123.4379,41.2269],[-123.45491,41.23567],[-123.45536,41.23687],[-123.44278,41.24947],[-123.44205,41.26001],[-123.44681,41.27604],[-123.46165,41.28228],[-123.46279,41.2842],[-123.45547,41.29282],[-123.46344,41.31773],[-123.46543,41.31967],[-123.46969,41.32027],[-123.47796,41.32813],[-123.48251,41.35365],[-123.47408,41.36619],[-123.48941,41.37767],[-123.50117,41.38257],[-123.66136,41.38209],[-123.656,41.39531],[-123.64165,41.40019],[-123.63903,41.41002],[-123.64856,41.42082],[-123.63779,41.4281],[-123.62201,41.43263],[-123.61239,41.44895],[-123.61179,41.46213],[-123.62145,41.4639],[-123.63553,41.48129],[-123.63575,41.49185],[-123.6463,41.51456],[-123.64408,41.52367],[-123.6528,41.53939],[-123.68045,41.54401],[-123.69389,41.55699],[-123.68153,41.57196],[-123.68858,41.58039],[-123.68261,41.58603],[-123.68696,41.59481],[-123.69759,41.59094],[-123.70653,41.59569],[-123.71917,41.59561],[-123.71611,41.60655],[-123.7057,41.62148],[-123.69656,41.62824],[-123.69664,41.63386],[-123.67993,41.63702],[-123.68844,41.65273],[-123.68958,41.66943],[-123.66711,41.69169],[-123.66917,41.70648],[-123.6602,41.71406],[-123.66189,41.72599],[-123.6783,41.73854],[-123.68189,41.75174],[-123.68342,41.76963],[-123.68834,41.78122],[-123.67604,41.78506],[-123.6727,41.79595],[-123.68996,41.80316],[-123.69437,41.81565],[-123.70304,41.81975],[-123.70368,41.82949],[-123.68291,41.83714],[-123.67078,41.83543],[-123.67134,41.84499],[-123.66153,41.85647],[-123.65068,41.85945],[-123.65231,41.87892],[-123.63626,41.88756],[-123.62446,41.88843],[-123.61387,41.88089],[-123.59738,41.89417],[-123.59382,41.90521],[-123.56544,41.90314],[-123.55404,41.91374],[-123.55439,41.93005],[-123.54884,41.93333],[-123.53334,41.95489],[-123.53782,41.9824],[-123.53426,41.99093],[-123.51985,41.99516],[-123.51791,42.00085],[-123.43498,42.00164],[-123.34756,41.99911],[-123.19234,42.00542],[-123.14596,42.00924],[-123.04534,42.00308],[-122.90286,42.00263],[-122.63474,42.00485],[-122.507,42.00831],[-122.37823,42.00952],[-122.26113,42.00736],[-122.16271,42.00775],[-122.00032,42.00397],[-121.44754,41.99751],[-121.44765,41.95032]]]}},{"type":"Feature","properties":{"name":"Solano"},"geometry":{"type":"MultiPolygon","coordinates":[[[[-121.90629,38.05938],[-121.89848,38.05598],[-121.8983,38.05046],[-121.92946,38.05152],[-121.9113,38.06478],[-121.90629,38.05938]]],[[[-121.91275,38.08322],[-121.93001,38.08119],[-121.95088,38.07599],[-121.96061,38.0771],[-121.97301,38.07336],[-121.98681,38.08606],[-121.99623,38.08601],[-122.01302,38.09399],[-122.01133,38.09886],[-121.99272,38.10512],[-121.98431,38.11352],[-121.99287,38.12952],[-122.0033,38.13937],[-122.04594,38.13728],[-122.06218,38.13226],[-122.0642,38.11524],[-122.07339,38.10065],[-122.09564,38.08323],[-122.11606,38.06403],[-122.13134,38.04346],[-122.15261,38.04259],[-122.16144,38.05066],[-122.17461,38.05789],[-122.18814,38.07067],[-122.19854,38.06064],[-122.20658,38.06791],[-122.22426,38.06485],[-122.24007,38.07386],[-122.242,38.07822],[-122.25853,38.06861],[-122.27614,38.06622],[-122.28409,38.08374],[-122.29641,38.09754],[-122.31097,38.10857],[-122.33816,38.12308],[-122.35728,38.1294],[-122.38186,38.14005],[-122.3985,38.14334],[-122.40699,38.15568],[-122.19538,38.15502],[-122.19448,38.16472],[-122.20358,38.16872],[-122.21508,38.17972],[-122.21558,38.18842],[-122.20588,38.19622],[-122.20568,38.20822],[-122.19398,38.21361],[-122.19598,38.23041],[-122.20539,38.24462],[-122.19518,38.25072],[-122.19678,38.25842],[-122.21298,38.25912],[-122.21688,38.26232],[-122.21228,38.27281],[-122.18838,38.27161],[-122.20348,38.29291],[-122.19908,38.30011],[-122.20598,38.31571],[-122.06478,38.31591],[-122.06138,38.32961],[-122.06838,38.33971],[-122.07338,38.36091],[-122.07768,38.36371],[-122.08913,38.38464],[-122.10958,38.40461],[-122.11469,38.41391],[-122.1252,38.42416],[-122.12656,38.43248],[-122.12358,38.44761],[-122.11318,38.47482],[-122.10488,38.49081],[-122.10628,38.50831],[-122.10328,38.51335],[-122.06846,38.51411],[-122.05741,38.51744],[-122.04157,38.50571],[-122.03247,38.4943],[-122.01894,38.48929],[-122.01153,38.48907],[-121.99593,38.50042],[-121.98556,38.50362],[-121.96361,38.5228],[-121.94746,38.5271],[-121.94028,38.53338],[-121.92532,38.52971],[-121.90897,38.52958],[-121.89378,38.53343],[-121.88588,38.53876],[-121.86668,38.53736],[-121.86204,38.53848],[-121.84941,38.53673],[-121.83256,38.52976],[-121.81333,38.52602],[-121.79476,38.52694],[-121.78722,38.52336],[-121.78356,38.52329],[-121.7797,38.52991],[-121.77068,38.53223],[-121.76415,38.5261],[-121.75087,38.53036],[-121.73859,38.5377],[-121.7222,38.53487],[-121.71203,38.53796],[-121.69515,38.52316],[-121.6958,38.48762],[-121.69364,38.4876],[-121.6937,38.31373],[-121.59327,38.31309],[-121.59635,38.31137],[-121.60526,38.29535],[-121.60545,38.28612],[-121.60073,38.27837],[-121.60401,38.2701],[-121.60199,38.25243],[-121.60244,38.22041],[-121.61541,38.1957],[-121.62135,38.19358],[-121.63188,38.19437],[-121.64583,38.18651],[-121.66235,38.18209],[-121.68033,38.16281],[-121.68564,38.15965],[-121.69209,38.13313],[-121.70653,38.11174],[-121.71172,38.11367],[-121.73905,38.09317],[-121.80195,38.06262],[-121.83557,38.0731],[-121.84331,38.0769],[-121.86484,38.07172],[-121.86887,38.06264],[-121.88132,38.05595],[-121.89305,38.05362],[-121.90833,38.06303],[-121.91151,38.06869],[-121.91275,38.08322]]],[[[-122.00019,38.08155],[-122.00125,38.07565],[-122.01686,38.07463],[-122.02408,38.09108],[-122.00368,38.08538],[-122.00019,38.08155]]],[[[-121.7361,38.08543],[-121.71487,38.10087],[-121.71066,38.0908],[-121.71515,38.08456],[-121.73111,38.08281],[-121.7361,38.08543]]]]}},{"type":"Feature","properties":{"name":"Sonoma"},"geometry":{"type":"Polygon","coordinates":[[[-123.13625,38.80914],[-123.13664,38.83945],[-123.08123,38.83841],[-123.081,38.85244],[-122.82159,38.85014],[-122.80867,38.83664],[-122.79576,38.83883],[-122.79139,38.83043],[-122.78019,38.82684],[-122.76055,38.81054],[-122.74874,38.80419],[-122.74822,38.7878],[-122.73534,38.77764],[-122.72456,38.76428],[-122.72008,38.75355],[-122.70859,38.74883],[-122.71233,38.74223],[-122.71038,38.73208],[-122.70092,38.72887],[-122.69183,38.71095],[-122.67233,38.70627],[-122.6475,38.70693],[-122.63844,38.69402],[-122.6395,38.68906],[-122.62546,38.6744],[-122.6274,38.66751],[-122.6237,38.66431],[-122.6242,38.64981],[-122.6341,38.63691],[-122.62829,38.62304],[-122.64642,38.59859],[-122.63049,38.57901],[-122.63208,38.56988],[-122.6204,38.56574],[-122.62085,38.56032],[-122.60328,38.55878],[-122.58508,38.54913],[-122.574,38.54036],[-122.56867,38.52895],[-122.55278,38.52569],[-122.54389,38.51997],[-122.5449,38.49629],[-122.5314,38.47854],[-122.52959,38.46961],[-122.51624,38.47087],[-122.50799,38.46449],[-122.50729,38.45725],[-122.48299,38.45271],[-122.48,38.44303],[-122.49139,38.43441],[-122.49549,38.42351],[-122.47059,38.40491],[-122.46589,38.39041],[-122.44789,38.37931],[-122.45759,38.36722],[-122.4472,38.35904],[-122.43951,38.35811],[-122.42675,38.34877],[-122.42013,38.33834],[-122.4054,38.32212],[-122.39461,38.30472],[-122.40369,38.29963],[-122.40082,38.28955],[-122.40459,38.28142],[-122.39699,38.27209],[-122.38819,38.27422],[-122.3899,38.2607],[-122.37459,38.24452],[-122.36679,38.24701],[-122.35992,38.2305],[-122.35893,38.20948],[-122.35039,38.20055],[-122.36054,38.19506],[-122.35737,38.18396],[-122.3679,38.18346],[-122.36954,38.17452],[-122.36621,38.16086],[-122.36756,38.15879],[-122.37112,38.15772],[-122.39682,38.16145],[-122.40699,38.15568],[-122.3985,38.14334],[-122.40499,38.13477],[-122.42945,38.12526],[-122.44024,38.11735],[-122.45227,38.11766],[-122.48091,38.11433],[-122.4936,38.1106],[-122.50055,38.11178],[-122.50793,38.1181],[-122.51314,38.13224],[-122.52396,38.14351],[-122.54371,38.15807],[-122.55792,38.16016],[-122.55924,38.16862],[-122.56646,38.17913],[-122.56509,38.18222],[-122.56788,38.1838],[-122.5782,38.18358],[-122.5926,38.18878],[-122.60334,38.18098],[-122.62569,38.18234],[-122.62818,38.17889],[-122.64924,38.18113],[-122.66716,38.1897],[-122.68056,38.18963],[-122.68645,38.19424],[-122.70139,38.1961],[-122.72299,38.20713],[-122.7399,38.20702],[-122.90173,38.31694],[-122.90794,38.3183],[-122.9069,38.32023],[-122.91107,38.32123],[-122.91648,38.31993],[-122.91689,38.3134],[-122.93538,38.30961],[-122.94934,38.31188],[-122.96517,38.31712],[-122.96905,38.3108],[-122.98161,38.31114],[-122.994,38.30644],[-122.99513,38.30571],[-122.99358,38.30008],[-123.00275,38.29571],[-123.02432,38.31044],[-123.03986,38.31875],[-123.03816,38.32266],[-123.04974,38.33386],[-123.05519,38.32612],[-123.05663,38.31441],[-123.06483,38.3042],[-123.07507,38.31986],[-123.06872,38.33468],[-123.06761,38.35658],[-123.08122,38.37843],[-123.08552,38.39058],[-123.09637,38.39389],[-123.09844,38.40653],[-123.10887,38.42028],[-123.11467,38.42154],[-123.12712,38.44716],[-123.13327,38.45412],[-123.14212,38.45611],[-123.16389,38.473],[-123.1919,38.48931],[-123.21478,38.49906],[-123.23196,38.50308],[-123.23568,38.50941],[-123.25112,38.51018],[-123.27914,38.53272],[-123.28574,38.5399],[-123.30428,38.54787],[-123.31069,38.5562],[-123.332,38.56551],[-123.33912,38.57208],[-123.33824,38.58173],[-123.34332,38.59016],[-123.37201,38.60726],[-123.37456,38.61606],[-123.39864,38.64813],[-123.40843,38.65448],[-123.41043,38.66277],[-123.41978,38.67353],[-123.43187,38.67964],[-123.4335,38.68963],[-123.44088,38.6992],[-123.44978,38.7041],[-123.46275,38.71809],[-123.47497,38.72178],[-123.4888,38.7304],[-123.4927,38.73628],[-123.51077,38.74056],[-123.52428,38.74925],[-123.53366,38.76841],[-123.52851,38.76441],[-123.51815,38.76356],[-123.51592,38.76814],[-123.5108,38.76735],[-123.49704,38.7786],[-123.44385,38.77679],[-123.36824,38.77707],[-123.36839,38.80664],[-123.13625,38.80914]]]}},{"type":"Feature","properties":{"name":"Los Angeles"},"geometry":{"type":"MultiPolygon","coordinates":[[[[-118.9408,34.07497],[-118.78889,34.16821],[-118.66815,34.16819],[-118.66771,34.2404],[-118.63249,34.24043],[-118.63255,34.26343],[-118.63679,34.2918],[-118.88682,34.80188],[-118.85458,34.80303],[-118.85425,34.81777],[-118.48959,34.81785],[-117.98768,34.82263],[-117.66729,34.82253],[-117.66703,34.55801],[-117.66035,34.55785],[-117.65976,34.45277],[-117.64637,34.28917],[-117.6785,34.16199],[-117.6868,34.13812],[-117.71631,34.06766],[-117.72719,34.03741],[-117.73012,34.02137],[-117.73585,34.01855],[-117.76769,34.02351],[-117.76748,34.00461],[-117.78506,34.00481],[-117.80254,33.97555],[-117.79367,33.96813],[-117.79358,33.95379],[-117.78329,33.94641],[-117.9765,33.94605],[-117.97659,33.90281],[-117.98548,33.90277],[-117.994,33.89541],[-117.99406,33.88811],[-118.00259,33.88091],[-118.0114,33.88091],[-118.0114,33.87331],[-118.02868,33.87322],[-118.02858,33.86625],[-118.03754,33.86237],[-118.05037,33.84992],[-118.05892,33.84612],[-118.05899,33.83521],[-118.0635,33.83152],[-118.06316,33.81961],[-118.0726,33.81512],[-118.0846,33.80322],[-118.08674,33.79609],[-118.09911,33.77652],[-118.09371,33.76833],[-118.09197,33.75847],[-118.11483,33.74595],[-118.10851,33.75218],[-118.12222,33.76059],[-118.13163,33.75551],[-118.17543,33.76346],[-118.19098,33.75962],[-118.19216,33.75343],[-118.18524,33.73286],[-118.20241,33.73626],[-118.20691,33.75079],[-118.2269,33.77005],[-118.24562,33.7657],[-118.25069,33.77043],[-118.26737,33.75307],[-118.27378,33.75132],[-118.27871,33.73825],[-118.27111,33.72042],[-118.28457,33.71383],[-118.28283,33.70921],[-118.29448,33.70469],[-118.29844,33.7099],[-118.35132,33.7272],[-118.36077,33.73733],[-118.38188,33.74226],[-118.39813,33.7361],[-118.41099,33.74315],[-118.42238,33.77128],[-118.42827,33.77448],[-118.41867,33.78645],[-118.40702,33.79183],[-118.40759,33.79739],[-118.39342,33.80537],[-118.39054,33.81934],[-118.39082,33.83781],[-118.42565,33.9097],[-118.45372,33.95875],[-118.4595,33.961],[-118.46235,33.97134],[-118.50331,34.01468],[-118.52621,34.03076],[-118.54595,34.03884],[-118.55428,34.03785],[-118.57008,34.04158],[-118.5845,34.03745],[-118.59479,34.03954],[-118.60986,34.03639],[-118.62329,34.03786],[-118.63618,34.03621],[-118.66498,34.03906],[-118.67807,34.03586],[-118.68274,34.0307],[-118.69665,34.03219],[-118.7066,34.02954],[-118.73552,34.03306],[-118.74462,34.03228],[-118.75613,34.02575],[-118.78198,34.02229],[-118.78987,34.01693],[-118.79422,34.00759],[-118.80873,34.00166],[-118.82425,34.01611],[-118.84118,34.02809],[-118.85413,34.03443],[-118.87686,34.03818],[-118.91547,34.04164],[-118.92531,34.04599],[-118.93708,34.04322],[-118.94485,34.04566],[-118.9408,34.07497]]],[[[-118.42087,33.42712],[-118.39611,33.416],[-118.38915,33.4177],[-118.38286,33.41036],[-118.36762,33.40664],[-118.36941,33.39106],[-118.34976,33.37134],[-118.33194,33.35868],[-118.32385,33.34298],[-118.31724,33.34356],[-118.30702,33.33008],[-118.30345,33.32055],[-118.30466,33.30898],[-118.32536,33.29913],[-118.33831,33.30304],[-118.35568,33.31446],[-118.3738,33.31992],[-118.40645,33.3211],[-118.42302,33.31712],[-118.44096,33.31858],[-118.46552,33.32613],[-118.48224,33.34461],[-118.48873,33.35662],[-118.47946,33.37585],[-118.4786,33.38643],[-118.48728,33.41794],[-118.4984,33.42151],[-118.50682,33.42798],[-118.51604,33.42566],[-118.52314,33.43077],[-118.5327,33.42898],[-118.53717,33.43468],[-118.54978,33.43593],[-118.5566,33.43299],[-118.57447,33.44062],[-118.59388,33.46717],[-118.57946,33.47556],[-118.55075,33.47305],[-118.5384,33.4763],[-118.52225,33.46175],[-118.5053,33.45336],[-118.49365,33.44114],[-118.47743,33.44841],[-118.47223,33.44201],[-118.44929,33.43265],[-118.44292,33.42809],[-118.42087,33.42712]]],[[[-118.54643,32.99151],[-118.53935,32.98036],[-118.52018,32.96392],[-118.5139,32.95278],[-118.496,32.93282],[-118.48569,32.9237],[-118.46741,32.91441],[-118.44691,32.89533],[-118.40838,32.86771],[-118.39677,32.85683],[-118.37009,32.83937],[-118.35063,32.81832],[-118.37097,32.81981],[-118.3807,32.82467],[-118.39368,32.8244],[-118.40142,32.82045],[-118.40372,32.81195],[-118.4284,32.80386],[-118.43294,32.81505],[-118.44955,32.81933],[-118.46092,32.83098],[-118.46959,32.83433],[-118.47502,32.84139],[-118.48894,32.84411],[-118.49957,32.85177],[-118.50258,32.86324],[-118.50834,32.87096],[-118.50662,32.87676],[-118.51672,32.88317],[-118.54042,32.91607],[-118.54944,32.93293],[-118.55118,32.94513],[-118.55853,32.95627],[-118.57355,32.96916],[-118.5766,32.98627],[-118.58222,32.9936],[-118.5882,33.01042],[-118.59606,33.01538],[-118.60654,33.01467],[-118.60526,33.0301],[-118.59255,33.035],[-118.58594,33.02857],[-118.57509,33.03381],[-118.56355,33.02396],[-118.56476,33.01906],[-118.55926,33.006],[-118.55015,33.00308],[-118.54643,32.99151]]],[[[-118.23705,33.72776],[-118.25113,33.72357],[-118.25822,33.72892],[-118.24097,33.73369],[-118.23705,33.72776]]],[[[-118.27475,33.74068],[-118.26999,33.7486],[-118.2578,33.75954],[-118.22539,33.76841],[-118.22478,33.7568],[-118.24433,33.75102],[-118.25406,33.74557],[-118.25125,33.73762],[-118.26951,33.72639],[-118.27475,33.74068]]]]}},{"type":"Feature","properties":{"name":"Madera"},"geometry":{"type":"Polygon","coordinates":[[[-120.38489,37.12459],[-120.36346,37.1197],[-120.3412,37.1246],[-120.32454,37.13638],[-120.30376,37.14109],[-120.28987,37.15262],[-120.2761,37.15221],[-120.23228,37.15992],[-120.22729,37.1634],[-120.19479,37.16315],[-120.18759,37.16025],[-120.17023,37.16598],[-120.16458,37.1627],[-120.15295,37.16602],[-120.14256,37.16407],[-120.13281,37.16736],[-120.1201,37.16553],[-120.10333,37.16774],[-120.09474,37.17255],[-120.06468,37.17782],[-120.0541,37.18241],[-120.01771,37.21098],[-119.76181,37.41711],[-119.65119,37.41783],[-119.65117,37.46135],[-119.61549,37.46152],[-119.61515,37.49468],[-119.58422,37.4947],[-119.58358,37.56034],[-119.30899,37.77799],[-119.29338,37.76793],[-119.28838,37.74503],[-119.26898,37.73923],[-119.26008,37.72663],[-119.24304,37.72855],[-119.23334,37.72241],[-119.23031,37.71809],[-119.21633,37.71412],[-119.19849,37.73666],[-119.17244,37.73681],[-119.16907,37.73836],[-119.14789,37.73276],[-119.12698,37.73455],[-119.10969,37.72474],[-119.09313,37.70363],[-119.07335,37.69289],[-119.06517,37.68456],[-119.05955,37.66538],[-119.0614,37.65783],[-119.04532,37.63705],[-119.03145,37.62786],[-119.03089,37.62089],[-119.03436,37.60354],[-119.02236,37.58574],[-119.28666,37.37494],[-119.31219,37.35273],[-119.31537,37.34581],[-119.31223,37.33971],[-119.32581,37.33396],[-119.31739,37.32889],[-119.31575,37.32478],[-119.31856,37.32116],[-119.32312,37.32097],[-119.33466,37.3129],[-119.33361,37.30347],[-119.32705,37.29269],[-119.33203,37.27359],[-119.3264,37.26986],[-119.32218,37.25341],[-119.32323,37.24501],[-119.33162,37.23964],[-119.334,37.22346],[-119.33057,37.20579],[-119.33939,37.19442],[-119.34783,37.18678],[-119.36056,37.18054],[-119.36042,37.17008],[-119.38885,37.14922],[-119.39979,37.14984],[-119.40865,37.16122],[-119.4258,37.1643],[-119.43306,37.16152],[-119.43487,37.14695],[-119.44272,37.14405],[-119.46263,37.14421],[-119.46865,37.12838],[-119.46625,37.1196],[-119.47084,37.11055],[-119.48409,37.11082],[-119.49321,37.1246],[-119.48988,37.13841],[-119.50673,37.15055],[-119.51702,37.14712],[-119.52396,37.12866],[-119.53879,37.13439],[-119.54789,37.14361],[-119.55941,37.14362],[-119.56378,37.13832],[-119.5634,37.12828],[-119.56826,37.11965],[-119.56794,37.11618],[-119.5466,37.11537],[-119.53759,37.10507],[-119.54156,37.09595],[-119.559,37.08806],[-119.56298,37.0641],[-119.58943,37.06664],[-119.60491,37.07102],[-119.60967,37.06469],[-119.61337,37.05078],[-119.61036,37.04567],[-119.62112,37.02661],[-119.63618,37.0237],[-119.62903,37.03462],[-119.63935,37.04329],[-119.6516,37.04296],[-119.65938,37.03894],[-119.65711,37.0189],[-119.65861,37.01333],[-119.67092,37.00926],[-119.69078,37.01199],[-119.69807,37.00875],[-119.71382,36.9909],[-119.7313,36.97974],[-119.7405,36.97021],[-119.74325,36.95463],[-119.73377,36.94644],[-119.74212,36.94354],[-119.75276,36.93372],[-119.7527,36.92443],[-119.75873,36.92024],[-119.77274,36.9186],[-119.77566,36.90913],[-119.78965,36.89535],[-119.78529,36.88575],[-119.78819,36.87661],[-119.7976,36.87437],[-119.80964,36.86257],[-119.81363,36.85148],[-119.8155,36.85052],[-119.82342,36.84833],[-119.83729,36.85411],[-119.84365,36.86066],[-119.84554,36.8605],[-119.85499,36.85118],[-119.86141,36.85546],[-119.86888,36.85035],[-119.88489,36.85855],[-119.8903,36.85153],[-119.90482,36.85118],[-119.91952,36.84507],[-119.92778,36.84846],[-119.93455,36.83802],[-119.94351,36.83403],[-119.96187,36.83569],[-119.96888,36.83226],[-119.97972,36.83973],[-119.98993,36.83823],[-119.99074,36.83062],[-119.99805,36.82749],[-120.01333,36.82823],[-120.02017,36.82495],[-120.02777,36.8145],[-120.04229,36.8155],[-120.0574,36.82297],[-120.07073,36.81862],[-120.07704,36.8249],[-120.09164,36.82119],[-120.09774,36.81551],[-120.111,36.81277],[-120.11456,36.81404],[-120.12976,36.8115],[-120.15534,36.79882],[-120.16848,36.80344],[-120.18197,36.78807],[-120.18883,36.77641],[-120.20181,36.78295],[-120.20222,36.79001],[-120.21797,36.78857],[-120.22204,36.78306],[-120.2335,36.77867],[-120.22918,36.76969],[-120.2548,36.77004],[-120.2855,36.7735],[-120.28971,36.76961],[-120.29999,36.7773],[-120.33419,36.79099],[-120.34299,36.79093],[-120.34652,36.78456],[-120.35809,36.78719],[-120.37026,36.78494],[-120.36982,36.79597],[-120.37413,36.80027],[-120.3791,36.81717],[-120.38903,36.82444],[-120.40071,36.82241],[-120.40925,36.83638],[-120.42627,36.8399],[-120.43853,36.85449],[-120.45625,36.86286],[-120.45654,36.88384],[-120.46669,36.88974],[-120.46092,36.90267],[-120.45034,36.91117],[-120.46221,36.91717],[-120.45734,36.9241],[-120.46801,36.93747],[-120.47562,36.93999],[-120.48074,36.95924],[-120.48895,36.96569],[-120.48379,36.97099],[-120.49952,36.98197],[-120.50118,36.99674],[-120.50854,37.00077],[-120.51379,37.01096],[-120.52847,37.01248],[-120.53071,37.02018],[-120.54554,37.02758],[-120.54124,37.03103],[-120.53712,37.03984],[-120.5417,37.04451],[-120.47669,37.09639],[-120.42779,37.10625],[-120.4065,37.11226],[-120.39994,37.11806],[-120.38489,37.12459]]]}},{"type":"Feature","properties":{"name":"Marin"},"geometry":{"type":"MultiPolygon","coordinates":[[[[-122.4188,37.85356],[-122.43472,37.85359],[-122.44432,37.86024],[-122.43028,37.87218],[-122.42034,37.86319],[-122.4188,37.85356]]],[[[-122.4792,37.83087],[-122.47916,37.82558],[-122.49174,37.82552],[-122.49479,37.82272],[-122.49898,37.82233],[-122.49945,37.81992],[-122.50147,37.82171],[-122.50419,37.82102],[-122.50519,37.82289],[-122.51211,37.82439],[-122.52378,37.82422],[-122.52618,37.82114],[-122.54881,37.83601],[-122.56336,37.85242],[-122.58876,37.86147],[-122.59878,37.8729],[-122.61788,37.87698],[-122.64241,37.89714],[-122.65569,37.90323],[-122.67689,37.92501],[-122.69719,37.93442],[-122.6824,37.90622],[-122.69754,37.8988],[-122.70169,37.89386],[-122.72726,37.90386],[-122.73667,37.92553],[-122.75466,37.93536],[-122.76617,37.93778],[-122.77113,37.94392],[-122.78207,37.94763],[-122.79221,37.97021],[-122.79813,37.97744],[-122.81213,37.985],[-122.82115,37.99633],[-122.85654,38.01672],[-122.88331,38.02556],[-122.90604,38.02952],[-122.91329,38.03414],[-122.93151,38.03529],[-122.93753,38.04606],[-122.92685,38.0639],[-122.94427,38.06183],[-122.95066,38.05805],[-122.94925,38.04609],[-122.93972,38.03166],[-122.96078,38.02741],[-122.97859,38.01372],[-122.9906,37.99456],[-123.01779,37.99402],[-122.99623,38.03314],[-122.9606,38.11308],[-122.9504,38.14516],[-122.94955,38.16416],[-122.95573,38.17795],[-122.9666,38.18317],[-122.96653,38.19924],[-122.98064,38.21411],[-122.98168,38.22303],[-122.99186,38.23261],[-122.9874,38.23796],[-122.96153,38.21256],[-122.95156,38.20613],[-122.94304,38.19419],[-122.93007,38.18414],[-122.92085,38.16888],[-122.90906,38.1593],[-122.90392,38.14568],[-122.89642,38.14068],[-122.88251,38.12337],[-122.87164,38.1163],[-122.8394,38.08713],[-122.82534,38.09077],[-122.85088,38.11345],[-122.86472,38.11924],[-122.86293,38.12732],[-122.87183,38.13903],[-122.88206,38.14474],[-122.90104,38.16543],[-122.90352,38.17333],[-122.91769,38.19055],[-122.92165,38.20106],[-122.93163,38.21233],[-122.94554,38.22031],[-122.95403,38.21922],[-122.95253,38.23023],[-122.97061,38.23191],[-122.96748,38.25058],[-122.97838,38.27052],[-122.98654,38.27307],[-123.00275,38.29571],[-122.99358,38.30008],[-122.99513,38.30571],[-122.98161,38.31114],[-122.96905,38.3108],[-122.96517,38.31712],[-122.94934,38.31188],[-122.93538,38.30961],[-122.91689,38.3134],[-122.91648,38.31993],[-122.91107,38.32123],[-122.9069,38.32023],[-122.90794,38.3183],[-122.90173,38.31694],[-122.7399,38.20702],[-122.72299,38.20713],[-122.70139,38.1961],[-122.68645,38.19424],[-122.68056,38.18963],[-122.66716,38.1897],[-122.64924,38.18113],[-122.62818,38.17889],[-122.62569,38.18234],[-122.60334,38.18098],[-122.5926,38.18878],[-122.5782,38.18358],[-122.56788,38.1838],[-122.56509,38.18222],[-122.56646,38.17913],[-122.55924,38.16862],[-122.55792,38.16016],[-122.54371,38.15807],[-122.52396,38.14351],[-122.51314,38.13224],[-122.50686,38.11666],[-122.50055,38.11178],[-122.4936,38.1106],[-122.48837,38.1052],[-122.49504,38.09268],[-122.48887,38.09099],[-122.48429,38.07209],[-122.49826,38.04826],[-122.49847,38.04158],[-122.50668,38.02826],[-122.50926,38.01558],[-122.48841,38.01432],[-122.48263,38.00905],[-122.46595,38.00442],[-122.44702,37.98561],[-122.45598,37.98008],[-122.46545,37.98468],[-122.47269,37.98236],[-122.47654,37.97419],[-122.4952,37.97003],[-122.48991,37.96449],[-122.48711,37.94803],[-122.47979,37.94377],[-122.48906,37.937],[-122.50445,37.94347],[-122.50568,37.93694],[-122.50048,37.92539],[-122.47462,37.91524],[-122.47226,37.90327],[-122.45761,37.89406],[-122.44939,37.89405],[-122.43798,37.88154],[-122.45103,37.87203],[-122.47079,37.87064],[-122.47358,37.88513],[-122.48864,37.89533],[-122.49832,37.89364],[-122.49878,37.87757],[-122.51234,37.88878],[-122.51238,37.87784],[-122.50046,37.87152],[-122.4929,37.86326],[-122.47842,37.85556],[-122.47975,37.84743],[-122.47271,37.83203],[-122.4792,37.83087]]]]}},{"type":"Feature","properties":{"name":"Mariposa"},"geometry":{"type":"Polygon","coordinates":[[[-120.38767,37.63336],[-120.37514,37.65221],[-120.39377,37.66764],[-120.39353,37.67969],[-120.38664,37.68484],[-120.36631,37.68079],[-120.34799,37.67123],[-120.34326,37.66313],[-120.32594,37.64897],[-120.31574,37.65307],[-120.30984,37.65598],[-120.30631,37.66542],[-120.31945,37.68643],[-120.33809,37.70911],[-120.34521,37.72566],[-120.33233,37.72959],[-120.32084,37.72616],[-120.31547,37.73376],[-120.30311,37.73457],[-120.28618,37.72978],[-120.28664,37.74027],[-120.26072,37.73356],[-120.26174,37.74074],[-120.25333,37.75074],[-120.23969,37.75349],[-120.23955,37.7637],[-120.22489,37.76219],[-120.20107,37.76316],[-120.18908,37.76785],[-120.18353,37.77495],[-120.18869,37.78022],[-120.17575,37.79829],[-120.161,37.78719],[-120.15383,37.78836],[-120.14212,37.78304],[-120.12723,37.78157],[-120.11579,37.79316],[-120.10074,37.80067],[-120.09875,37.80773],[-120.08888,37.81248],[-120.09046,37.82209],[-120.07951,37.82881],[-120.05751,37.82388],[-120.05532,37.81299],[-120.04635,37.8133],[-120.03537,37.80811],[-120.02697,37.81195],[-119.99842,37.79623],[-119.96491,37.78283],[-119.95501,37.77323],[-119.93841,37.76303],[-119.91521,37.76263],[-119.90701,37.75793],[-119.89251,37.76223],[-119.88491,37.76073],[-119.86451,37.77223],[-119.85201,37.75773],[-119.84061,37.76503],[-119.82791,37.76823],[-119.82071,37.75983],[-119.80781,37.75503],[-119.8055,37.75962],[-119.78611,37.76583],[-119.78111,37.76343],[-119.75101,37.77332],[-119.74601,37.78292],[-119.73391,37.78792],[-119.72271,37.78762],[-119.7098,37.79352],[-119.6979,37.78962],[-119.6914,37.79952],[-119.6672,37.80122],[-119.6539,37.81042],[-119.6509,37.82082],[-119.6577,37.83412],[-119.6462,37.84682],[-119.6286,37.84722],[-119.61911,37.8532],[-119.59936,37.85991],[-119.58635,37.8723],[-119.5864,37.89012],[-119.5659,37.90172],[-119.534,37.90292],[-119.5336,37.89712],[-119.5238,37.88672],[-119.5153,37.88442],[-119.5047,37.86962],[-119.4923,37.86312],[-119.47689,37.85962],[-119.46279,37.86842],[-119.45149,37.87102],[-119.43419,37.86512],[-119.42489,37.86552],[-119.42199,37.85772],[-119.40729,37.85492],[-119.40469,37.83722],[-119.38372,37.83647],[-119.35229,37.82633],[-119.35499,37.81183],[-119.33939,37.80553],[-119.32178,37.79403],[-119.31228,37.79413],[-119.30899,37.77799],[-119.58358,37.56034],[-119.58422,37.4947],[-119.61515,37.49468],[-119.61549,37.46152],[-119.65117,37.46135],[-119.65119,37.41783],[-119.76181,37.41711],[-120.05205,37.18311],[-120.05629,37.18662],[-120.06221,37.19798],[-120.09319,37.22262],[-120.1056,37.22503],[-120.14383,37.23919],[-120.17849,37.26242],[-120.18664,37.28028],[-120.18272,37.2914],[-120.18771,37.30107],[-120.20353,37.31332],[-120.2165,37.33734],[-120.24277,37.37254],[-120.26601,37.40061],[-120.27582,37.41884],[-120.2834,37.42436],[-120.28443,37.43169],[-120.27496,37.44363],[-120.27958,37.45795],[-120.3014,37.48953],[-120.31505,37.50337],[-120.31815,37.51849],[-120.38767,37.63336]]]}},{"type":"Feature","properties":{"name":"Mendocino"},"geometry":{"type":"Polygon","coordinates":[[[-123.06301,39.45248],[-123.07311,39.45268],[-123.07491,39.43658],[-123.07511,39.40768],[-123.05631,39.40758],[-123.05711,39.37868],[-123.04751,39.37858],[-123.04861,39.36408],[-123.03791,39.36389],[-123.03771,39.33619],[-123.02871,39.33659],[-123.02871,39.32179],[-123.01971,39.32179],[-123.01961,39.27799],[-123.00451,39.27819],[-123.00361,39.25739],[-122.99448,39.25676],[-122.99484,39.23592],[-123.01271,39.23619],[-123.01251,39.22099],[-123.02081,39.22069],[-123.02431,39.20709],[-123.04581,39.17349],[-123.07781,39.17379],[-123.07811,39.13874],[-123.08751,39.13839],[-123.08759,39.11008],[-123.08501,39.09529],[-123.09421,39.09529],[-123.09301,39.07199],[-123.08381,39.06449],[-123.06511,39.06439],[-123.06521,39.05],[-123.05611,39.0499],[-123.05621,39.0211],[-123.04681,39.0138],[-123.03751,39.0137],[-123.02801,39.0065],[-123.02803,38.99659],[-122.98664,38.99728],[-122.98668,38.98301],[-122.97743,38.9829],[-122.97771,38.94669],[-122.96829,38.94651],[-122.96992,38.93266],[-122.96189,38.92551],[-122.94907,38.92544],[-122.94886,38.90022],[-122.91139,38.90153],[-122.91135,38.89517],[-122.89389,38.89552],[-122.89463,38.88083],[-122.8757,38.88084],[-122.87649,38.87313],[-122.85776,38.87326],[-122.85849,38.86585],[-122.83999,38.86602],[-122.8401,38.85799],[-122.82139,38.85792],[-122.82159,38.85014],[-123.081,38.85244],[-123.08123,38.83841],[-123.13664,38.83945],[-123.13625,38.80914],[-123.36839,38.80664],[-123.36824,38.77707],[-123.44385,38.77679],[-123.49704,38.7786],[-123.5108,38.76735],[-123.51592,38.76814],[-123.51815,38.76356],[-123.52851,38.76441],[-123.54157,38.77661],[-123.56248,38.78592],[-123.56439,38.7924],[-123.58041,38.80279],[-123.59039,38.80291],[-123.59715,38.80862],[-123.6017,38.81919],[-123.60963,38.82564],[-123.62566,38.83148],[-123.65113,38.85275],[-123.65993,38.87266],[-123.68156,38.88328],[-123.68708,38.89276],[-123.70174,38.90097],[-123.7105,38.91481],[-123.72773,38.91857],[-123.73002,38.92896],[-123.72613,38.93562],[-123.7386,38.95272],[-123.72142,38.96339],[-123.71109,38.97727],[-123.69656,39.00509],[-123.68936,39.03215],[-123.69316,39.05814],[-123.7022,39.07247],[-123.71507,39.11214],[-123.71965,39.1337],[-123.7379,39.14431],[-123.73445,39.15839],[-123.74518,39.16762],[-123.76147,39.1919],[-123.77179,39.19525],[-123.77007,39.20272],[-123.77698,39.21377],[-123.77769,39.2417],[-123.79079,39.27261],[-123.80375,39.27931],[-123.80316,39.29051],[-123.79489,39.29159],[-123.7963,39.30336],[-123.80989,39.30367],[-123.81062,39.30971],[-123.80135,39.31355],[-123.8046,39.32673],[-123.81285,39.32923],[-123.8192,39.34188],[-123.82755,39.34851],[-123.81871,39.36035],[-123.82446,39.369],[-123.81731,39.3877],[-123.82153,39.40495],[-123.81316,39.41819],[-123.8188,39.42429],[-123.81479,39.44447],[-123.80896,39.45882],[-123.80226,39.48336],[-123.78396,39.50986],[-123.77302,39.53411],[-123.76781,39.55164],[-123.76783,39.5653],[-123.77706,39.57505],[-123.77765,39.58266],[-123.78493,39.59081],[-123.78885,39.60338],[-123.78351,39.6097],[-123.78241,39.62183],[-123.78682,39.63926],[-123.7863,39.66031],[-123.79148,39.66997],[-123.7946,39.68941],[-123.80377,39.69994],[-123.80894,39.71116],[-123.82462,39.71806],[-123.83156,39.73053],[-123.82823,39.73397],[-123.83846,39.76352],[-123.83705,39.77653],[-123.83976,39.79599],[-123.84318,39.8021],[-123.85183,39.83274],[-123.88534,39.84775],[-123.90754,39.86297],[-123.92945,39.90899],[-123.95499,39.92241],[-123.96112,39.9354],[-123.97482,39.95259],[-123.9802,39.96283],[-123.99562,39.9727],[-124.00659,39.9859],[-124.02306,40.00128],[-123.54446,40.00192],[-123.54456,39.97702],[-122.93401,39.97813],[-122.93521,39.97716],[-122.92728,39.97164],[-122.92493,39.9594],[-122.92682,39.94507],[-122.91316,39.93581],[-122.92062,39.92893],[-122.92019,39.91728],[-122.95008,39.90772],[-122.94773,39.8943],[-122.95064,39.86924],[-122.96015,39.84516],[-122.94642,39.83285],[-122.94748,39.82765],[-122.9436,39.80165],[-122.93765,39.79816],[-122.93841,39.74811],[-122.91252,39.74817],[-122.91288,39.70872],[-122.89268,39.7089],[-122.89041,39.62292],[-122.8845,39.61076],[-122.88579,39.56514],[-122.89031,39.52901],[-122.9367,39.53071],[-122.9367,39.5164],[-123.02524,39.51871],[-123.02495,39.51118],[-123.04445,39.5112],[-123.04439,39.50359],[-123.06318,39.50354],[-123.06301,39.45248]]]}},{"type":"Feature","properties":{"name":"Merced"},"geometry":{"type":"Polygon","coordinates":[[[-120.96422,37.34578],[-120.97598,37.34932],[-120.98119,37.3642],[-120.97726,37.37412],[-120.98324,37.37644],[-120.98224,37.38564],[-120.99364,37.38804],[-120.98439,37.39937],[-120.88643,37.44018],[-120.84105,37.45644],[-120.38767,37.63336],[-120.32251,37.52669],[-120.31815,37.51849],[-120.31505,37.50337],[-120.3014,37.48953],[-120.27958,37.45795],[-120.27496,37.44363],[-120.28443,37.43169],[-120.2834,37.42436],[-120.27582,37.41884],[-120.26601,37.40061],[-120.24277,37.37254],[-120.2165,37.33734],[-120.20353,37.31332],[-120.18771,37.30107],[-120.18272,37.2914],[-120.18664,37.28028],[-120.17849,37.26242],[-120.14383,37.23919],[-120.1056,37.22503],[-120.09319,37.22262],[-120.06221,37.19798],[-120.0541,37.18241],[-120.06468,37.17782],[-120.09474,37.17255],[-120.10333,37.16774],[-120.1201,37.16553],[-120.13281,37.16736],[-120.14256,37.16407],[-120.15295,37.16602],[-120.16458,37.1627],[-120.17023,37.16598],[-120.18759,37.16025],[-120.19479,37.16315],[-120.22729,37.1634],[-120.23228,37.15992],[-120.2761,37.15221],[-120.28987,37.15262],[-120.30376,37.14109],[-120.32454,37.13638],[-120.3412,37.1246],[-120.36346,37.1197],[-120.38489,37.12459],[-120.40284,37.11671],[-120.4065,37.11226],[-120.42779,37.10625],[-120.47669,37.09639],[-120.59541,37.0015],[-120.5912,36.99283],[-120.59057,36.95264],[-120.65595,36.95283],[-120.91873,36.74038],[-120.93368,36.75189],[-121.14152,36.83666],[-121.14256,36.84468],[-121.15174,36.85863],[-121.15281,36.8656],[-121.16359,36.86925],[-121.16977,36.88538],[-121.1843,36.89639],[-121.18308,36.90306],[-121.1888,36.91324],[-121.20836,36.91153],[-121.21706,36.91351],[-121.23468,36.92689],[-121.2292,36.94103],[-121.21851,36.94789],[-121.21173,36.95738],[-121.21454,36.96125],[-121.23213,36.96889],[-121.24589,36.98304],[-121.24514,36.99292],[-121.23314,36.99935],[-121.23334,37.01175],[-121.24599,37.02558],[-121.24454,37.032],[-121.22451,37.03974],[-121.22581,37.05207],[-121.20823,37.06201],[-121.20964,37.06824],[-121.22292,37.07381],[-121.22464,37.07894],[-121.24302,37.09271],[-121.23044,37.09694],[-121.23058,37.10451],[-121.21734,37.12304],[-121.22314,37.12857],[-121.22272,37.13043],[-121.2268,37.13477],[-120.96422,37.34578]]]}},{"type":"Feature","properties":{"name":"Modoc"},"geometry":{"type":"Polygon","coordinates":[[[-121.44649,41.18348],[-121.4466,41.42898],[-121.4487,41.42938],[-121.44898,41.77639],[-121.45692,41.7763],[-121.45721,41.94995],[-121.44765,41.95032],[-121.44754,41.99751],[-121.12613,41.99601],[-121.00084,41.99324],[-119.99917,41.99454],[-119.99829,41.61882],[-119.99987,41.18397],[-121.44649,41.18348]]]}},{"type":"Feature","properties":{"name":"Tulare"},"geometry":{"type":"Polygon","coordinates":[[[-119.52879,36.40147],[-119.52829,36.48754],[-119.57319,36.48884],[-119.46632,36.57524],[-119.3051,36.57373],[-119.30462,36.66061],[-119.25095,36.66121],[-119.17834,36.65887],[-118.98478,36.65715],[-118.98244,36.74165],[-118.55503,36.73914],[-118.55549,36.74475],[-118.36059,36.74477],[-118.35133,36.74103],[-118.33963,36.72903],[-118.33473,36.70533],[-118.34673,36.69653],[-118.35883,36.69563],[-118.36423,36.68794],[-118.35333,36.68393],[-118.34773,36.67323],[-118.33343,36.67143],[-118.32933,36.66673],[-118.33793,36.65483],[-118.32523,36.64713],[-118.32033,36.63723],[-118.32083,36.62703],[-118.31103,36.62493],[-118.30192,36.61813],[-118.29702,36.60733],[-118.28272,36.60443],[-118.27462,36.59733],[-118.27802,36.59233],[-118.28902,36.59073],[-118.28802,36.58373],[-118.29412,36.57634],[-118.29052,36.55854],[-118.27492,36.55054],[-118.26532,36.55154],[-118.25202,36.54214],[-118.25092,36.52884],[-118.24672,36.52143],[-118.23912,36.52134],[-118.23892,36.51344],[-118.24142,36.50003],[-118.23502,36.49374],[-118.24842,36.48704],[-118.24992,36.48244],[-118.23702,36.47704],[-118.23262,36.46634],[-118.21592,36.45674],[-118.21042,36.43894],[-118.21212,36.43704],[-118.19362,36.42654],[-118.17492,36.42654],[-118.15682,36.43264],[-118.15422,36.42714],[-118.13792,36.41804],[-118.14032,36.40354],[-118.16002,36.39384],[-118.15312,36.37954],[-118.14102,36.37164],[-118.13112,36.37074],[-118.12082,36.35024],[-118.10032,36.34614],[-118.10012,36.32882],[-118.11416,36.31926],[-118.11042,36.30984],[-118.12592,36.29867],[-118.1276,36.28035],[-118.11738,36.27117],[-118.11937,36.25556],[-118.11222,36.24004],[-118.10522,36.23364],[-118.10922,36.22554],[-118.10192,36.20884],[-118.07371,36.18944],[-118.07001,36.17864],[-118.06161,36.17394],[-118.06041,36.14974],[-118.07151,36.14334],[-118.07161,36.12924],[-118.06461,36.11044],[-118.06691,36.09244],[-118.05871,36.09184],[-118.04981,36.07674],[-118.05171,36.05954],[-118.04271,36.04854],[-118.04561,36.04074],[-118.03951,36.03424],[-118.03361,36.00894],[-118.01208,35.99831],[-118.00358,35.98372],[-118.00961,35.97818],[-118.01824,35.96098],[-118.00688,35.94648],[-117.99194,35.94377],[-117.98329,35.92656],[-117.99005,35.91592],[-117.98707,35.89925],[-117.98247,35.8958],[-117.9888,35.87977],[-117.98104,35.86691],[-117.99826,35.86878],[-118.00549,35.8627],[-118.00446,35.83609],[-118.00619,35.82904],[-117.9986,35.82342],[-118.00773,35.816],[-118.01048,35.80439],[-118.00804,35.78916],[-118.06772,35.79154],[-118.27,35.79001],[-118.46942,35.79263],[-118.504,35.78983],[-119.12525,35.7908],[-119.53812,35.78957],[-119.53738,35.96335],[-119.53617,35.96342],[-119.53638,36.13789],[-119.52914,36.13791],[-119.52936,36.26985],[-119.47461,36.26903],[-119.47489,36.40095],[-119.52879,36.40147]]]}},{"type":"Feature","properties":{"name":"Imperial"},"geometry":{"type":"Polygon","coordinates":[[[-115.46751,33.42699],[-115.4675,33.4284],[-115.0632,33.4281],[-114.83083,33.43009],[-114.83087,33.43371],[-114.62712,33.43355],[-114.62964,33.42814],[-114.6433,33.41675],[-114.65825,33.41302],[-114.67369,33.41916],[-114.69566,33.41513],[-114.70179,33.40838],[-114.72006,33.40789],[-114.72425,33.40042],[-114.70731,33.38254],[-114.70735,33.37663],[-114.69906,33.36115],[-114.69803,33.35244],[-114.70094,33.33701],[-114.7098,33.32114],[-114.72362,33.31211],[-114.73122,33.30243],[-114.72326,33.28808],[-114.69445,33.27978],[-114.67703,33.27017],[-114.67449,33.2556],[-114.68942,33.24525],[-114.67448,33.2255],[-114.67371,33.21925],[-114.67875,33.20345],[-114.67519,33.18818],[-114.68089,33.16907],[-114.67935,33.16243],[-114.6874,33.14198],[-114.69691,33.13112],[-114.7079,33.09743],[-114.70649,33.08816],[-114.68902,33.08404],[-114.68699,33.07097],[-114.67429,33.05717],[-114.67511,33.04864],[-114.6708,33.03798],[-114.65783,33.03382],[-114.651,33.04413],[-114.63955,33.04529],[-114.62973,33.03255],[-114.61879,33.0272],[-114.59809,33.02538],[-114.58476,33.02823],[-114.57829,33.03538],[-114.53108,33.03239],[-114.52013,33.02998],[-114.50796,33.01971],[-114.4998,33.00391],[-114.49571,32.98008],[-114.49013,32.96988],[-114.47731,32.97502],[-114.4686,32.97165],[-114.46762,32.95666],[-114.48074,32.93703],[-114.47795,32.92571],[-114.46445,32.91313],[-114.46293,32.90794],[-114.46897,32.84516],[-114.49412,32.82329],[-114.51033,32.81649],[-114.53167,32.79119],[-114.53183,32.77426],[-114.52686,32.75709],[-114.53909,32.75695],[-114.53922,32.74981],[-114.56445,32.74955],[-114.56451,32.74227],[-114.58174,32.74232],[-114.58178,32.73495],[-114.61511,32.73452],[-114.61567,32.72845],[-114.68928,32.73793],[-114.70222,32.74541],[-114.71579,32.72776],[-114.72029,32.7187],[-115.50211,32.66446],[-116.10618,32.61859],[-116.10565,32.72649],[-116.10315,32.7265],[-116.10325,33.07467],[-116.08109,33.07483],[-116.08122,33.19106],[-116.08515,33.33922],[-116.08516,33.42593],[-115.46751,33.42699]]]}},{"type":"Feature","properties":{"name":"Santa Cruz"},"geometry":{"type":"Polygon","coordinates":[[[-121.97274,37.14173],[-121.95374,37.12901],[-121.92426,37.12128],[-121.91068,37.1133],[-121.88481,37.10783],[-121.86188,37.09935],[-121.84909,37.099],[-121.84337,37.09453],[-121.81824,37.08374],[-121.80912,37.06932],[-121.78604,37.06199],[-121.78155,37.05699],[-121.75406,37.04606],[-121.73976,37.02768],[-121.72782,37.02275],[-121.73619,37.01534],[-121.71876,37.00756],[-121.72962,36.99787],[-121.71788,36.99556],[-121.70524,36.98624],[-121.69536,36.98515],[-121.69843,36.97498],[-121.6933,36.96823],[-121.67826,36.96785],[-121.66426,36.96315],[-121.66326,36.95185],[-121.65404,36.95058],[-121.65306,36.94175],[-121.64579,36.93233],[-121.63705,36.93905],[-121.62475,36.94045],[-121.60715,36.92605],[-121.59035,36.92615],[-121.58115,36.91925],[-121.58135,36.89915],[-121.59474,36.90108],[-121.60735,36.89945],[-121.61976,36.90891],[-121.62949,36.91168],[-121.64469,36.89388],[-121.64656,36.90283],[-121.65151,36.90061],[-121.65309,36.90502],[-121.65216,36.90805],[-121.65546,36.91297],[-121.66347,36.91347],[-121.68062,36.90328],[-121.69744,36.91161],[-121.71,36.9153],[-121.72182,36.91303],[-121.72709,36.9139],[-121.7367,36.90844],[-121.74529,36.90934],[-121.7525,36.9039],[-121.76665,36.88734],[-121.77061,36.88479],[-121.77746,36.88321],[-121.78701,36.88497],[-121.80335,36.86674],[-121.80049,36.85883],[-121.80176,36.8565],[-121.80942,36.85143],[-121.86032,36.929],[-121.87232,36.94326],[-121.89414,36.96168],[-121.90687,36.96901],[-121.9289,36.97735],[-121.93876,36.97836],[-121.95409,36.9709],[-121.96308,36.96105],[-121.9763,36.9545],[-121.9874,36.96015],[-122.01439,36.96346],[-122.02304,36.96198],[-122.02607,36.95106],[-122.06594,36.94808],[-122.08746,36.95386],[-122.10604,36.95612],[-122.12391,36.96622],[-122.13559,36.96974],[-122.1551,36.98146],[-122.17075,36.99325],[-122.1835,36.99849],[-122.18511,37.00358],[-122.20611,37.01422],[-122.21639,37.02463],[-122.22285,37.02502],[-122.23125,37.0413],[-122.24733,37.05674],[-122.27478,37.08811],[-122.27759,37.09448],[-122.29296,37.10734],[-122.28938,37.11347],[-122.31178,37.14755],[-122.31768,37.18695],[-122.28858,37.18675],[-122.26888,37.18984],[-122.24266,37.19004],[-122.24257,37.21513],[-122.15277,37.21544],[-122.15228,37.28605],[-122.14836,37.27545],[-122.12839,37.25922],[-122.12393,37.25972],[-122.10557,37.24074],[-122.10423,37.23427],[-122.09337,37.22924],[-122.08981,37.22327],[-122.07877,37.2232],[-122.06617,37.21044],[-122.05506,37.21268],[-122.03263,37.18614],[-122.02594,37.17232],[-122.01067,37.1614],[-122.00023,37.15883],[-121.99109,37.14427],[-121.98479,37.14192],[-121.97274,37.14173]]]}},{"type":"Feature","properties":{"name":"Shasta"},"geometry":{"type":"Polygon","coordinates":[[[-121.33179,41.18389],[-121.33097,40.93457],[-121.33234,40.90539],[-121.31997,40.90589],[-121.32119,40.8887],[-121.32298,40.49759],[-121.32668,40.49757],[-121.32783,40.44537],[-121.33757,40.44548],[-121.34653,40.44971],[-121.36611,40.44593],[-121.56513,40.4458],[-121.57708,40.44245],[-121.58862,40.43166],[-121.60044,40.43176],[-121.60893,40.43838],[-121.63955,40.43686],[-121.64633,40.43473],[-121.65539,40.44171],[-121.68579,40.45313],[-121.69828,40.4483],[-121.70892,40.45084],[-121.72188,40.44524],[-121.73458,40.43563],[-121.77881,40.43827],[-121.78772,40.44367],[-121.8067,40.44498],[-121.83079,40.43766],[-121.85135,40.4426],[-121.87703,40.43691],[-121.89735,40.42479],[-121.90036,40.42126],[-121.90395,40.42259],[-121.92165,40.42312],[-121.92702,40.41842],[-121.94099,40.41533],[-121.96703,40.4221],[-122.00994,40.42677],[-122.03978,40.41843],[-122.05252,40.42024],[-122.05737,40.4165],[-122.08015,40.41228],[-122.10468,40.41015],[-122.11291,40.40507],[-122.12977,40.40304],[-122.12939,40.39876],[-122.15946,40.39695],[-122.16685,40.39377],[-122.19429,40.39104],[-122.19917,40.37794],[-122.2262,40.38908],[-122.232,40.38613],[-122.25182,40.38722],[-122.25595,40.37992],[-122.28085,40.37579],[-122.29413,40.38048],[-122.31041,40.37106],[-122.32103,40.37488],[-122.33695,40.37417],[-122.34401,40.37086],[-122.36492,40.37417],[-122.38874,40.37428],[-122.39494,40.37206],[-122.41259,40.37454],[-122.42234,40.37924],[-122.43251,40.3745],[-122.44502,40.3734],[-122.45122,40.37789],[-122.46309,40.37574],[-122.47049,40.38393],[-122.49906,40.3823],[-122.50503,40.38941],[-122.51383,40.38839],[-122.51999,40.39368],[-122.53526,40.37995],[-122.55065,40.37487],[-122.5653,40.36559],[-122.57858,40.368],[-122.58585,40.35928],[-122.5953,40.35799],[-122.61016,40.34641],[-122.63444,40.3338],[-122.64592,40.33318],[-122.65134,40.32829],[-122.68934,40.33787],[-122.70964,40.34816],[-122.73238,40.34763],[-122.73022,40.35829],[-122.74036,40.365],[-122.74878,40.36568],[-122.78116,40.35864],[-122.78806,40.35526],[-122.8059,40.35586],[-122.81346,40.35112],[-122.83637,40.34843],[-122.8538,40.34285],[-122.87165,40.34875],[-122.87848,40.34459],[-122.92009,40.30661],[-122.94268,40.31208],[-122.94981,40.30803],[-122.9683,40.31089],[-122.97687,40.31515],[-123.0134,40.30345],[-123.02523,40.30366],[-123.04084,40.2913],[-123.05667,40.28538],[-123.06543,40.28697],[-123.06593,40.301],[-123.06838,40.30348],[-123.06218,40.31256],[-123.06879,40.33223],[-123.05992,40.34813],[-123.04397,40.34701],[-123.04393,40.35442],[-123.03715,40.36444],[-123.03114,40.36361],[-123.01954,40.37169],[-123.01814,40.38331],[-122.99688,40.39592],[-122.99868,40.41814],[-122.97492,40.41961],[-122.96072,40.42585],[-122.95559,40.42119],[-122.93694,40.43099],[-122.93127,40.44556],[-122.91771,40.44977],[-122.90286,40.44507],[-122.89694,40.45006],[-122.88913,40.46883],[-122.87146,40.48163],[-122.85661,40.48265],[-122.84697,40.49078],[-122.85208,40.50095],[-122.84595,40.50518],[-122.82878,40.507],[-122.81951,40.51096],[-122.80467,40.51048],[-122.79325,40.51452],[-122.79362,40.52343],[-122.78222,40.53187],[-122.78519,40.54092],[-122.7679,40.55335],[-122.75925,40.55654],[-122.74392,40.5538],[-122.74131,40.56412],[-122.72308,40.5752],[-122.71439,40.57095],[-122.69879,40.56929],[-122.6931,40.58075],[-122.6998,40.58543],[-122.70603,40.60982],[-122.71063,40.61255],[-122.70965,40.6312],[-122.71623,40.6343],[-122.73634,40.63667],[-122.72714,40.64949],[-122.73359,40.66243],[-122.74221,40.66949],[-122.74258,40.67881],[-122.75227,40.68964],[-122.74169,40.6953],[-122.72997,40.69218],[-122.72236,40.69547],[-122.71846,40.70832],[-122.71242,40.71001],[-122.70657,40.72533],[-122.71991,40.7402],[-122.71741,40.74718],[-122.70581,40.74987],[-122.69981,40.75926],[-122.69282,40.76073],[-122.67053,40.77277],[-122.65809,40.7875],[-122.66166,40.79431],[-122.65619,40.81046],[-122.66606,40.82588],[-122.6554,40.84155],[-122.63971,40.84504],[-122.63438,40.86129],[-122.62643,40.86709],[-122.62624,40.87696],[-122.61527,40.88107],[-122.60546,40.89064],[-122.60117,40.90123],[-122.61275,40.92125],[-122.60319,40.94062],[-122.60736,40.95775],[-122.60096,40.96447],[-122.59853,40.97585],[-122.58175,40.98296],[-122.56918,40.98499],[-122.55449,41.00362],[-122.53885,41.00211],[-122.52775,41.0144],[-122.52813,41.04062],[-122.52236,41.05229],[-122.52579,41.06304],[-122.53683,41.06417],[-122.53977,41.07261],[-122.52883,41.07675],[-122.51335,41.08823],[-122.4933,41.08599],[-122.46814,41.09684],[-122.45714,41.09661],[-122.44857,41.11824],[-122.44811,41.13591],[-122.45061,41.14694],[-122.44622,41.15596],[-122.45402,41.16629],[-122.46829,41.16923],[-122.4744,41.17561],[-122.49095,41.17557],[-122.49838,41.18268],[-122.38087,41.18285],[-122.31733,41.18486],[-122.00111,41.18333],[-121.33179,41.18389]]]}},{"type":"Feature","properties":{"name":"Stanislaus"},"geometry":{"type":"Polygon","coordinates":[[[-120.38733,37.6335],[-120.84105,37.45644],[-120.88643,37.44018],[-120.98439,37.39937],[-120.99364,37.38804],[-120.98224,37.38564],[-120.98324,37.37644],[-120.97726,37.37412],[-120.98119,37.3642],[-120.97598,37.34932],[-120.96422,37.34578],[-121.2268,37.13477],[-121.23134,37.13854],[-121.23663,37.15668],[-121.26209,37.15932],[-121.27538,37.17874],[-121.28227,37.18368],[-121.29913,37.16579],[-121.31403,37.16791],[-121.32841,37.16595],[-121.34238,37.17419],[-121.3487,37.18112],[-121.36317,37.18351],[-121.38455,37.16551],[-121.38355,37.15149],[-121.4,37.15086],[-121.40464,37.15599],[-121.4117,37.19492],[-121.42271,37.22236],[-121.44175,37.23113],[-121.45575,37.24944],[-121.45401,37.28405],[-121.44355,37.29664],[-121.43682,37.29197],[-121.42577,37.29634],[-121.40575,37.31099],[-121.41194,37.32444],[-121.40915,37.33064],[-121.42075,37.34474],[-121.42365,37.35884],[-121.41585,37.37592],[-121.40907,37.38067],[-121.41255,37.38944],[-121.43608,37.39613],[-121.44816,37.39168],[-121.45665,37.39554],[-121.45635,37.40673],[-121.47261,37.42334],[-121.46186,37.4388],[-121.46402,37.45384],[-121.47309,37.45676],[-121.48425,37.46603],[-121.48677,37.47565],[-121.47192,37.48178],[-121.27375,37.63833],[-121.27235,37.64143],[-121.24515,37.66433],[-121.23019,37.66298],[-121.22185,37.67033],[-121.22195,37.68262],[-121.19818,37.69036],[-121.18244,37.68771],[-121.18243,37.69662],[-121.16892,37.69913],[-121.15922,37.70444],[-121.16083,37.71114],[-121.15585,37.71984],[-121.14544,37.71999],[-121.12872,37.72431],[-121.12074,37.72234],[-121.10763,37.73228],[-121.11135,37.74003],[-121.08837,37.74105],[-121.07643,37.73757],[-121.0666,37.74009],[-121.05627,37.74958],[-121.05181,37.74251],[-121.03747,37.73977],[-121.02573,37.74236],[-121.01748,37.75541],[-121.01235,37.75067],[-121.00251,37.7519],[-120.99575,37.76015],[-120.98179,37.75635],[-120.97316,37.74795],[-120.95403,37.73835],[-120.94444,37.74213],[-120.92066,37.73839],[-120.92264,37.75953],[-120.92635,37.88672],[-120.92645,38.07742],[-120.87605,38.02889],[-120.8338,37.99472],[-120.7613,37.93107],[-120.75269,37.92333],[-120.74453,37.91242],[-120.6552,37.83325],[-120.5629,37.76595],[-120.38733,37.6335]]]}},{"type":"Feature","properties":{"name":"Sutter"},"geometry":{"type":"Polygon","coordinates":[[[-121.63015,39.30567],[-121.62417,39.29341],[-121.63156,39.29176],[-121.62224,39.2756],[-121.63193,39.27252],[-121.63027,39.26817],[-121.63588,39.2595],[-121.63637,39.24608],[-121.62478,39.22768],[-121.61369,39.21453],[-121.62112,39.20615],[-121.62403,39.19635],[-121.61303,39.19019],[-121.61845,39.18275],[-121.61157,39.17632],[-121.61561,39.16782],[-121.60551,39.14846],[-121.60757,39.1409],[-121.59768,39.12779],[-121.60461,39.11385],[-121.60268,39.10016],[-121.59399,39.10065],[-121.59123,39.10263],[-121.58676,39.0978],[-121.58627,39.09209],[-121.61014,39.05785],[-121.60563,39.03263],[-121.59435,39.0233],[-121.59927,39.0117],[-121.58194,39.00898],[-121.58062,39.00331],[-121.5894,38.99034],[-121.58737,38.97337],[-121.58145,38.96529],[-121.58046,38.96129],[-121.58159,38.95759],[-121.57826,38.94435],[-121.58187,38.93816],[-121.58068,38.9245],[-121.57555,38.92436],[-121.5713,38.93892],[-121.56147,38.95344],[-121.55352,38.95376],[-121.5433,38.97241],[-121.52465,38.97147],[-121.50903,38.98279],[-121.49369,38.9843],[-121.48205,38.9935],[-121.47441,38.99217],[-121.45631,38.99819],[-121.44383,38.99333],[-121.41488,38.99643],[-121.4144,38.92621],[-121.46936,38.92599],[-121.46975,38.7516],[-121.48444,38.75135],[-121.4844,38.7346],[-121.52177,38.7364],[-121.60289,38.73584],[-121.5955,38.74885],[-121.59262,38.76286],[-121.60302,38.77811],[-121.62411,38.78517],[-121.63424,38.76726],[-121.65488,38.76456],[-121.66471,38.75559],[-121.6679,38.74726],[-121.67278,38.7428],[-121.67684,38.748],[-121.67002,38.75931],[-121.69256,38.76771],[-121.68644,38.77536],[-121.69337,38.78982],[-121.69054,38.79483],[-121.7024,38.80291],[-121.72335,38.80376],[-121.72447,38.82805],[-121.73095,38.83578],[-121.72717,38.84846],[-121.73045,38.85909],[-121.7448,38.86415],[-121.74975,38.87124],[-121.77002,38.86154],[-121.79302,38.86297],[-121.81481,38.87658],[-121.81632,38.88496],[-121.80916,38.88774],[-121.80353,38.902],[-121.79458,38.90054],[-121.79111,38.90454],[-121.79186,38.90593],[-121.80774,38.90693],[-121.81525,38.91121],[-121.80552,38.91507],[-121.83001,38.91906],[-121.83549,38.92448],[-121.83602,38.93004],[-121.83066,38.93718],[-121.84057,38.95482],[-121.83412,38.96388],[-121.83477,38.96713],[-121.821,38.98084],[-121.81729,38.98894],[-121.80385,38.98943],[-121.79537,38.99569],[-121.8062,39.00368],[-121.82595,39.01065],[-121.82098,39.02028],[-121.82437,39.03178],[-121.83835,39.04455],[-121.84088,39.05168],[-121.83821,39.06295],[-121.84796,39.07082],[-121.86982,39.06686],[-121.87608,39.07008],[-121.8891,39.07237],[-121.89413,39.078],[-121.89437,39.09613],[-121.90592,39.10419],[-121.90601,39.11493],[-121.90756,39.11456],[-121.91192,39.1238],[-121.93795,39.133],[-121.93953,39.14132],[-121.91898,39.14225],[-121.91721,39.14728],[-121.92012,39.15299],[-121.93492,39.1619],[-121.94309,39.18476],[-121.92833,39.19873],[-121.93242,39.21157],[-121.94145,39.22174],[-121.94005,39.22867],[-121.94818,39.24039],[-121.94528,39.2531],[-121.93692,39.26795],[-121.92899,39.27108],[-121.9208,39.28163],[-121.92221,39.28699],[-121.90805,39.30377],[-121.63015,39.30567]]]}},{"type":"Feature","properties":{"name":"Tehama"},"geometry":{"type":"Polygon","coordinates":[[[-122.19429,40.39104],[-122.16685,40.39377],[-122.15946,40.39695],[-122.12939,40.39876],[-122.12977,40.40304],[-122.11291,40.40507],[-122.10468,40.41015],[-122.08015,40.41228],[-122.05737,40.4165],[-122.05252,40.42024],[-122.03978,40.41843],[-122.00994,40.42677],[-121.96703,40.4221],[-121.94099,40.41533],[-121.92702,40.41842],[-121.92165,40.42312],[-121.90395,40.42259],[-121.90036,40.42126],[-121.89735,40.42479],[-121.87703,40.43691],[-121.85135,40.4426],[-121.83079,40.43766],[-121.8067,40.44498],[-121.78772,40.44367],[-121.77881,40.43827],[-121.73458,40.43563],[-121.72188,40.44524],[-121.70892,40.45084],[-121.69828,40.4483],[-121.68579,40.45313],[-121.65539,40.44171],[-121.64633,40.43473],[-121.63955,40.43686],[-121.60893,40.43838],[-121.60044,40.43176],[-121.58862,40.43166],[-121.57708,40.44245],[-121.56513,40.4458],[-121.49763,40.44559],[-121.49788,40.432],[-121.47403,40.42373],[-121.4796,40.41951],[-121.48343,40.40204],[-121.48197,40.38151],[-121.47391,40.37403],[-121.48099,40.36661],[-121.47039,40.35021],[-121.44274,40.34807],[-121.42935,40.35035],[-121.41207,40.34272],[-121.38038,40.34029],[-121.36796,40.3318],[-121.36891,40.32564],[-121.34226,40.30975],[-121.35663,40.29747],[-121.35844,40.297],[-121.36744,40.30093],[-121.3768,40.29799],[-121.37026,40.28796],[-121.36319,40.2875],[-121.35913,40.27689],[-121.35032,40.27588],[-121.349,40.26445],[-121.35688,40.25337],[-121.3671,40.24557],[-121.36741,40.23601],[-121.36171,40.22558],[-121.36839,40.21223],[-121.38503,40.2103],[-121.40736,40.1914],[-121.41273,40.19431],[-121.43919,40.19509],[-121.44411,40.19075],[-121.43611,40.18188],[-121.44512,40.17769],[-121.44187,40.15208],[-121.43689,40.15191],[-121.44284,40.1487],[-121.44287,40.12965],[-121.45273,40.12973],[-121.4529,40.12212],[-121.48095,40.12237],[-121.48097,40.11509],[-121.49087,40.10804],[-121.51055,40.10798],[-121.51056,40.10052],[-121.58641,40.10052],[-121.5958,40.09346],[-121.59565,40.05771],[-121.60864,40.05508],[-121.62609,40.0395],[-121.62607,40.0256],[-121.63617,40.02581],[-121.63544,39.99682],[-121.64585,39.99706],[-121.64603,39.98253],[-121.70196,39.98436],[-121.7149,39.97143],[-121.72497,39.96763],[-121.72871,39.95729],[-121.73583,39.95352],[-121.74625,39.93853],[-121.75063,39.90681],[-121.7665,39.8976],[-121.7771,39.88852],[-121.8061,39.88822],[-121.80404,39.88434],[-122.04486,39.88377],[-122.04079,39.8799],[-122.05647,39.86209],[-122.05921,39.84949],[-122.06943,39.84053],[-122.05731,39.82871],[-122.06457,39.8146],[-122.05914,39.80723],[-122.0485,39.80058],[-122.04647,39.79765],[-122.78757,39.80056],[-122.93825,39.79816],[-122.9436,39.80165],[-122.94748,39.82765],[-122.94642,39.83285],[-122.96015,39.84516],[-122.95064,39.86924],[-122.94773,39.8943],[-122.95008,39.90772],[-122.92019,39.91728],[-122.92062,39.92893],[-122.91316,39.93581],[-122.92682,39.94507],[-122.92493,39.9594],[-122.92728,39.97164],[-122.93521,39.97716],[-122.9339,39.97908],[-122.93498,39.98619],[-122.94371,39.99526],[-122.95167,39.99827],[-122.94988,40.01348],[-122.95638,40.01994],[-122.94976,40.0321],[-122.9542,40.04543],[-122.94889,40.04975],[-122.95283,40.05972],[-122.9684,40.06881],[-122.97316,40.07717],[-122.96109,40.1],[-122.97077,40.11615],[-122.97366,40.13003],[-122.96857,40.13903],[-122.98724,40.14517],[-122.98394,40.17198],[-122.97006,40.18631],[-122.97109,40.19718],[-122.98003,40.21471],[-122.97512,40.23257],[-122.97755,40.24129],[-122.98901,40.25015],[-123.00316,40.25308],[-123.01858,40.26278],[-123.03149,40.26482],[-123.03663,40.26128],[-123.04921,40.26678],[-123.06151,40.28009],[-123.06272,40.28393],[-123.06601,40.28569],[-123.06543,40.28697],[-123.05667,40.28538],[-123.04084,40.2913],[-123.02523,40.30366],[-123.0134,40.30345],[-122.97687,40.31515],[-122.9683,40.31089],[-122.94981,40.30803],[-122.94268,40.31208],[-122.92009,40.30661],[-122.87848,40.34459],[-122.87165,40.34875],[-122.8538,40.34285],[-122.83637,40.34843],[-122.81346,40.35112],[-122.8059,40.35586],[-122.78806,40.35526],[-122.78116,40.35864],[-122.74878,40.36568],[-122.74036,40.365],[-122.73022,40.35829],[-122.73238,40.34763],[-122.70964,40.34816],[-122.68934,40.33787],[-122.65134,40.32829],[-122.64592,40.33318],[-122.63444,40.3338],[-122.61016,40.34641],[-122.5953,40.35799],[-122.58585,40.35928],[-122.57858,40.368],[-122.5653,40.36559],[-122.55065,40.37487],[-122.53526,40.37995],[-122.51999,40.39368],[-122.51383,40.38839],[-122.50503,40.38941],[-122.49906,40.3823],[-122.47049,40.38393],[-122.46309,40.37574],[-122.45122,40.37789],[-122.44502,40.3734],[-122.43251,40.3745],[-122.42234,40.37924],[-122.41259,40.37454],[-122.39494,40.37206],[-122.38874,40.37428],[-122.36492,40.37417],[-122.34401,40.37086],[-122.33695,40.37417],[-122.32103,40.37488],[-122.31041,40.37106],[-122.29413,40.38048],[-122.28085,40.37579],[-122.25595,40.37992],[-122.25182,40.38722],[-122.232,40.38613],[-122.2262,40.38908],[-122.19917,40.37794],[-122.19429,40.39104]]]}},{"type":"Feature","properties":{"name":"Trinity"},"geometry":{"type":"Polygon","coordinates":[[[-123.62366,40.92982],[-123.59926,40.93115],[-123.59156,40.92736],[-123.56776,40.93986],[-123.56836,40.94826],[-123.56016,40.95026],[-123.53986,40.93786],[-123.52966,40.93486],[-123.51176,40.92036],[-123.48486,40.91516],[-123.48126,40.91586],[-123.47486,40.93166],[-123.45865,40.94196],[-123.44796,40.94376],[-123.44436,40.95405],[-123.45326,40.96415],[-123.43655,40.97365],[-123.43436,40.98325],[-123.42726,40.98826],[-123.42775,41.0007],[-123.42006,41.00967],[-123.40608,41.01379],[-123.41031,41.02067],[-123.40722,41.03062],[-123.41997,41.03514],[-123.42334,41.04219],[-123.42327,41.05816],[-123.43072,41.06327],[-123.4456,41.06168],[-123.45794,41.06822],[-123.46401,41.07635],[-123.45857,41.08241],[-123.4645,41.09252],[-123.44633,41.08887],[-123.43583,41.10235],[-123.42925,41.118],[-123.4304,41.1355],[-123.42877,41.15206],[-123.43261,41.16233],[-123.41036,41.17071],[-123.40829,41.17994],[-123.39351,41.17072],[-123.39273,41.16121],[-123.38119,41.15129],[-123.35447,41.16312],[-123.32961,41.15166],[-123.32495,41.14155],[-123.31537,41.14027],[-123.30347,41.14379],[-123.29506,41.14065],[-123.28383,41.12655],[-123.2734,41.12289],[-123.26935,41.11272],[-123.26308,41.10864],[-123.25717,41.09195],[-123.24522,41.07799],[-123.22524,41.07612],[-123.20315,41.07176],[-123.19311,41.07739],[-123.16525,41.07813],[-123.15392,41.07491],[-123.14872,41.07845],[-123.13294,41.07865],[-123.10908,41.07543],[-123.10641,41.0666],[-123.09668,41.05963],[-123.08009,41.05756],[-123.05518,41.04671],[-123.04686,41.03474],[-123.04757,41.02474],[-123.03681,41.00406],[-123.0245,41.00411],[-122.99721,41.01332],[-122.98013,41.01431],[-122.96462,41.01198],[-122.95202,41.00639],[-122.94549,40.99518],[-122.93498,40.99243],[-122.9142,40.99794],[-122.91293,41.00864],[-122.90152,41.01465],[-122.89816,41.03059],[-122.90627,41.03654],[-122.92333,41.07195],[-122.94207,41.07008],[-122.96393,41.07982],[-122.97097,41.09016],[-122.96918,41.10376],[-122.97338,41.11207],[-122.95993,41.12399],[-122.96505,41.13865],[-122.95174,41.15105],[-122.95728,41.16121],[-122.95451,41.16694],[-122.96273,41.17932],[-122.95132,41.18558],[-122.9356,41.17726],[-122.92484,41.18667],[-122.91537,41.18718],[-122.90688,41.19592],[-122.89447,41.20268],[-122.87069,41.20509],[-122.86248,41.20205],[-122.8423,41.20074],[-122.8367,41.20673],[-122.82517,41.21003],[-122.81134,41.20245],[-122.80211,41.20305],[-122.79555,41.21136],[-122.78121,41.21817],[-122.77701,41.23084],[-122.75364,41.24187],[-122.73265,41.24379],[-122.72529,41.24747],[-122.7246,41.26108],[-122.71196,41.27479],[-122.68629,41.28125],[-122.66349,41.29164],[-122.65654,41.29135],[-122.64558,41.30473],[-122.64821,41.32022],[-122.64573,41.32445],[-122.62747,41.33203],[-122.61789,41.32753],[-122.60768,41.32919],[-122.59081,41.32591],[-122.58184,41.33646],[-122.58716,41.35068],[-122.58524,41.35901],[-122.56964,41.36792],[-122.55169,41.3617],[-122.54283,41.35408],[-122.53582,41.34152],[-122.51991,41.34378],[-122.50389,41.34299],[-122.50425,41.33471],[-122.47877,41.32009],[-122.50113,41.30976],[-122.49826,41.29575],[-122.51333,41.28368],[-122.51394,41.25522],[-122.50825,41.24529],[-122.51811,41.23592],[-122.51226,41.22645],[-122.52264,41.21352],[-122.51549,41.20499],[-122.4974,41.19557],[-122.49829,41.18199],[-122.49095,41.17557],[-122.4744,41.17561],[-122.46829,41.16923],[-122.45402,41.16629],[-122.44622,41.15596],[-122.45061,41.14694],[-122.44811,41.13591],[-122.44857,41.11824],[-122.45714,41.09661],[-122.46814,41.09684],[-122.4933,41.08599],[-122.51335,41.08823],[-122.52883,41.07675],[-122.53977,41.07261],[-122.53683,41.06417],[-122.52579,41.06304],[-122.52236,41.05229],[-122.52813,41.04062],[-122.52775,41.0144],[-122.53885,41.00211],[-122.55449,41.00362],[-122.56918,40.98499],[-122.58175,40.98296],[-122.59853,40.97585],[-122.60096,40.96447],[-122.60736,40.95775],[-122.60319,40.94062],[-122.61275,40.92125],[-122.60117,40.90123],[-122.60546,40.89064],[-122.61527,40.88107],[-122.62624,40.87696],[-122.62643,40.86709],[-122.63438,40.86129],[-122.63971,40.84504],[-122.6554,40.84155],[-122.66606,40.82588],[-122.65619,40.81046],[-122.66166,40.79431],[-122.65809,40.7875],[-122.67053,40.77277],[-122.69282,40.76073],[-122.69981,40.75926],[-122.70581,40.74987],[-122.71741,40.74718],[-122.71991,40.7402],[-122.70657,40.72533],[-122.71242,40.71001],[-122.71846,40.70832],[-122.72236,40.69547],[-122.72997,40.69218],[-122.74169,40.6953],[-122.75227,40.68964],[-122.74258,40.67881],[-122.74221,40.66949],[-122.73359,40.66243],[-122.72714,40.64949],[-122.73634,40.63667],[-122.71623,40.6343],[-122.70965,40.6312],[-122.71063,40.61255],[-122.70603,40.60982],[-122.6998,40.58543],[-122.6931,40.58075],[-122.69879,40.56929],[-122.71439,40.57095],[-122.72308,40.5752],[-122.74131,40.56412],[-122.74392,40.5538],[-122.75925,40.55654],[-122.7679,40.55335],[-122.78519,40.54092],[-122.78222,40.53187],[-122.79362,40.52343],[-122.79325,40.51452],[-122.80467,40.51048],[-122.81951,40.51096],[-122.82878,40.507],[-122.84595,40.50518],[-122.85208,40.50095],[-122.84697,40.49078],[-122.85661,40.48265],[-122.87146,40.48163],[-122.88913,40.46883],[-122.89694,40.45006],[-122.90286,40.44507],[-122.91771,40.44977],[-122.93127,40.44556],[-122.93694,40.43099],[-122.95559,40.42119],[-122.96072,40.42585],[-122.97492,40.41961],[-122.99868,40.41814],[-122.99688,40.39592],[-123.01814,40.38331],[-123.01954,40.37169],[-123.03114,40.36361],[-123.03715,40.36444],[-123.04393,40.35442],[-123.04397,40.34701],[-123.05992,40.34813],[-123.06879,40.33223],[-123.06218,40.31256],[-123.06838,40.30348],[-123.06593,40.301],[-123.06452,40.28865],[-123.06601,40.28569],[-123.06272,40.28393],[-123.06151,40.28009],[-123.05143,40.26814],[-123.03663,40.26128],[-123.03149,40.26482],[-123.01858,40.26278],[-123.00316,40.25308],[-122.98901,40.25015],[-122.97755,40.24129],[-122.97512,40.23257],[-122.98003,40.21471],[-122.97109,40.19718],[-122.97006,40.18631],[-122.98394,40.17198],[-122.98724,40.14517],[-122.96857,40.13903],[-122.97366,40.13003],[-122.97077,40.11615],[-122.96109,40.1],[-122.97316,40.07717],[-122.9684,40.06881],[-122.95283,40.05972],[-122.94889,40.04975],[-122.9542,40.04543],[-122.94976,40.0321],[-122.95638,40.01994],[-122.94988,40.01348],[-122.95167,39.99827],[-122.94371,39.99526],[-122.93498,39.98619],[-122.93401,39.97813],[-123.54456,39.97702],[-123.54406,40.73939],[-123.55117,40.75702],[-123.55722,40.77967],[-123.55736,40.80972],[-123.56869,40.8203],[-123.55985,40.82958],[-123.57316,40.84351],[-123.57584,40.85799],[-123.58047,40.86576],[-123.58987,40.86751],[-123.60171,40.87995],[-123.59954,40.88784],[-123.60854,40.89494],[-123.60609,40.90479],[-123.61583,40.91407],[-123.61342,40.92155],[-123.62389,40.92867],[-123.62366,40.92982]]]}},{"type":"Feature","properties":{"name":"Kern"},"geometry":{"type":"Polygon","coordinates":[[[-119.99738,35.4687],[-120.01566,35.46904],[-120.0146,35.48365],[-120.03331,35.48365],[-120.03324,35.49864],[-120.05105,35.49863],[-120.05124,35.5127],[-120.0689,35.51278],[-120.06866,35.52632],[-120.08667,35.52655],[-120.08592,35.61452],[-120.19392,35.61436],[-120.19415,35.7892],[-119.12525,35.7908],[-118.504,35.78983],[-118.46942,35.79263],[-118.27,35.79001],[-118.06772,35.79154],[-117.92312,35.78681],[-117.92446,35.79815],[-117.633,35.79725],[-117.63425,35.70993],[-117.65199,35.70993],[-117.65232,35.68078],[-117.61619,35.68086],[-117.61639,35.65176],[-117.63383,35.65157],[-117.63487,35.62216],[-117.63477,35.56411],[-117.63013,35.56407],[-117.63022,35.45104],[-117.63351,35.43444],[-117.63129,35.41957],[-117.63278,35.40541],[-117.63124,35.36154],[-117.63088,35.0976],[-117.63291,35.08006],[-117.63201,34.82227],[-117.98768,34.82263],[-118.48959,34.81785],[-118.85425,34.81777],[-118.85458,34.80303],[-118.88682,34.80188],[-118.88136,34.79063],[-118.97672,34.79066],[-118.97672,34.8122],[-119.24364,34.81418],[-119.24364,34.85758],[-119.27835,34.85728],[-119.27695,34.87968],[-119.38245,34.87968],[-119.38215,34.90094],[-119.47275,34.90117],[-119.47272,35.07688],[-119.49071,35.07721],[-119.49063,35.09181],[-119.56097,35.08767],[-119.55364,35.17998],[-119.57126,35.18029],[-119.66706,35.17481],[-119.66666,35.26253],[-119.80945,35.26358],[-119.80935,35.35087],[-119.88017,35.35121],[-119.88004,35.43913],[-119.99739,35.4395],[-119.99738,35.4687]]]}},{"type":"Feature","properties":{"name":"San Mateo"},"geometry":{"type":"MultiPolygon","coordinates":[[[[-122.39325,37.70828],[-122.38781,37.67836],[-122.38106,37.67728],[-122.38212,37.66279],[-122.37701,37.6572],[-122.38034,37.64802],[-122.39193,37.64749],[-122.39636,37.63881],[-122.37877,37.63148],[-122.36829,37.62158],[-122.3549,37.6149],[-122.35855,37.60913],[-122.37014,37.61422],[-122.37807,37.60591],[-122.35739,37.59226],[-122.32101,37.59202],[-122.30651,37.5758],[-122.2833,37.57461],[-122.27354,37.57018],[-122.26268,37.57389],[-122.25189,37.5675],[-122.24507,37.55718],[-122.22531,37.54716],[-122.2327,37.53475],[-122.24485,37.52909],[-122.24912,37.52057],[-122.2443,37.50774],[-122.22052,37.50457],[-122.21121,37.50746],[-122.20267,37.52184],[-122.19605,37.52356],[-122.1845,37.51709],[-122.16551,37.49898],[-122.13979,37.50714],[-122.13,37.50309],[-122.12394,37.48566],[-122.12347,37.4738],[-122.11588,37.466],[-122.12288,37.45733],[-122.12212,37.45371],[-122.1241,37.45287],[-122.1286,37.45188],[-122.13188,37.45409],[-122.1518,37.45707],[-122.16277,37.45384],[-122.19051,37.43096],[-122.18765,37.41475],[-122.19454,37.40793],[-122.18957,37.39128],[-122.1905,37.38525],[-122.20071,37.37196],[-122.20045,37.35673],[-122.18284,37.33297],[-122.18659,37.31555],[-122.18232,37.30953],[-122.17447,37.31277],[-122.16207,37.30423],[-122.15964,37.2936],[-122.15228,37.28605],[-122.15277,37.21544],[-122.24257,37.21513],[-122.24266,37.19004],[-122.26888,37.18984],[-122.28858,37.18675],[-122.31768,37.18695],[-122.31178,37.14755],[-122.28938,37.11347],[-122.29296,37.10734],[-122.30605,37.11639],[-122.31318,37.11806],[-122.3278,37.11338],[-122.33876,37.12141],[-122.33869,37.13695],[-122.34728,37.14569],[-122.35961,37.1497],[-122.36503,37.17011],[-122.37796,37.18058],[-122.39655,37.18516],[-122.40473,37.19556],[-122.40885,37.22535],[-122.4161,37.23457],[-122.4184,37.24868],[-122.41473,37.25531],[-122.40879,37.27987],[-122.401,37.33973],[-122.40046,37.35509],[-122.40822,37.36429],[-122.4089,37.37541],[-122.42294,37.39243],[-122.42404,37.40195],[-122.4311,37.41216],[-122.44456,37.4377],[-122.44558,37.46147],[-122.44959,37.47672],[-122.45843,37.49113],[-122.47151,37.50108],[-122.48838,37.50328],[-122.49883,37.49993],[-122.51184,37.51313],[-122.518,37.52409],[-122.51974,37.53719],[-122.51538,37.54585],[-122.5142,37.5635],[-122.51805,37.5769],[-122.51992,37.59488],[-122.50359,37.59774],[-122.49826,37.61407],[-122.49442,37.63673],[-122.49631,37.68208],[-122.50283,37.70813],[-122.39325,37.70828]]],[[[-122.1958,37.53053],[-122.20999,37.51825],[-122.21441,37.50959],[-122.22211,37.50549],[-122.24361,37.50906],[-122.2465,37.51769],[-122.24229,37.52724],[-122.22964,37.53358],[-122.22406,37.54256],[-122.19918,37.53794],[-122.1958,37.53053]]]]}},{"type":"Feature","properties":{"name":"Santa Barbara"},"geometry":{"type":"MultiPolygon","coordinates":[[[[-120.4381,34.98776],[-120.39105,34.96331],[-120.36124,34.94647],[-120.35303,34.93929],[-120.3283,34.92582],[-120.3183,34.90704],[-120.30183,34.90557],[-120.30027,34.9147],[-120.29218,34.93031],[-120.29455,34.94659],[-120.30413,34.9571],[-120.30195,34.96338],[-120.31479,34.97382],[-120.31453,34.9815],[-120.32711,34.98653],[-120.33342,34.99476],[-120.33455,35.00632],[-120.32382,35.01731],[-120.30993,35.00922],[-120.29023,35.01543],[-120.27862,35.01156],[-120.27367,35.02081],[-120.26136,35.02355],[-120.24403,35.02359],[-120.22093,35.02111],[-120.19142,35.02996],[-120.18033,35.03928],[-120.18489,35.04845],[-120.16904,35.07444],[-120.14939,35.08147],[-120.13597,35.09786],[-120.12675,35.09548],[-120.11667,35.10462],[-120.1096,35.10349],[-120.10274,35.11222],[-120.08078,35.11433],[-120.08494,35.10761],[-120.07241,35.10471],[-120.05994,35.09297],[-120.03282,35.08782],[-120.02931,35.08357],[-120.01405,35.08145],[-120.01358,35.07558],[-120.00202,35.07321],[-119.97572,35.05827],[-119.94272,35.05444],[-119.92842,35.05979],[-119.91731,35.04898],[-119.90943,35.04595],[-119.9038,35.03813],[-119.88965,35.04063],[-119.87827,35.03971],[-119.86333,35.03143],[-119.85452,35.03215],[-119.84417,35.01548],[-119.83082,35.00578],[-119.80995,35.0021],[-119.78929,34.98867],[-119.7804,34.99073],[-119.74557,34.97368],[-119.72933,34.97465],[-119.71746,34.97168],[-119.70056,34.97667],[-119.67862,34.97178],[-119.67316,34.97348],[-119.65528,34.9638],[-119.64426,34.95358],[-119.63486,34.95387],[-119.62536,34.94928],[-119.61686,34.95058],[-119.59246,34.93508],[-119.57836,34.92188],[-119.56296,34.91478],[-119.53576,34.89758],[-119.49045,34.89748],[-119.49035,34.90117],[-119.44235,34.90127],[-119.44227,34.45523],[-119.44041,34.44184],[-119.44472,34.42951],[-119.4541,34.42083],[-119.44541,34.40888],[-119.4518,34.39699],[-119.47784,34.37942],[-119.47667,34.37328],[-119.48526,34.38064],[-119.49755,34.38491],[-119.51698,34.38812],[-119.52689,34.39417],[-119.53696,34.39583],[-119.56148,34.41471],[-119.57617,34.41251],[-119.59268,34.41827],[-119.6184,34.42094],[-119.63613,34.41585],[-119.66216,34.4169],[-119.68212,34.41415],[-119.69531,34.40271],[-119.70953,34.39524],[-119.72946,34.39589],[-119.79123,34.41754],[-119.83182,34.41645],[-119.84109,34.41181],[-119.84453,34.40435],[-119.85489,34.40833],[-119.8801,34.40822],[-119.88897,34.41799],[-119.90413,34.42269],[-119.92851,34.43513],[-119.9571,34.43565],[-119.98344,34.44992],[-119.99016,34.44997],[-120.00816,34.46055],[-120.0245,34.45788],[-120.03896,34.46336],[-120.05764,34.46096],[-120.06893,34.46264],[-120.08881,34.46019],[-120.11874,34.47005],[-120.13336,34.47301],[-120.15268,34.47337],[-120.16888,34.46971],[-120.22886,34.47063],[-120.2377,34.46823],[-120.2793,34.4675],[-120.29769,34.47039],[-120.34234,34.45865],[-120.41773,34.45295],[-120.425,34.44968],[-120.44204,34.45155],[-120.45669,34.44332],[-120.47072,34.4514],[-120.47785,34.47816],[-120.49657,34.49539],[-120.50114,34.50872],[-120.5115,34.52325],[-120.54114,34.53942],[-120.55324,34.54116],[-120.56739,34.55067],[-120.5815,34.55709],[-120.60857,34.5568],[-120.62408,34.55442],[-120.63904,34.56722],[-120.64581,34.57878],[-120.63776,34.60803],[-120.61588,34.65672],[-120.60647,34.68232],[-120.6006,34.70484],[-120.6075,34.7146],[-120.61659,34.73351],[-120.62618,34.73807],[-120.63163,34.75315],[-120.63765,34.756],[-120.62336,34.79184],[-120.61,34.84312],[-120.61187,34.86137],[-120.62573,34.87351],[-120.6393,34.88036],[-120.63953,34.88968],[-120.64665,34.90075],[-120.67165,34.90299],[-120.66434,34.91989],[-120.66293,34.93398],[-120.6491,34.97459],[-120.63414,34.95956],[-120.6163,34.96595],[-120.61314,34.97127],[-120.6022,34.97275],[-120.5955,34.96649],[-120.58552,34.96722],[-120.57519,34.97829],[-120.55492,34.97388],[-120.53857,34.98375],[-120.49622,34.99316],[-120.4381,34.98776]]],[[[-119.03313,33.46596],[-119.04374,33.47235],[-119.04439,33.48227],[-119.0295,33.48514],[-119.02797,33.476],[-119.03313,33.46596]]],[[[-119.69317,34.02932],[-119.68633,34.0198],[-119.66506,34.01658],[-119.65384,34.01987],[-119.6492,34.01523],[-119.63792,34.01326],[-119.61847,34.01672],[-119.60419,34.03169],[-119.60927,34.03608],[-119.60034,34.04427],[-119.58097,34.05091],[-119.56687,34.05179],[-119.53301,34.04239],[-119.52042,34.03408],[-119.52773,34.02679],[-119.54366,34.01946],[-119.5469,34.00655],[-119.5548,33.99783],[-119.57612,33.99611],[-119.59055,33.98896],[-119.62399,33.98886],[-119.63314,33.9871],[-119.65283,33.98783],[-119.66474,33.98514],[-119.69315,33.97144],[-119.70701,33.96916],[-119.7143,33.96175],[-119.72335,33.96083],[-119.74054,33.96357],[-119.76277,33.95946],[-119.77111,33.96234],[-119.78767,33.96021],[-119.80294,33.96357],[-119.81987,33.96293],[-119.83882,33.97032],[-119.85067,33.96813],[-119.86252,33.97758],[-119.87392,33.98],[-119.88739,34.00775],[-119.87981,34.01723],[-119.87641,34.03252],[-119.88831,34.04299],[-119.91641,34.05832],[-119.92347,34.06918],[-119.91937,34.07709],[-119.89099,34.07282],[-119.88693,34.07421],[-119.85736,34.07138],[-119.83844,34.06518],[-119.81748,34.05236],[-119.80038,34.05327],[-119.78482,34.05754],[-119.76921,34.05505],[-119.75854,34.0589],[-119.73557,34.04625],[-119.72604,34.04789],[-119.71332,34.04346],[-119.70135,34.03256],[-119.69317,34.02932]]],[[[-120.41669,34.05521],[-120.39608,34.05025],[-120.38525,34.0548],[-120.36862,34.06766],[-120.35814,34.06614],[-120.36081,34.05519],[-120.35627,34.04896],[-120.34715,34.04664],[-120.32961,34.04824],[-120.31322,34.03652],[-120.30971,34.02847],[-120.2986,34.0213],[-120.31745,34.01875],[-120.35067,34.01975],[-120.35956,34.01378],[-120.37233,34.01763],[-120.38283,34.02447],[-120.41334,34.03267],[-120.42711,34.02555],[-120.44708,34.03098],[-120.41669,34.05521]]],[[[-120.16071,33.91647],[-120.1661,33.91638],[-120.17902,33.92897],[-120.18902,33.9471],[-120.19851,33.95149],[-120.20759,33.97041],[-120.21913,33.97862],[-120.22495,33.98968],[-120.23737,33.99289],[-120.24767,34.00173],[-120.22964,34.01017],[-120.22158,34.01035],[-120.19642,34.00427],[-120.18621,34.00756],[-120.16735,34.00814],[-120.15122,34.01822],[-120.1473,34.02485],[-120.13492,34.02597],[-120.11669,34.02044],[-120.08996,34.01982],[-120.07375,34.02458],[-120.0576,34.03738],[-120.04653,34.03676],[-120.0431,34.02812],[-120.05027,34.01307],[-120.04678,34.00072],[-120.03765,33.9921],[-120.02638,33.98653],[-120.00502,33.97983],[-119.98075,33.98385],[-119.97691,33.95707],[-119.97009,33.9512],[-119.977,33.94261],[-119.99987,33.94178],[-120.0172,33.93654],[-120.03332,33.92544],[-120.04679,33.91966],[-120.04993,33.91465],[-120.07081,33.9125],[-120.07718,33.90881],[-120.09885,33.90809],[-120.12045,33.89468],[-120.16071,33.91647]]]]}},{"type":"Feature","properties":{"name":"Santa Clara"},"geometry":{"type":"MultiPolygon","coordinates":[[[[-121.91068,37.1133],[-121.92426,37.12128],[-121.95374,37.12901],[-121.97274,37.14173],[-121.98479,37.14192],[-121.99109,37.14427],[-122.00023,37.15883],[-122.01067,37.1614],[-122.02594,37.17232],[-122.03263,37.18614],[-122.05506,37.21268],[-122.06617,37.21044],[-122.07877,37.2232],[-122.08981,37.22327],[-122.09337,37.22924],[-122.10423,37.23427],[-122.10557,37.24074],[-122.12393,37.25972],[-122.12839,37.25922],[-122.14836,37.27545],[-122.15153,37.28459],[-122.15964,37.2936],[-122.16207,37.30423],[-122.17447,37.31277],[-122.18232,37.30953],[-122.18659,37.31555],[-122.18284,37.33297],[-122.20045,37.35673],[-122.20071,37.37196],[-122.1905,37.38525],[-122.18957,37.39128],[-122.19454,37.40793],[-122.18765,37.41475],[-122.19051,37.43096],[-122.16277,37.45384],[-122.1518,37.45707],[-122.12624,37.45356],[-122.12366,37.46123],[-122.11737,37.46518],[-122.10108,37.46203],[-122.09374,37.4532],[-122.06773,37.44992],[-122.06379,37.44557],[-122.03927,37.45138],[-122.03336,37.46029],[-121.99671,37.46489],[-121.97431,37.45943],[-121.9618,37.46273],[-121.94577,37.45292],[-121.92545,37.45444],[-121.90913,37.463],[-121.8826,37.47055],[-121.86527,37.48464],[-121.47295,37.48233],[-121.48677,37.47565],[-121.48425,37.46603],[-121.47309,37.45676],[-121.46402,37.45384],[-121.46186,37.4388],[-121.47261,37.42334],[-121.45635,37.40673],[-121.45665,37.39554],[-121.44816,37.39168],[-121.43608,37.39613],[-121.41255,37.38944],[-121.40907,37.38067],[-121.41585,37.37592],[-121.42365,37.35884],[-121.42075,37.34474],[-121.40915,37.33064],[-121.41194,37.32444],[-121.40575,37.31099],[-121.42577,37.29634],[-121.43682,37.29197],[-121.44355,37.29664],[-121.45401,37.28405],[-121.45575,37.24944],[-121.44175,37.23113],[-121.42271,37.22236],[-121.4117,37.19492],[-121.40464,37.15599],[-121.4,37.15086],[-121.38355,37.15149],[-121.38455,37.16551],[-121.36317,37.18351],[-121.3487,37.18112],[-121.34238,37.17419],[-121.32841,37.16595],[-121.31403,37.16791],[-121.29913,37.16579],[-121.28227,37.18368],[-121.27538,37.17874],[-121.26209,37.15932],[-121.23663,37.15668],[-121.23134,37.13854],[-121.22484,37.13314],[-121.22272,37.13043],[-121.22314,37.12857],[-121.21734,37.12304],[-121.23058,37.10451],[-121.23044,37.09694],[-121.24302,37.09271],[-121.22464,37.07894],[-121.22292,37.07381],[-121.20964,37.06824],[-121.20823,37.06201],[-121.22581,37.05207],[-121.22451,37.03974],[-121.24454,37.032],[-121.24599,37.02558],[-121.23334,37.01175],[-121.23314,36.99935],[-121.24514,36.99292],[-121.24589,36.98304],[-121.23213,36.96889],[-121.21541,36.96125],[-121.41825,36.96055],[-121.44735,36.98295],[-121.45061,36.98894],[-121.46366,36.98488],[-121.46999,36.9777],[-121.48895,36.98315],[-121.50175,36.97165],[-121.51181,36.95936],[-121.51381,36.94516],[-121.54068,36.92554],[-121.54028,36.92053],[-121.55632,36.91194],[-121.55896,36.90912],[-121.56009,36.89745],[-121.5629,36.89625],[-121.57962,36.89673],[-121.58135,36.89915],[-121.58115,36.91925],[-121.59035,36.92615],[-121.60715,36.92605],[-121.62475,36.94045],[-121.63705,36.93905],[-121.64579,36.93233],[-121.65306,36.94175],[-121.65404,36.95058],[-121.66326,36.95185],[-121.66426,36.96315],[-121.67826,36.96785],[-121.6933,36.96823],[-121.69843,36.97498],[-121.69536,36.98515],[-121.70524,36.98624],[-121.71788,36.99556],[-121.72962,36.99787],[-121.71876,37.00756],[-121.73619,37.01534],[-121.72782,37.02275],[-121.73976,37.02768],[-121.75406,37.04606],[-121.78155,37.05699],[-121.78604,37.06199],[-121.80912,37.06932],[-121.81824,37.08374],[-121.84337,37.09453],[-121.84909,37.099],[-121.86188,37.09935],[-121.88481,37.10783],[-121.91068,37.1133]]],[[[-121.92632,37.45463],[-121.92785,37.45526],[-121.92783,37.45585],[-121.92632,37.45463]]],[[[-121.92779,37.45712],[-121.92783,37.45585],[-121.92913,37.45691],[-121.92779,37.45712]]],[[[-121.9329,37.45545],[-121.93338,37.46076],[-121.93147,37.46091],[-121.93113,37.45739],[-121.9329,37.45545]]]]}},{"type":"Feature","properties":{"name":"Ventura"},"geometry":{"type":"MultiPolygon","coordinates":[[[[-119.47784,34.37942],[-119.4518,34.39699],[-119.44541,34.40888],[-119.4541,34.42083],[-119.44472,34.42951],[-119.44041,34.44184],[-119.44227,34.45523],[-119.44235,34.90127],[-119.38215,34.90094],[-119.38245,34.87968],[-119.27695,34.87968],[-119.27835,34.85728],[-119.24364,34.85758],[-119.24364,34.81418],[-118.97672,34.8122],[-118.97672,34.79066],[-118.88136,34.79063],[-118.63679,34.2918],[-118.63255,34.26343],[-118.63249,34.24043],[-118.66771,34.2404],[-118.66815,34.16819],[-118.78889,34.16821],[-118.9408,34.07497],[-118.94485,34.04566],[-118.95539,34.04867],[-118.97774,34.06086],[-118.99376,34.06535],[-119.0061,34.06589],[-119.03738,34.08341],[-119.06073,34.08524],[-119.08436,34.09831],[-119.09945,34.09948],[-119.10598,34.09564],[-119.12848,34.10037],[-119.14469,34.10892],[-119.18217,34.13397],[-119.19725,34.14219],[-119.21655,34.14635],[-119.22126,34.1535],[-119.22345,34.17922],[-119.22963,34.16913],[-119.2399,34.17902],[-119.26315,34.22276],[-119.26444,34.24104],[-119.27622,34.26388],[-119.2919,34.27537],[-119.30547,34.27304],[-119.32158,34.28398],[-119.33796,34.29104],[-119.34658,34.30169],[-119.36495,34.31651],[-119.37401,34.32094],[-119.39079,34.31838],[-119.40183,34.33182],[-119.43447,34.35575],[-119.44309,34.35588],[-119.46035,34.37386],[-119.47667,34.37328],[-119.47784,34.37942]]],[[[-119.55498,33.27359],[-119.55082,33.28061],[-119.53776,33.28137],[-119.52824,33.28505],[-119.50501,33.27216],[-119.49866,33.26655],[-119.48601,33.26577],[-119.46095,33.25687],[-119.43817,33.2362],[-119.43331,33.22646],[-119.43875,33.21977],[-119.46892,33.21469],[-119.48993,33.2198],[-119.49536,33.21863],[-119.51305,33.22305],[-119.52148,33.22925],[-119.54499,33.23235],[-119.56579,33.24835],[-119.57352,33.26072],[-119.57323,33.2671],[-119.55498,33.27359]]]]}},{"type":"Feature","properties":{"name":"Yolo"},"geometry":{"type":"Polygon","coordinates":[[[-121.69364,38.4876],[-121.6958,38.48762],[-121.69515,38.52316],[-121.71203,38.53796],[-121.7222,38.53487],[-121.73859,38.5377],[-121.75087,38.53036],[-121.76415,38.5261],[-121.77068,38.53223],[-121.7797,38.52991],[-121.78356,38.52329],[-121.78722,38.52336],[-121.79476,38.52694],[-121.81333,38.52602],[-121.83256,38.52976],[-121.84941,38.53673],[-121.86204,38.53848],[-121.86668,38.53736],[-121.88588,38.53876],[-121.89378,38.53343],[-121.90897,38.52958],[-121.92532,38.52971],[-121.94028,38.53338],[-121.94746,38.5271],[-121.96361,38.5228],[-121.98556,38.50362],[-121.99593,38.50042],[-122.01153,38.48907],[-122.01894,38.48929],[-122.03247,38.4943],[-122.04157,38.50571],[-122.05741,38.51744],[-122.06846,38.51411],[-122.10328,38.51335],[-122.11156,38.52405],[-122.11407,38.53722],[-122.12812,38.5837],[-122.13995,38.60989],[-122.15136,38.62282],[-122.15147,38.62525],[-122.15756,38.62269],[-122.16092,38.6193],[-122.16835,38.6193],[-122.17043,38.6296],[-122.16118,38.63538],[-122.16233,38.6441],[-122.16648,38.65267],[-122.17612,38.65874],[-122.18324,38.65714],[-122.19833,38.6692],[-122.20342,38.67718],[-122.20206,38.68854],[-122.22421,38.69998],[-122.22304,38.70451],[-122.23195,38.73496],[-122.24149,38.74315],[-122.25011,38.75526],[-122.25198,38.76773],[-122.25965,38.78992],[-122.27398,38.80944],[-122.28693,38.83801],[-122.28976,38.83929],[-122.31536,38.83947],[-122.32621,38.84593],[-122.34355,38.84129],[-122.34862,38.83606],[-122.37155,38.84465],[-122.38518,38.85248],[-122.39346,38.86294],[-122.39242,38.8668],[-122.3964,38.87406],[-122.41555,38.8971],[-122.42205,38.90089],[-122.40403,38.92529],[-122.24734,38.9239],[-122.01722,38.92591],[-121.83549,38.92448],[-121.83001,38.91906],[-121.80552,38.91507],[-121.815,38.91057],[-121.80774,38.90693],[-121.79186,38.90593],[-121.79111,38.90454],[-121.79458,38.90054],[-121.80353,38.902],[-121.80916,38.88774],[-121.81632,38.88496],[-121.81481,38.87658],[-121.79302,38.86297],[-121.77002,38.86154],[-121.74975,38.87124],[-121.7448,38.86415],[-121.73045,38.85909],[-121.72717,38.84846],[-121.73095,38.83578],[-121.72447,38.82805],[-121.72335,38.80376],[-121.7024,38.80291],[-121.69054,38.79483],[-121.69337,38.78982],[-121.68644,38.77536],[-121.69256,38.76771],[-121.67002,38.75931],[-121.67684,38.748],[-121.67278,38.7428],[-121.6679,38.74726],[-121.66471,38.75559],[-121.65488,38.76456],[-121.63424,38.76726],[-121.62411,38.78517],[-121.60302,38.77811],[-121.59262,38.76286],[-121.5955,38.74885],[-121.60261,38.73694],[-121.60577,38.71832],[-121.61422,38.70904],[-121.63045,38.69757],[-121.63361,38.69229],[-121.63377,38.68616],[-121.63192,38.68064],[-121.62801,38.67476],[-121.60957,38.66111],[-121.59407,38.64411],[-121.58717,38.64271],[-121.57607,38.6486],[-121.5651,38.6423],[-121.55827,38.6082],[-121.54987,38.5994],[-121.52767,38.6046],[-121.51577,38.6027],[-121.50867,38.5968],[-121.50627,38.58631],[-121.51157,38.575],[-121.52096,38.5662],[-121.51129,38.54629],[-121.51355,38.54019],[-121.52847,38.53211],[-121.52518,38.51896],[-121.55187,38.51381],[-121.55917,38.49801],[-121.54747,38.48121],[-121.53877,38.47471],[-121.50887,38.47281],[-121.50414,38.46656],[-121.50102,38.44916],[-121.50298,38.44072],[-121.50487,38.43861],[-121.51535,38.43452],[-121.52705,38.43482],[-121.53191,38.43271],[-121.53182,38.4282],[-121.51651,38.40724],[-121.51308,38.39604],[-121.51582,38.38577],[-121.52324,38.38058],[-121.52164,38.3601],[-121.53722,38.34759],[-121.55935,38.34257],[-121.57667,38.32747],[-121.58982,38.32269],[-121.59327,38.31309],[-121.6937,38.31373],[-121.69364,38.4876]]]}},{"type":"Feature","properties":{"name":"Yuba"},"geometry":{"type":"Polygon","coordinates":[[[-121.20015,39.30238],[-121.21619,39.2913],[-121.22098,39.28257],[-121.24015,39.284],[-121.26691,39.27161],[-121.25918,39.25642],[-121.26818,39.25337],[-121.26879,39.24025],[-121.27953,39.23054],[-121.27953,39.03462],[-121.29021,39.03687],[-121.29333,39.04397],[-121.29959,39.04728],[-121.3045,39.05247],[-121.31983,39.04845],[-121.33575,39.03879],[-121.35878,39.03023],[-121.36564,39.03174],[-121.37707,39.02101],[-121.39296,39.01082],[-121.406,39.00642],[-121.41488,38.99643],[-121.44383,38.99333],[-121.45631,38.99819],[-121.47441,38.99217],[-121.48205,38.9935],[-121.49369,38.9843],[-121.50903,38.98279],[-121.52465,38.97147],[-121.5433,38.97241],[-121.55352,38.95376],[-121.56147,38.95344],[-121.5713,38.93892],[-121.57555,38.92436],[-121.58068,38.9245],[-121.58187,38.93816],[-121.57826,38.94435],[-121.58159,38.95759],[-121.58046,38.96129],[-121.58145,38.96529],[-121.58737,38.97337],[-121.5894,38.99034],[-121.58062,39.00331],[-121.58194,39.00898],[-121.59927,39.0117],[-121.59435,39.0233],[-121.60563,39.03263],[-121.61014,39.05785],[-121.58627,39.09209],[-121.58676,39.0978],[-121.59123,39.10263],[-121.59399,39.10065],[-121.60268,39.10016],[-121.60461,39.11385],[-121.59768,39.12779],[-121.60757,39.1409],[-121.60551,39.14846],[-121.61561,39.16782],[-121.61157,39.17632],[-121.61845,39.18275],[-121.61303,39.19019],[-121.62403,39.19635],[-121.62112,39.20615],[-121.61369,39.21453],[-121.62478,39.22768],[-121.63637,39.24608],[-121.63588,39.2595],[-121.63027,39.26817],[-121.63193,39.27252],[-121.62224,39.2756],[-121.63156,39.29176],[-121.62417,39.29341],[-121.61872,39.302],[-121.62079,39.30295],[-121.61669,39.31237],[-121.612,39.31685],[-121.60084,39.31042],[-121.57418,39.3105],[-121.56314,39.30501],[-121.54873,39.30877],[-121.53164,39.31789],[-121.48949,39.31953],[-121.47542,39.33286],[-121.46404,39.33083],[-121.45849,39.33526],[-121.44334,39.3315],[-121.43481,39.33748],[-121.42626,39.33497],[-121.40724,39.33987],[-121.40051,39.34996],[-121.38785,39.356],[-121.38135,39.363],[-121.3729,39.36459],[-121.37256,39.37286],[-121.3641,39.38478],[-121.3587,39.40944],[-121.34181,39.42243],[-121.34062,39.4316],[-121.34661,39.44522],[-121.33842,39.45438],[-121.33826,39.46503],[-121.32414,39.46861],[-121.31479,39.4759],[-121.31498,39.48696],[-121.30542,39.49782],[-121.30512,39.51959],[-121.27679,39.52027],[-121.27708,39.51281],[-121.24024,39.51309],[-121.24048,39.52661],[-121.18517,39.52669],[-121.1854,39.51973],[-121.1593,39.5196],[-121.14991,39.52645],[-121.1499,39.55529],[-121.14121,39.56228],[-121.11645,39.56354],[-121.10697,39.56719],[-121.10746,39.58528],[-121.07954,39.58526],[-121.07669,39.59726],[-121.00948,39.63946],[-121.02438,39.55905],[-121.03979,39.55022],[-121.04217,39.55024],[-121.05774,39.53951],[-121.05784,39.53809],[-121.04874,39.51702],[-121.03441,39.51451],[-121.02208,39.39156],[-121.02452,39.38926],[-121.03182,39.3957],[-121.03653,39.39406],[-121.04076,39.38846],[-121.0449,39.38955],[-121.04815,39.39493],[-121.06156,39.39169],[-121.084,39.39462],[-121.0869,39.38639],[-121.09637,39.38769],[-121.10455,39.38026],[-121.12789,39.38004],[-121.13431,39.36903],[-121.14513,39.35578],[-121.15477,39.34861],[-121.15707,39.33283],[-121.15852,39.33201],[-121.1656,39.33875],[-121.18134,39.33762],[-121.18646,39.33033],[-121.19827,39.32394],[-121.20635,39.31647],[-121.20571,39.30967],[-121.20015,39.30238]]]}},{"type":"Feature","properties":{"name":"Lassen"},"geometry":{"type":"Polygon","coordinates":[[[-119.99987,41.18397],[-119.99878,40.77385],[-119.99598,40.57055],[-119.99771,39.99991],[-120.00106,39.72242],[-120.0158,39.72236],[-120.01573,39.70872],[-120.12604,39.70892],[-120.14715,39.70766],[-120.14658,39.73641],[-120.12776,39.73616],[-120.12763,39.75095],[-120.11911,39.75109],[-120.11958,39.76563],[-120.11063,39.76578],[-120.11107,39.78082],[-120.10781,39.79421],[-120.1081,39.88127],[-120.09934,39.88122],[-120.09956,39.91034],[-120.10888,39.91037],[-120.10876,39.93951],[-120.12657,39.93955],[-120.12671,39.94775],[-120.15433,39.96853],[-120.16365,39.96866],[-120.16341,39.98378],[-120.17327,39.98389],[-120.173,39.99833],[-120.18245,39.99852],[-120.18248,40.01335],[-120.20126,40.01347],[-120.20138,40.04274],[-120.21089,40.04276],[-120.20931,40.05629],[-120.20964,40.08601],[-120.24689,40.08581],[-120.24679,40.10789],[-120.26563,40.10775],[-120.27515,40.11481],[-120.34138,40.11524],[-120.34146,40.12256],[-120.36061,40.12251],[-120.3604,40.12953],[-120.3794,40.12951],[-120.37912,40.14056],[-120.39831,40.14064],[-120.40795,40.14735],[-120.40761,40.16216],[-120.41692,40.16944],[-120.43637,40.16956],[-120.44589,40.17685],[-120.44528,40.19136],[-120.45415,40.19136],[-120.45433,40.20575],[-120.48285,40.2058],[-120.48246,40.22018],[-120.49206,40.22029],[-120.49172,40.23479],[-120.51066,40.2347],[-120.51082,40.24895],[-120.52973,40.2492],[-120.5297,40.2562],[-120.54866,40.25628],[-120.54872,40.2636],[-120.57673,40.2638],[-120.57682,40.28543],[-120.6228,40.28571],[-120.62266,40.29301],[-120.6425,40.29318],[-120.65165,40.30045],[-120.65216,40.30766],[-120.72642,40.30843],[-120.72657,40.31593],[-120.7644,40.31601],[-120.77373,40.30868],[-120.7738,40.30143],[-120.79676,40.30094],[-120.796,40.27773],[-120.81465,40.27783],[-120.81501,40.27073],[-120.83382,40.27073],[-120.83406,40.25616],[-120.85312,40.2418],[-120.87178,40.24164],[-120.87176,40.19944],[-120.89068,40.19941],[-120.89065,40.19212],[-120.92858,40.19193],[-120.92807,40.20645],[-120.94715,40.2065],[-120.94619,40.22081],[-121.00373,40.22098],[-121.00392,40.23494],[-121.04152,40.2348],[-121.04152,40.25647],[-121.06149,40.25642],[-121.06142,40.44654],[-121.32783,40.44537],[-121.32668,40.49757],[-121.32298,40.49759],[-121.32119,40.8887],[-121.31997,40.90589],[-121.33234,40.90539],[-121.33097,40.93457],[-121.33179,41.18389],[-119.99987,41.18397]]]}},{"type":"Feature","properties":{"name":"Kings"},"geometry":{"type":"Polygon","coordinates":[[[-119.47461,36.26903],[-119.52936,36.26985],[-119.52914,36.13791],[-119.53638,36.13789],[-119.53617,35.96342],[-119.53738,35.96335],[-119.53812,35.78957],[-120.21398,35.78928],[-120.21809,35.8143],[-120.22067,35.81954],[-120.24984,35.82994],[-120.2593,35.84505],[-120.24599,35.86413],[-120.24327,35.87767],[-120.26269,35.89609],[-120.27693,35.90646],[-120.31507,35.90719],[-119.95921,36.1814],[-119.95923,36.40098],[-119.75421,36.40202],[-119.7451,36.41705],[-119.72756,36.42035],[-119.71152,36.4198],[-119.70513,36.42716],[-119.68694,36.42582],[-119.68111,36.42972],[-119.67196,36.4255],[-119.66692,36.41873],[-119.57319,36.48884],[-119.52829,36.48754],[-119.52879,36.40147],[-119.47489,36.40095],[-119.47461,36.26903]]]}},{"type":"Feature","properties":{"name":"Mono"},"geometry":{"type":"Polygon","coordinates":[[[-119.30459,38.02389],[-119.31249,38.04569],[-119.32264,38.04986],[-119.32421,38.06094],[-119.33671,38.07039],[-119.34984,38.08557],[-119.35713,38.08298],[-119.36506,38.0902],[-119.38022,38.09255],[-119.39702,38.10682],[-119.42396,38.10744],[-119.42881,38.11556],[-119.44023,38.10487],[-119.44587,38.09306],[-119.46369,38.09834],[-119.45912,38.10762],[-119.47187,38.11609],[-119.46946,38.12828],[-119.48852,38.13217],[-119.48913,38.14344],[-119.50448,38.15812],[-119.50759,38.13691],[-119.54189,38.14465],[-119.5455,38.15306],[-119.5765,38.15766],[-119.58563,38.18438],[-119.59832,38.1816],[-119.60993,38.19043],[-119.61771,38.1905],[-119.63267,38.19886],[-119.62635,38.20467],[-119.62442,38.22867],[-119.60494,38.23416],[-119.6219,38.25279],[-119.6132,38.26142],[-119.62681,38.26806],[-119.63776,38.27839],[-119.65151,38.28646],[-119.64362,38.29166],[-119.64219,38.30699],[-119.64478,38.32164],[-119.63185,38.33474],[-119.62834,38.3586],[-119.60739,38.36646],[-119.6188,38.38274],[-119.62209,38.39388],[-119.60121,38.40535],[-119.58634,38.39695],[-119.56755,38.40512],[-119.56199,38.41073],[-119.56894,38.43396],[-119.55643,38.44747],[-119.55898,38.46044],[-119.55586,38.47024],[-119.54687,38.47352],[-119.54245,38.48065],[-119.54537,38.49003],[-119.54286,38.49969],[-119.55662,38.5017],[-119.55622,38.51662],[-119.56538,38.52638],[-119.56805,38.53771],[-119.57411,38.54082],[-119.58737,38.55835],[-119.58931,38.57356],[-119.59602,38.58185],[-119.59981,38.59335],[-119.60886,38.59472],[-119.61907,38.60353],[-119.62107,38.61442],[-119.61493,38.63815],[-119.61686,38.64463],[-119.60901,38.66591],[-119.59764,38.67411],[-119.59146,38.68217],[-119.58844,38.69266],[-119.57952,38.70561],[-119.58544,38.71321],[-119.09716,38.37285],[-118.7142,38.10211],[-118.25096,37.76862],[-117.97954,37.57214],[-117.90462,37.51584],[-117.87593,37.49727],[-117.83273,37.46493],[-118.20399,37.46264],[-118.77501,37.46305],[-118.78605,37.47868],[-118.7971,37.48871],[-118.81553,37.48781],[-118.83279,37.48019],[-118.8419,37.48089],[-118.85047,37.4758],[-118.85722,37.47947],[-118.86076,37.50153],[-118.87116,37.50794],[-118.87566,37.50794],[-118.88166,37.51034],[-118.88366,37.52014],[-118.90976,37.53934],[-118.91706,37.55034],[-118.92966,37.54894],[-118.93896,37.55444],[-118.94266,37.56214],[-118.95266,37.56584],[-118.96406,37.55814],[-118.97696,37.55684],[-118.98146,37.56494],[-119.00226,37.57114],[-119.02236,37.58574],[-119.03436,37.60354],[-119.03089,37.62089],[-119.03145,37.62786],[-119.04532,37.63705],[-119.0614,37.65783],[-119.05955,37.66538],[-119.06517,37.68456],[-119.07335,37.69289],[-119.09313,37.70363],[-119.10969,37.72474],[-119.12698,37.73455],[-119.14789,37.73276],[-119.16907,37.73836],[-119.17244,37.73681],[-119.19849,37.73666],[-119.21633,37.71412],[-119.23031,37.71809],[-119.23334,37.72241],[-119.24304,37.72855],[-119.26008,37.72663],[-119.26898,37.73923],[-119.25468,37.74663],[-119.24308,37.76913],[-119.22198,37.77883],[-119.21278,37.79173],[-119.20178,37.79933],[-119.20128,37.80293],[-119.20498,37.80953],[-119.21688,37.81833],[-119.21328,37.82503],[-119.20398,37.82983],[-119.20708,37.83823],[-119.21548,37.84703],[-119.21408,37.87153],[-119.20768,37.88983],[-119.21078,37.89943],[-119.21988,37.89863],[-119.22668,37.90663],[-119.23978,37.91183],[-119.24788,37.91013],[-119.26559,37.91383],[-119.26399,37.92653],[-119.28059,37.93383],[-119.28789,37.93302],[-119.29589,37.94272],[-119.30839,37.94682],[-119.31389,37.95432],[-119.31529,37.96532],[-119.32199,37.96902],[-119.31469,37.98112],[-119.31839,37.98642],[-119.30836,38.00919],[-119.30459,38.02389]]]}},{"type":"Feature","properties":{"name":"Monterey"},"geometry":{"type":"Polygon","coordinates":[[[-121.80176,36.8565],[-121.80049,36.85883],[-121.80335,36.86674],[-121.78701,36.88497],[-121.77746,36.88321],[-121.77061,36.88479],[-121.76665,36.88734],[-121.7525,36.9039],[-121.74529,36.90934],[-121.7367,36.90844],[-121.72709,36.9139],[-121.72182,36.91303],[-121.71,36.9153],[-121.69744,36.91161],[-121.68062,36.90328],[-121.66347,36.91347],[-121.65425,36.91219],[-121.65216,36.90805],[-121.65309,36.90502],[-121.65151,36.90061],[-121.64656,36.90283],[-121.6422,36.88365],[-121.64256,36.8737],[-121.62209,36.8462],[-121.5977,36.83735],[-121.50575,36.75891],[-121.48264,36.76541],[-121.47437,36.75667],[-121.473,36.74633],[-121.46237,36.74385],[-121.45223,36.72423],[-121.46412,36.71757],[-121.48451,36.71306],[-121.4808,36.70421],[-121.46869,36.68949],[-121.46876,36.68701],[-121.46096,36.68669],[-121.44345,36.67313],[-121.43157,36.67873],[-121.41484,36.67246],[-121.40835,36.65666],[-121.37833,36.65286],[-121.36803,36.65674],[-121.35951,36.65281],[-121.34231,36.63952],[-121.34207,36.63208],[-121.33225,36.62036],[-121.31837,36.61003],[-121.325,36.59844],[-121.32347,36.57787],[-121.33392,36.5744],[-121.3287,36.55474],[-121.31348,36.54992],[-121.29677,36.53231],[-121.29536,36.52713],[-121.30719,36.51681],[-121.31179,36.50274],[-121.30884,36.49943],[-121.29453,36.50611],[-121.26896,36.50197],[-121.24722,36.50687],[-121.23929,36.50478],[-121.22811,36.4846],[-121.22546,36.47199],[-121.21508,36.47321],[-121.20982,36.4648],[-121.19752,36.45442],[-121.19346,36.44575],[-121.0408,36.32397],[-121.0403,36.27106],[-121.02744,36.27529],[-121.02724,36.25989],[-121.01874,36.26022],[-121.0159,36.26709],[-120.99241,36.26992],[-120.98749,36.27514],[-120.98506,36.29021],[-120.97379,36.29032],[-120.95343,36.27471],[-120.9428,36.28034],[-120.93427,36.2904],[-120.9331,36.29977],[-120.9257,36.30214],[-120.92055,36.31101],[-120.89902,36.30076],[-120.89237,36.29249],[-120.87413,36.29523],[-120.86399,36.29193],[-120.85645,36.28473],[-120.84072,36.27704],[-120.83912,36.26975],[-120.82931,36.25716],[-120.81435,36.25318],[-120.80547,36.24017],[-120.78928,36.235],[-120.77602,36.22013],[-120.77033,36.21839],[-120.76129,36.20339],[-120.74439,36.19878],[-120.73139,36.20355],[-120.71277,36.19857],[-120.70612,36.20373],[-120.70641,36.22769],[-120.71784,36.25938],[-120.72481,36.27032],[-120.73211,36.27546],[-120.73385,36.2842],[-120.74311,36.29806],[-120.75102,36.3042],[-120.74665,36.31023],[-120.70768,36.28576],[-120.70195,36.28616],[-120.68525,36.27098],[-120.68354,36.27157],[-120.67858,36.26732],[-120.6796,36.26731],[-120.67295,36.25768],[-120.67991,36.25418],[-120.68184,36.25105],[-120.66692,36.236],[-120.65169,36.23066],[-120.64926,36.22395],[-120.62691,36.20323],[-120.63837,36.19748],[-120.64237,36.18592],[-120.65462,36.16772],[-120.66306,36.17116],[-120.66798,36.16057],[-120.66484,36.14035],[-120.65573,36.13178],[-120.6532,36.11882],[-120.64542,36.1162],[-120.64878,36.10799],[-120.64189,36.10127],[-120.63222,36.10183],[-120.61165,36.09563],[-120.60061,36.10159],[-120.59231,36.09183],[-120.59603,36.07779],[-120.59231,36.07188],[-120.56665,36.05293],[-120.54541,36.04612],[-120.54041,36.03666],[-120.53077,36.03544],[-120.5298,36.02428],[-120.51757,36.02754],[-120.51044,36.022],[-120.49755,36.02018],[-120.4787,36.01018],[-120.47739,36.00082],[-120.46369,35.99278],[-120.4497,35.98843],[-120.43966,35.97958],[-120.43305,35.96893],[-120.41021,35.97572],[-120.3966,35.97036],[-120.35982,35.96398],[-120.35451,35.94649],[-120.33588,35.93709],[-120.33671,35.92365],[-120.32427,35.90884],[-120.31507,35.90719],[-120.27693,35.90646],[-120.26269,35.89609],[-120.24327,35.87767],[-120.24599,35.86413],[-120.2593,35.84505],[-120.24984,35.82994],[-120.22067,35.81954],[-120.21809,35.8143],[-120.21398,35.78928],[-121.34788,35.79519],[-121.36356,35.80862],[-121.38802,35.82324],[-121.40262,35.83896],[-121.4134,35.85621],[-121.42426,35.85926],[-121.44639,35.87167],[-121.45263,35.88018],[-121.46221,35.88569],[-121.46285,35.90344],[-121.47219,35.91871],[-121.46842,35.92374],[-121.47655,35.93104],[-121.47589,35.93963],[-121.4819,35.94968],[-121.48455,35.96483],[-121.49119,35.9821],[-121.50199,35.99907],[-121.51152,36.00666],[-121.53451,36.01516],[-121.57333,36.02349],[-121.58201,36.04074],[-121.59123,36.04897],[-121.59248,36.06455],[-121.60684,36.07204],[-121.61866,36.08992],[-121.62595,36.10752],[-121.65871,36.14588],[-121.67306,36.15749],[-121.6755,36.16334],[-121.69861,36.17485],[-121.70143,36.18111],[-121.71634,36.19472],[-121.74625,36.21033],[-121.75341,36.21074],[-121.76502,36.21978],[-121.79983,36.23491],[-121.81355,36.23432],[-121.83577,36.24958],[-121.84574,36.27112],[-121.85692,36.28089],[-121.86313,36.28086],[-121.88001,36.29371],[-121.8856,36.30163],[-121.89952,36.30687],[-121.89445,36.31745],[-121.89648,36.32743],[-121.8928,36.34139],[-121.9069,36.3563],[-121.90266,36.36363],[-121.9057,36.37426],[-121.90159,36.38154],[-121.90565,36.39835],[-121.91459,36.40306],[-121.917,36.41138],[-121.91447,36.42568],[-121.92975,36.44914],[-121.92539,36.45389],[-121.93002,36.46656],[-121.94584,36.49074],[-121.93909,36.4974],[-121.93923,36.50685],[-121.95214,36.51665],[-121.92528,36.52658],[-121.93381,36.5437],[-121.92952,36.54743],[-121.93265,36.55957],[-121.94075,36.56564],[-121.95162,36.56117],[-121.96977,36.56902],[-121.97595,36.57723],[-121.96801,36.58271],[-121.96192,36.59453],[-121.959,36.6094],[-121.94964,36.60975],[-121.94124,36.61881],[-121.9364,36.63703],[-121.92589,36.63583],[-121.92122,36.62832],[-121.90959,36.62104],[-121.90348,36.62106],[-121.89383,36.60936],[-121.89294,36.60304],[-121.87592,36.60259],[-121.85898,36.61211],[-121.84155,36.63093],[-121.82391,36.6591],[-121.81453,36.68304],[-121.80736,36.71374],[-121.80573,36.74969],[-121.79122,36.79736],[-121.78149,36.81077],[-121.75561,36.81076],[-121.73619,36.80619],[-121.74057,36.8249],[-121.74975,36.81751],[-121.77302,36.82058],[-121.78962,36.80752],[-121.80942,36.85143],[-121.80176,36.8565]]]}},{"type":"Feature","properties":{"name":"Napa"},"geometry":{"type":"Polygon","coordinates":[[[-122.574,38.54036],[-122.58508,38.54913],[-122.60328,38.55878],[-122.62085,38.56032],[-122.6204,38.56574],[-122.63208,38.56988],[-122.63049,38.57901],[-122.64642,38.59859],[-122.62829,38.62304],[-122.6341,38.63691],[-122.6242,38.64981],[-122.6237,38.66431],[-122.6274,38.66751],[-122.46389,38.7052],[-122.40899,38.7763],[-122.41229,38.7858],[-122.39799,38.804],[-122.37939,38.8021],[-122.37349,38.817],[-122.38199,38.8338],[-122.40389,38.8556],[-122.39506,38.86424],[-122.38518,38.85248],[-122.37155,38.84465],[-122.34862,38.83606],[-122.34355,38.84129],[-122.32621,38.84593],[-122.31536,38.83947],[-122.28976,38.83929],[-122.28693,38.83801],[-122.27398,38.80944],[-122.25965,38.78992],[-122.25198,38.76773],[-122.25011,38.75526],[-122.24149,38.74315],[-122.23195,38.73496],[-122.22304,38.70451],[-122.22421,38.69998],[-122.20206,38.68854],[-122.20342,38.67718],[-122.19833,38.6692],[-122.18324,38.65714],[-122.17612,38.65874],[-122.16648,38.65267],[-122.16233,38.6441],[-122.16118,38.63538],[-122.17043,38.6296],[-122.16835,38.6193],[-122.16092,38.6193],[-122.15756,38.62269],[-122.15147,38.62525],[-122.15136,38.62282],[-122.13995,38.60989],[-122.12812,38.5837],[-122.11407,38.53722],[-122.11156,38.52405],[-122.10328,38.51335],[-122.10628,38.50831],[-122.10488,38.49081],[-122.11318,38.47482],[-122.12358,38.44761],[-122.12656,38.43248],[-122.1252,38.42416],[-122.11469,38.41391],[-122.10958,38.40461],[-122.08913,38.38464],[-122.07768,38.36371],[-122.07338,38.36091],[-122.06838,38.33971],[-122.06138,38.32961],[-122.06478,38.31591],[-122.20598,38.31571],[-122.19908,38.30011],[-122.20348,38.29291],[-122.18838,38.27161],[-122.21228,38.27281],[-122.21688,38.26232],[-122.21298,38.25912],[-122.19678,38.25842],[-122.19518,38.25072],[-122.20539,38.24462],[-122.19598,38.23041],[-122.19398,38.21361],[-122.20568,38.20822],[-122.20588,38.19622],[-122.21558,38.18842],[-122.21508,38.17972],[-122.20358,38.16872],[-122.19448,38.16472],[-122.19538,38.15502],[-122.40679,38.15563],[-122.39682,38.16145],[-122.37112,38.15772],[-122.36756,38.15879],[-122.36621,38.16086],[-122.36954,38.17452],[-122.3679,38.18346],[-122.35737,38.18396],[-122.36054,38.19506],[-122.35039,38.20055],[-122.35893,38.20948],[-122.35992,38.2305],[-122.36679,38.24701],[-122.37459,38.24452],[-122.3899,38.2607],[-122.38819,38.27422],[-122.39699,38.27209],[-122.40459,38.28142],[-122.40082,38.28955],[-122.40369,38.29963],[-122.39461,38.30472],[-122.4054,38.32212],[-122.42013,38.33834],[-122.42675,38.34877],[-122.43951,38.35811],[-122.4472,38.35904],[-122.45759,38.36722],[-122.44789,38.37931],[-122.46589,38.39041],[-122.47059,38.40491],[-122.49549,38.42351],[-122.49139,38.43441],[-122.48,38.44303],[-122.48299,38.45271],[-122.50729,38.45725],[-122.50799,38.46449],[-122.51624,38.47087],[-122.52959,38.46961],[-122.5314,38.47854],[-122.5449,38.49629],[-122.54389,38.51997],[-122.55278,38.52569],[-122.56985,38.52999],[-122.574,38.54036]]]}},{"type":"Feature","properties":{"name":"Nevada"},"geometry":{"type":"Polygon","coordinates":[[[-120.71634,39.48738],[-120.70659,39.49306],[-120.70088,39.50254],[-120.69011,39.50559],[-120.67808,39.51759],[-120.65604,39.52611],[-120.62227,39.52149],[-120.57719,39.52314],[-120.56806,39.51588],[-120.55605,39.51337],[-120.54908,39.49447],[-120.53519,39.48371],[-120.53452,39.46438],[-120.51676,39.4549],[-120.50766,39.4534],[-120.50544,39.44612],[-120.00377,39.44506],[-120.00632,39.3165],[-120.64579,39.31515],[-120.70251,39.29978],[-120.7107,39.29226],[-120.72789,39.28808],[-120.74729,39.27486],[-120.7564,39.26435],[-120.78509,39.24802],[-120.80394,39.23339],[-120.81657,39.22997],[-120.83401,39.21822],[-120.85489,39.2088],[-120.86081,39.19248],[-120.86896,39.18536],[-120.86885,39.18074],[-120.89587,39.17651],[-120.90472,39.17295],[-120.909,39.17017],[-120.91124,39.16404],[-120.9369,39.15139],[-120.94749,39.1434],[-120.94905,39.13758],[-120.9651,39.12852],[-120.98034,39.11017],[-120.98968,39.11093],[-120.98635,39.10223],[-120.98845,39.08556],[-120.99292,39.07465],[-121.00707,39.06122],[-121.00818,39.05216],[-121.02901,39.03843],[-121.03106,39.02796],[-121.04161,39.01379],[-121.06223,39.00974],[-121.06587,39.00644],[-121.08067,39.00721],[-121.09027,39.01427],[-121.10513,39.01212],[-121.1059,39.01475],[-121.11807,39.02011],[-121.1251,39.03245],[-121.13798,39.03791],[-121.15014,39.03223],[-121.15249,39.02679],[-121.17262,39.01853],[-121.17938,39.01995],[-121.18637,39.01287],[-121.19887,39.01755],[-121.20591,39.01185],[-121.22009,39.01179],[-121.23339,39.02474],[-121.24096,39.02137],[-121.24968,39.02892],[-121.26585,39.03031],[-121.27953,39.03462],[-121.27953,39.23054],[-121.26879,39.24025],[-121.26818,39.25337],[-121.25918,39.25642],[-121.26691,39.27161],[-121.24015,39.284],[-121.22098,39.28257],[-121.21619,39.2913],[-121.20015,39.30238],[-121.20571,39.30967],[-121.20635,39.31647],[-121.19827,39.32394],[-121.18646,39.33033],[-121.18134,39.33762],[-121.17898,39.33856],[-121.1656,39.33875],[-121.15852,39.33201],[-121.15707,39.33283],[-121.15477,39.34861],[-121.14513,39.35578],[-121.13431,39.36903],[-121.12789,39.38004],[-121.10455,39.38026],[-121.09637,39.38769],[-121.0869,39.38639],[-121.084,39.39462],[-121.06156,39.39169],[-121.04815,39.39493],[-121.0449,39.38955],[-121.04076,39.38846],[-121.03653,39.39406],[-121.03182,39.3957],[-121.02452,39.38926],[-121.01984,39.39324],[-121.00752,39.39907],[-121.00701,39.40472],[-120.99182,39.41427],[-120.97862,39.41782],[-120.95899,39.41572],[-120.93007,39.4202],[-120.91286,39.42484],[-120.89394,39.42413],[-120.8845,39.42938],[-120.86451,39.43029],[-120.85463,39.43586],[-120.83309,39.43715],[-120.81101,39.43607],[-120.79937,39.43798],[-120.76263,39.45342],[-120.75708,39.45237],[-120.71515,39.48118],[-120.71451,39.48374],[-120.71634,39.48738]]]}},{"type":"Feature","properties":{"name":"Orange"},"geometry":{"type":"MultiPolygon","coordinates":[[[[-118.08674,33.79609],[-118.0846,33.80322],[-118.0726,33.81512],[-118.06316,33.81961],[-118.0635,33.83152],[-118.05899,33.83521],[-118.05892,33.84612],[-118.05037,33.84992],[-118.03754,33.86237],[-118.02858,33.86625],[-118.02868,33.87322],[-118.0114,33.87331],[-118.0114,33.88091],[-118.00259,33.88091],[-117.99406,33.88811],[-117.994,33.89541],[-117.98548,33.90277],[-117.97659,33.90281],[-117.9765,33.94605],[-117.78329,33.94641],[-117.74869,33.92181],[-117.68029,33.87741],[-117.67505,33.86873],[-117.67428,33.85796],[-117.66212,33.8575],[-117.58079,33.76948],[-117.56907,33.76457],[-117.53645,33.75767],[-117.534,33.71036],[-117.47457,33.70381],[-117.45798,33.69029],[-117.41299,33.65905],[-117.51021,33.534],[-117.50991,33.52055],[-117.50318,33.5204],[-117.50376,33.50894],[-117.50972,33.50906],[-117.50958,33.47166],[-117.53843,33.45564],[-117.55723,33.45119],[-117.57848,33.45393],[-117.59594,33.38642],[-117.60722,33.4054],[-117.63316,33.43164],[-117.65199,33.44554],[-117.68184,33.46162],[-117.69278,33.46007],[-117.71505,33.46442],[-117.72585,33.48192],[-117.73887,33.49062],[-117.73903,33.4949],[-117.78618,33.5423],[-117.81997,33.55374],[-117.82433,33.56183],[-117.83335,33.56597],[-117.84103,33.57421],[-117.86415,33.58484],[-117.88855,33.60979],[-117.90009,33.60988],[-117.92647,33.62054],[-117.92367,33.61156],[-117.92771,33.6059],[-117.9407,33.62031],[-117.957,33.62742],[-118.0049,33.65651],[-118.03844,33.68414],[-118.05341,33.70043],[-118.09634,33.73833],[-118.10015,33.73499],[-118.11579,33.7407],[-118.11217,33.74757],[-118.09197,33.75847],[-118.09371,33.76833],[-118.09911,33.77652],[-118.08674,33.79609]]],[[[-118.11483,33.74595],[-118.11408,33.74653],[-118.11942,33.73761],[-118.11483,33.74595]]]]}},{"type":"Feature","properties":{"name":"Placer"},"geometry":{"type":"Polygon","coordinates":[[[-121.06223,39.00974],[-121.04161,39.01379],[-121.03106,39.02796],[-121.02901,39.03843],[-121.00818,39.05216],[-121.00707,39.06122],[-120.99292,39.07465],[-120.98845,39.08556],[-120.98635,39.10223],[-120.98968,39.11093],[-120.98872,39.11178],[-120.98034,39.11017],[-120.9651,39.12852],[-120.94905,39.13758],[-120.94749,39.1434],[-120.9369,39.15139],[-120.91124,39.16404],[-120.909,39.17017],[-120.90472,39.17295],[-120.89587,39.17651],[-120.86885,39.18074],[-120.86896,39.18536],[-120.86081,39.19248],[-120.85489,39.2088],[-120.83401,39.21822],[-120.81657,39.22997],[-120.80394,39.23339],[-120.78509,39.24802],[-120.7564,39.26435],[-120.74729,39.27486],[-120.72789,39.28808],[-120.7107,39.29226],[-120.70251,39.29978],[-120.64579,39.31515],[-120.00632,39.3165],[-120.00246,39.06749],[-120.14366,39.06729],[-120.15302,39.06033],[-120.15298,39.04581],[-120.16496,39.04579],[-120.16503,39.03849],[-120.18356,39.03837],[-120.1841,39.03101],[-120.24016,39.03089],[-120.24041,39.02367],[-120.32812,39.02243],[-120.43524,39.0284],[-120.44486,39.01834],[-120.45383,38.99487],[-120.47078,38.96565],[-120.48566,38.95929],[-120.49418,38.94236],[-120.50263,38.94109],[-120.51207,38.93127],[-120.52734,38.93158],[-120.53449,38.92602],[-120.5632,38.91382],[-120.57951,38.91724],[-120.58749,38.93159],[-120.59346,38.93213],[-120.59387,38.93513],[-120.59624,38.93625],[-120.59938,38.93674],[-120.60437,38.93422],[-120.60694,38.93525],[-120.61135,38.94264],[-120.62947,38.94641],[-120.63538,38.9434],[-120.65416,38.94823],[-120.65524,38.95311],[-120.67275,38.95859],[-120.68276,38.96907],[-120.68089,38.97789],[-120.69291,38.98527],[-120.7039,38.98118],[-120.71629,38.98667],[-120.72277,38.99851],[-120.7578,39.00768],[-120.77022,39.00702],[-120.79829,38.99611],[-120.80192,39.0011],[-120.81229,39.00013],[-120.82971,38.98734],[-120.83269,38.97381],[-120.84794,38.97698],[-120.85553,38.96682],[-120.8521,38.95955],[-120.8589,38.95226],[-120.8905,38.95956],[-120.89999,38.95335],[-120.91387,38.95521],[-120.92319,38.9609],[-120.93727,38.96368],[-120.94056,38.96098],[-120.93841,38.95737],[-120.93857,38.93556],[-120.95777,38.93911],[-120.96267,38.9343],[-120.98891,38.92803],[-121.00105,38.91783],[-121.0184,38.91824],[-121.03378,38.91282],[-121.04041,38.91565],[-121.05291,38.90014],[-121.04614,38.88886],[-121.05968,38.88387],[-121.05326,38.86835],[-121.06181,38.85992],[-121.05758,38.85008],[-121.05799,38.84785],[-121.07268,38.84294],[-121.08872,38.8271],[-121.08496,38.81601],[-121.09343,38.81385],[-121.10232,38.79591],[-121.103,38.78555],[-121.11926,38.76579],[-121.11748,38.75779],[-121.12835,38.73358],[-121.13329,38.73145],[-121.13451,38.71203],[-121.15186,38.7115],[-121.4844,38.7346],[-121.48444,38.75135],[-121.46975,38.7516],[-121.46936,38.92599],[-121.4144,38.92621],[-121.41488,38.99643],[-121.406,39.00642],[-121.39296,39.01082],[-121.37707,39.02101],[-121.36564,39.03174],[-121.35878,39.03023],[-121.33575,39.03879],[-121.31983,39.04845],[-121.3045,39.05247],[-121.29959,39.04728],[-121.29333,39.04397],[-121.29021,39.03687],[-121.27693,39.03452],[-121.26585,39.03031],[-121.24968,39.02892],[-121.24096,39.02137],[-121.23339,39.02474],[-121.22009,39.01179],[-121.20591,39.01185],[-121.19887,39.01755],[-121.18637,39.01287],[-121.17938,39.01995],[-121.17262,39.01853],[-121.15249,39.02679],[-121.15014,39.03223],[-121.13798,39.03791],[-121.1251,39.03245],[-121.11807,39.02011],[-121.1059,39.01475],[-121.10513,39.01212],[-121.09027,39.01427],[-121.08067,39.00721],[-121.06587,39.00644],[-121.06223,39.00974]]]}},{"type":"Feature","properties":{"name":"Plumas"},"geometry":{"type":"Polygon","coordinates":[[[-121.35108,39.84035],[-121.36052,39.84074],[-121.36121,39.85547],[-121.38018,39.85542],[-121.38015,39.86282],[-121.39853,39.86288],[-121.39902,39.87129],[-121.41194,39.87142],[-121.411,39.90043],[-121.42996,39.90031],[-121.43001,39.91483],[-121.411,39.91509],[-121.41109,39.92943],[-121.42058,39.92945],[-121.41984,39.95863],[-121.41033,39.95848],[-121.41026,39.9873],[-121.41982,39.98755],[-121.41948,40.01577],[-121.40956,40.01573],[-121.40964,40.03062],[-121.40034,40.03052],[-121.40035,40.0521],[-121.38227,40.05183],[-121.37708,40.05709],[-121.37684,40.07175],[-121.36714,40.07189],[-121.36682,40.08605],[-121.37679,40.08603],[-121.37649,40.10863],[-121.38593,40.1159],[-121.40485,40.11554],[-121.40451,40.15165],[-121.44187,40.15208],[-121.44512,40.17769],[-121.43611,40.18188],[-121.44411,40.19075],[-121.43919,40.19509],[-121.41273,40.19431],[-121.40736,40.1914],[-121.38503,40.2103],[-121.36839,40.21223],[-121.36171,40.22558],[-121.36741,40.23601],[-121.3671,40.24557],[-121.35688,40.25337],[-121.349,40.26445],[-121.35032,40.27588],[-121.35913,40.27689],[-121.36319,40.2875],[-121.37026,40.28796],[-121.3768,40.29799],[-121.36744,40.30093],[-121.35844,40.297],[-121.35663,40.29747],[-121.34226,40.30975],[-121.36891,40.32564],[-121.36796,40.3318],[-121.38038,40.34029],[-121.41207,40.34272],[-121.42935,40.35035],[-121.44274,40.34807],[-121.47039,40.35021],[-121.48099,40.36661],[-121.47391,40.37403],[-121.48197,40.38151],[-121.48343,40.40204],[-121.4796,40.41951],[-121.47403,40.42373],[-121.49788,40.432],[-121.49763,40.44559],[-121.36611,40.44593],[-121.34653,40.44971],[-121.33757,40.44548],[-121.30835,40.44509],[-121.06142,40.44654],[-121.06149,40.25642],[-121.04152,40.25647],[-121.04152,40.2348],[-121.00392,40.23494],[-121.00373,40.22098],[-120.94619,40.22081],[-120.94715,40.2065],[-120.92807,40.20645],[-120.92858,40.19193],[-120.89065,40.19212],[-120.89068,40.19941],[-120.87176,40.19944],[-120.87178,40.24164],[-120.85312,40.2418],[-120.83406,40.25616],[-120.83382,40.27073],[-120.81501,40.27073],[-120.81465,40.27783],[-120.796,40.27773],[-120.79676,40.30094],[-120.7738,40.30143],[-120.77373,40.30868],[-120.7644,40.31601],[-120.72657,40.31593],[-120.72642,40.30843],[-120.65216,40.30766],[-120.65165,40.30045],[-120.6425,40.29318],[-120.62266,40.29301],[-120.6228,40.28571],[-120.57682,40.28543],[-120.57673,40.2638],[-120.54872,40.2636],[-120.54866,40.25628],[-120.5297,40.2562],[-120.52973,40.2492],[-120.51082,40.24895],[-120.51066,40.2347],[-120.49172,40.23479],[-120.49206,40.22029],[-120.48246,40.22018],[-120.48285,40.2058],[-120.45433,40.20575],[-120.45415,40.19136],[-120.44528,40.19136],[-120.44589,40.17685],[-120.43637,40.16956],[-120.41692,40.16944],[-120.40761,40.16216],[-120.40795,40.14735],[-120.39831,40.14064],[-120.37912,40.14056],[-120.3794,40.12951],[-120.3604,40.12953],[-120.36061,40.12251],[-120.34146,40.12256],[-120.34138,40.11524],[-120.27515,40.11481],[-120.26563,40.10775],[-120.24679,40.10789],[-120.24689,40.08581],[-120.20964,40.08601],[-120.20931,40.05629],[-120.21089,40.04276],[-120.20138,40.04274],[-120.20126,40.01347],[-120.18248,40.01335],[-120.18245,39.99852],[-120.173,39.99833],[-120.17327,39.98389],[-120.16341,39.98378],[-120.16365,39.96866],[-120.15433,39.96853],[-120.12671,39.94775],[-120.12657,39.93955],[-120.10876,39.93951],[-120.10888,39.91037],[-120.09956,39.91034],[-120.09934,39.88122],[-120.1081,39.88127],[-120.10781,39.79421],[-120.11107,39.78082],[-120.11063,39.76578],[-120.11958,39.76563],[-120.11911,39.75109],[-120.12763,39.75095],[-120.12776,39.73616],[-120.14658,39.73641],[-120.14715,39.70766],[-120.44634,39.70857],[-120.46536,39.70646],[-120.65423,39.70663],[-120.65489,39.69394],[-120.65975,39.68647],[-120.68076,39.67683],[-120.69502,39.69171],[-120.70198,39.6912],[-120.70786,39.69923],[-120.72052,39.70785],[-120.73406,39.70821],[-120.74952,39.71961],[-120.76967,39.71801],[-120.77175,39.71352],[-120.79241,39.70971],[-120.79477,39.7184],[-120.81172,39.7254],[-120.81301,39.74233],[-120.8272,39.74245],[-120.83782,39.74573],[-120.84431,39.75613],[-120.85439,39.75991],[-120.85949,39.77046],[-120.87343,39.77606],[-120.89523,39.75985],[-120.906,39.75735],[-120.91322,39.75749],[-120.92558,39.74435],[-120.93437,39.73879],[-120.93414,39.70165],[-120.93656,39.69381],[-120.9406,39.68827],[-120.94012,39.6866],[-120.95211,39.67642],[-120.94943,39.67255],[-120.9579,39.66878],[-120.96963,39.65616],[-120.98639,39.64468],[-121.00393,39.63805],[-121.00948,39.63946],[-121.07669,39.59726],[-121.08892,39.60331],[-121.08895,39.61355],[-121.09754,39.6209],[-121.11633,39.62102],[-121.11663,39.62805],[-121.13671,39.62817],[-121.13641,39.65681],[-121.15508,39.65679],[-121.17114,39.67109],[-121.17119,39.68556],[-121.19028,39.68535],[-121.19053,39.69989],[-121.20869,39.70036],[-121.21088,39.72565],[-121.22945,39.72567],[-121.22971,39.74021],[-121.24826,39.74004],[-121.25064,39.75397],[-121.26802,39.75424],[-121.26827,39.7688],[-121.28585,39.76762],[-121.28495,39.78158],[-121.29413,39.78925],[-121.30781,39.78936],[-121.31694,39.7967],[-121.31847,39.81091],[-121.33233,39.81105],[-121.33229,39.8257],[-121.35082,39.8257],[-121.35108,39.84035]]]}},{"type":"Feature","properties":{"name":"Riverside"},"geometry":{"type":"Polygon","coordinates":[[[-117.66898,33.88092],[-117.67279,33.88692],[-117.65488,33.88882],[-117.65539,33.92511],[-117.61095,33.92511],[-117.61039,33.97161],[-117.55838,33.98842],[-117.55831,34.03345],[-117.37528,34.03388],[-117.37542,34.0194],[-117.22537,34.01872],[-117.22537,34.00431],[-116.92936,34.00491],[-116.92956,34.03411],[-116.30063,34.03254],[-116.3006,34.0344],[-116.18187,34.03364],[-115.98484,34.03515],[-115.31621,34.03411],[-115.31606,34.07784],[-115.19244,34.07776],[-115.19239,34.07942],[-115.12581,34.07979],[-114.43543,34.07973],[-114.43934,34.05789],[-114.43495,34.03778],[-114.43827,34.02261],[-114.44382,34.01618],[-114.45481,34.01097],[-114.46334,34.01226],[-114.46628,34.00388],[-114.45803,33.99782],[-114.46793,33.99288],[-114.49988,33.96179],[-114.52273,33.95504],[-114.53568,33.93355],[-114.53495,33.9257],[-114.52339,33.92122],[-114.5145,33.91421],[-114.50799,33.90181],[-114.52481,33.89568],[-114.50434,33.87688],[-114.50389,33.86575],[-114.51681,33.85812],[-114.52567,33.86],[-114.5296,33.84806],[-114.51997,33.82538],[-114.52805,33.81496],[-114.51894,33.7973],[-114.51673,33.78835],[-114.50709,33.76793],[-114.50448,33.751],[-114.51235,33.73421],[-114.49656,33.71916],[-114.49433,33.71064],[-114.49649,33.6969],[-114.52396,33.68588],[-114.53035,33.67925],[-114.53212,33.6697],[-114.51834,33.65593],[-114.53058,33.65446],[-114.53321,33.64844],[-114.5238,33.6347],[-114.53121,33.62391],[-114.52207,33.61128],[-114.53105,33.60448],[-114.54062,33.59141],[-114.54065,33.58287],[-114.53596,33.56915],[-114.5246,33.55223],[-114.55802,33.53259],[-114.56197,33.5156],[-114.56953,33.50922],[-114.58925,33.50181],[-114.59971,33.48432],[-114.62292,33.45656],[-114.62228,33.44756],[-114.62712,33.43355],[-114.83087,33.43371],[-114.83083,33.43009],[-115.0632,33.4281],[-115.4675,33.4284],[-115.46751,33.42699],[-116.10823,33.42589],[-116.19759,33.42889],[-116.50085,33.42681],[-117.03086,33.42693],[-117.03086,33.43013],[-117.09882,33.43026],[-117.14372,33.43263],[-117.24147,33.43245],[-117.24167,33.44893],[-117.37092,33.49055],[-117.36427,33.50503],[-117.50972,33.50502],[-117.50972,33.50906],[-117.50376,33.50894],[-117.50318,33.5204],[-117.50991,33.52055],[-117.51021,33.534],[-117.41299,33.65905],[-117.45798,33.69029],[-117.47457,33.70381],[-117.534,33.71036],[-117.53645,33.75767],[-117.56907,33.76457],[-117.58079,33.76948],[-117.66212,33.8575],[-117.67428,33.85796],[-117.67505,33.86873],[-117.66898,33.88092]]]}},{"type":"Feature","properties":{"name":"Sacramento"},"geometry":{"type":"MultiPolygon","coordinates":[[[[-121.82929,38.03913],[-121.82321,38.04247],[-121.78913,38.03231],[-121.78729,38.02599],[-121.80095,38.02459],[-121.81217,38.02775],[-121.82929,38.03913]]],[[[-121.83405,38.05665],[-121.82731,38.0612],[-121.80393,38.05095],[-121.81747,38.04275],[-121.82321,38.04247],[-121.83282,38.04199],[-121.83405,38.05665]]],[[[-121.69432,38.10449],[-121.68675,38.10107],[-121.68668,38.08694],[-121.68334,38.06456],[-121.6968,38.05257],[-121.74467,38.03043],[-121.7729,38.03201],[-121.78544,38.0392],[-121.78558,38.06052],[-121.73856,38.08417],[-121.7266,38.08032],[-121.70898,38.08462],[-121.70656,38.1018],[-121.69432,38.10449]]],[[[-121.08385,38.28652],[-121.09544,38.28163],[-121.10209,38.28323],[-121.11683,38.27735],[-121.12778,38.27745],[-121.13382,38.27188],[-121.15986,38.26556],[-121.17308,38.25521],[-121.19575,38.25419],[-121.20341,38.24875],[-121.22925,38.24753],[-121.2457,38.24454],[-121.26838,38.25227],[-121.28228,38.24983],[-121.29666,38.23805],[-121.31566,38.23604],[-121.34542,38.22814],[-121.35468,38.23103],[-121.3721,38.22994],[-121.38967,38.23301],[-121.39843,38.22742],[-121.42052,38.23724],[-121.42818,38.2531],[-121.43089,38.25504],[-121.47168,38.25982],[-121.48007,38.25358],[-121.47858,38.24617],[-121.48661,38.24046],[-121.49167,38.22769],[-121.50749,38.22256],[-121.5043,38.21258],[-121.50993,38.20458],[-121.52069,38.20293],[-121.52915,38.19383],[-121.52469,38.1842],[-121.52493,38.17141],[-121.53615,38.15816],[-121.53631,38.15158],[-121.55918,38.14389],[-121.55729,38.13912],[-121.57634,38.12905],[-121.58407,38.12023],[-121.58078,38.11101],[-121.56575,38.10528],[-121.56996,38.09682],[-121.57413,38.10078],[-121.59098,38.10317],[-121.60355,38.10871],[-121.63017,38.1017],[-121.63642,38.08971],[-121.66031,38.09833],[-121.67236,38.09693],[-121.68041,38.09226],[-121.68515,38.09951],[-121.68226,38.1154],[-121.68992,38.11459],[-121.69593,38.10554],[-121.70653,38.11174],[-121.69209,38.13313],[-121.68564,38.15965],[-121.68033,38.16281],[-121.66235,38.18209],[-121.64583,38.18651],[-121.63188,38.19437],[-121.62135,38.19358],[-121.6135,38.19754],[-121.60244,38.22041],[-121.60199,38.25243],[-121.60401,38.2701],[-121.60073,38.27837],[-121.60545,38.28612],[-121.60451,38.2974],[-121.59635,38.31137],[-121.59225,38.31404],[-121.58982,38.32269],[-121.57667,38.32747],[-121.55935,38.34257],[-121.53722,38.34759],[-121.52164,38.3601],[-121.52324,38.38058],[-121.51582,38.38577],[-121.51308,38.39604],[-121.51651,38.40724],[-121.53182,38.4282],[-121.53191,38.43271],[-121.52705,38.43482],[-121.51535,38.43452],[-121.50487,38.43861],[-121.50298,38.44072],[-121.50102,38.44916],[-121.50414,38.46656],[-121.50887,38.47281],[-121.53877,38.47471],[-121.54747,38.48121],[-121.55917,38.49801],[-121.55187,38.51381],[-121.52518,38.51896],[-121.52847,38.53211],[-121.51355,38.54019],[-121.51129,38.54629],[-121.52096,38.5662],[-121.51157,38.575],[-121.50627,38.58631],[-121.50867,38.5968],[-121.51577,38.6027],[-121.52767,38.6046],[-121.54987,38.5994],[-121.55827,38.6082],[-121.5651,38.6423],[-121.57607,38.6486],[-121.58717,38.64271],[-121.59407,38.64411],[-121.60957,38.66111],[-121.62801,38.67476],[-121.63192,38.68064],[-121.63377,38.68616],[-121.63361,38.69229],[-121.63045,38.69757],[-121.61422,38.70904],[-121.60577,38.71832],[-121.60289,38.73584],[-121.52177,38.7364],[-121.41102,38.72992],[-121.14021,38.71171],[-121.13326,38.70543],[-121.11862,38.71712],[-121.08543,38.64783],[-121.07047,38.60759],[-121.03155,38.5176],[-121.02741,38.50354],[-121.02708,38.30025],[-121.04057,38.29772],[-121.0466,38.29178],[-121.04941,38.2916],[-121.06665,38.29915],[-121.08385,38.28652]]]]}},{"type":"Feature","properties":{"name":"San Benito"},"geometry":{"type":"Polygon","coordinates":[[[-121.50575,36.75891],[-121.5977,36.83735],[-121.62209,36.8462],[-121.64256,36.8737],[-121.6428,36.89463],[-121.62949,36.91168],[-121.61976,36.90891],[-121.60735,36.89945],[-121.59474,36.90108],[-121.58135,36.89915],[-121.57962,36.89673],[-121.5629,36.89625],[-121.56009,36.89745],[-121.55896,36.90912],[-121.55632,36.91194],[-121.54028,36.92053],[-121.54068,36.92554],[-121.51381,36.94516],[-121.51181,36.95936],[-121.50175,36.97165],[-121.48895,36.98315],[-121.46999,36.9777],[-121.46366,36.98488],[-121.45061,36.98894],[-121.44735,36.98295],[-121.41825,36.96055],[-121.21454,36.96125],[-121.21173,36.95738],[-121.21851,36.94789],[-121.2292,36.94103],[-121.23468,36.92689],[-121.21706,36.91351],[-121.20836,36.91153],[-121.1888,36.91324],[-121.18308,36.90306],[-121.1843,36.89639],[-121.16977,36.88538],[-121.16359,36.86925],[-121.15281,36.8656],[-121.15174,36.85863],[-121.14256,36.84468],[-121.14152,36.83666],[-120.93368,36.75189],[-120.60371,36.48824],[-120.59715,36.48824],[-120.59656,36.32849],[-120.61203,36.32162],[-120.63001,36.31691],[-120.64267,36.31901],[-120.65881,36.31624],[-120.66639,36.31145],[-120.68283,36.29426],[-120.68288,36.2868],[-120.67384,36.2824],[-120.67858,36.26732],[-120.68354,36.27157],[-120.68525,36.27098],[-120.70195,36.28616],[-120.70768,36.28576],[-120.74665,36.31023],[-120.75102,36.3042],[-120.74311,36.29806],[-120.73385,36.2842],[-120.73211,36.27546],[-120.72481,36.27032],[-120.71784,36.25938],[-120.70641,36.22769],[-120.70612,36.20373],[-120.71277,36.19857],[-120.73139,36.20355],[-120.74439,36.19878],[-120.76129,36.20339],[-120.77033,36.21839],[-120.77602,36.22013],[-120.78928,36.235],[-120.80547,36.24017],[-120.81435,36.25318],[-120.82931,36.25716],[-120.83912,36.26975],[-120.84072,36.27704],[-120.85645,36.28473],[-120.86399,36.29193],[-120.87413,36.29523],[-120.89237,36.29249],[-120.89902,36.30076],[-120.92055,36.31101],[-120.9257,36.30214],[-120.9331,36.29977],[-120.93427,36.2904],[-120.9428,36.28034],[-120.95343,36.27471],[-120.97379,36.29032],[-120.98506,36.29021],[-120.98749,36.27514],[-120.99241,36.26992],[-121.0159,36.26709],[-121.01874,36.26022],[-121.02724,36.25989],[-121.02744,36.27529],[-121.0403,36.27106],[-121.0408,36.32397],[-121.19346,36.44575],[-121.19752,36.45442],[-121.20982,36.4648],[-121.21508,36.47321],[-121.22546,36.47199],[-121.22811,36.4846],[-121.23929,36.50478],[-121.24722,36.50687],[-121.26896,36.50197],[-121.29453,36.50611],[-121.30884,36.49943],[-121.31179,36.50274],[-121.30719,36.51681],[-121.29536,36.52713],[-121.29677,36.53231],[-121.31348,36.54992],[-121.3287,36.55474],[-121.33392,36.5744],[-121.32347,36.57787],[-121.325,36.59844],[-121.31837,36.61003],[-121.33225,36.62036],[-121.34207,36.63208],[-121.34231,36.63952],[-121.35951,36.65281],[-121.36803,36.65674],[-121.37833,36.65286],[-121.40835,36.65666],[-121.41484,36.67246],[-121.43157,36.67873],[-121.44345,36.67313],[-121.46096,36.68669],[-121.46876,36.68701],[-121.46869,36.68949],[-121.4808,36.70421],[-121.48451,36.71306],[-121.46412,36.71757],[-121.45223,36.72423],[-121.46237,36.74385],[-121.473,36.74633],[-121.47437,36.75667],[-121.48264,36.76541],[-121.50575,36.75891]]]}},{"type":"Feature","properties":{"name":"San Bernardino"},"geometry":{"type":"Polygon","coordinates":[[[-117.66035,34.55785],[-117.66703,34.55801],[-117.66729,34.82253],[-117.63201,34.82227],[-117.63291,35.08006],[-117.63088,35.0976],[-117.63124,35.36154],[-117.63278,35.40541],[-117.63129,35.41957],[-117.63351,35.43444],[-117.63022,35.45104],[-117.63013,35.56407],[-117.63477,35.56411],[-117.63487,35.62216],[-117.63383,35.65157],[-117.61639,35.65176],[-117.61619,35.68086],[-117.65232,35.68078],[-117.65199,35.70993],[-117.63425,35.70993],[-117.633,35.79725],[-117.37589,35.79515],[-115.73589,35.79362],[-115.73574,35.8091],[-115.64836,35.80921],[-115.25972,35.50354],[-115.10096,35.37568],[-115.09007,35.36846],[-114.83571,35.16556],[-114.63349,35.00186],[-114.62939,34.98317],[-114.63461,34.96906],[-114.63495,34.95892],[-114.62981,34.94481],[-114.63324,34.92123],[-114.63088,34.90726],[-114.63677,34.88571],[-114.63518,34.875],[-114.62828,34.8636],[-114.61988,34.85687],[-114.60425,34.84957],[-114.59234,34.84115],[-114.5822,34.82819],[-114.57645,34.8153],[-114.57185,34.79634],[-114.55865,34.77385],[-114.55268,34.76687],[-114.53035,34.75138],[-114.51662,34.73675],[-114.49097,34.72485],[-114.48751,34.71663],[-114.47162,34.71297],[-114.46525,34.6912],[-114.45051,34.66684],[-114.45718,34.65999],[-114.44052,34.64007],[-114.43874,34.62145],[-114.4242,34.61045],[-114.42433,34.60234],[-114.43567,34.59384],[-114.42238,34.58071],[-114.40523,34.56964],[-114.38084,34.52972],[-114.37812,34.50729],[-114.38236,34.49576],[-114.38155,34.47788],[-114.3867,34.45791],[-114.37579,34.4478],[-114.3634,34.44777],[-114.33963,34.45143],[-114.33067,34.4453],[-114.32688,34.43805],[-114.30102,34.42681],[-114.29223,34.41761],[-114.29115,34.40978],[-114.28011,34.40315],[-114.26291,34.40037],[-114.25274,34.3901],[-114.23427,34.37666],[-114.22611,34.36592],[-114.19948,34.36137],[-114.17691,34.34931],[-114.16881,34.33951],[-114.15721,34.31786],[-114.13828,34.30323],[-114.13953,34.29584],[-114.13704,34.27702],[-114.13121,34.26273],[-114.13545,34.25789],[-114.16465,34.2597],[-114.16448,34.25167],[-114.17366,34.24771],[-114.17805,34.23997],[-114.22586,34.20177],[-114.22494,34.1939],[-114.22971,34.18693],[-114.24071,34.18323],[-114.25344,34.17413],[-114.26846,34.17018],[-114.28672,34.17072],[-114.29281,34.16673],[-114.31221,34.14478],[-114.32458,34.13676],[-114.34805,34.13446],[-114.35637,34.13043],[-114.36652,34.11858],[-114.37922,34.11599],[-114.39056,34.11008],[-114.40134,34.11164],[-114.41591,34.10764],[-114.43418,34.08738],[-114.43543,34.07973],[-115.12581,34.07979],[-115.19239,34.07942],[-115.19244,34.07776],[-115.31606,34.07784],[-115.31621,34.03411],[-115.98484,34.03515],[-116.18187,34.03364],[-116.3006,34.0344],[-116.30063,34.03254],[-116.92956,34.03411],[-116.92936,34.00491],[-117.22537,34.00431],[-117.22537,34.01872],[-117.37542,34.0194],[-117.37528,34.03388],[-117.55831,34.03345],[-117.55838,33.98842],[-117.61039,33.97161],[-117.61095,33.92511],[-117.65539,33.92511],[-117.65488,33.88882],[-117.67279,33.88692],[-117.66898,33.88092],[-117.67375,33.87083],[-117.68029,33.87741],[-117.74869,33.92181],[-117.79358,33.95379],[-117.79367,33.96813],[-117.80254,33.97555],[-117.78506,34.00481],[-117.76748,34.00461],[-117.76769,34.02351],[-117.73585,34.01855],[-117.73012,34.02137],[-117.72719,34.03741],[-117.71631,34.06766],[-117.6868,34.13812],[-117.6785,34.16199],[-117.64637,34.28917],[-117.65976,34.45277],[-117.66035,34.55785]]]}},{"type":"Feature","properties":{"name":"San Joaquin"},"geometry":{"type":"MultiPolygon","coordinates":[[[[-121.55351,37.81839],[-121.54946,37.83357],[-121.54241,37.8334],[-121.53659,37.84472],[-121.55168,37.8604],[-121.56209,37.85676],[-121.57802,37.85782],[-121.5738,37.86432],[-121.57942,37.8723],[-121.57387,37.8834],[-121.57496,37.88945],[-121.5659,37.89767],[-121.57177,37.9025],[-121.56321,37.91222],[-121.56566,37.91849],[-121.55641,37.92364],[-121.55727,37.93225],[-121.56341,37.94427],[-121.56514,37.95985],[-121.57371,37.96643],[-121.57358,37.98031],[-121.58198,37.98581],[-121.56516,38.0028],[-121.55354,38.00889],[-121.56234,38.03013],[-121.57004,38.03238],[-121.57216,38.04301],[-121.57913,38.04523],[-121.58042,38.06004],[-121.57636,38.06935],[-121.56783,38.07154],[-121.55511,38.05685],[-121.53959,38.0558],[-121.52006,38.0209],[-121.49226,38.02918],[-121.4798,38.02404],[-121.47319,38.02631],[-121.46962,38.03491],[-121.48198,38.04006],[-121.48841,38.03839],[-121.4993,38.05416],[-121.50741,38.05335],[-121.53047,38.0565],[-121.53058,38.06727],[-121.53771,38.06887],[-121.54692,38.06334],[-121.55522,38.07274],[-121.56915,38.08037],[-121.56996,38.09682],[-121.56575,38.10528],[-121.58078,38.11101],[-121.58407,38.12023],[-121.57634,38.12905],[-121.55729,38.13912],[-121.55918,38.14389],[-121.53631,38.15158],[-121.53615,38.15816],[-121.52493,38.17141],[-121.52469,38.1842],[-121.52915,38.19383],[-121.52069,38.20293],[-121.50993,38.20458],[-121.5043,38.21258],[-121.50749,38.22256],[-121.49167,38.22769],[-121.48661,38.24046],[-121.47858,38.24617],[-121.48007,38.25358],[-121.47168,38.25982],[-121.43089,38.25504],[-121.42818,38.2531],[-121.42052,38.23724],[-121.39843,38.22742],[-121.38967,38.23301],[-121.3721,38.22994],[-121.35468,38.23103],[-121.34542,38.22814],[-121.31566,38.23604],[-121.29666,38.23805],[-121.28228,38.24983],[-121.26838,38.25227],[-121.2457,38.24454],[-121.22925,38.24753],[-121.20341,38.24875],[-121.19575,38.25419],[-121.17308,38.25521],[-121.15986,38.26556],[-121.13382,38.27188],[-121.12778,38.27745],[-121.11683,38.27735],[-121.10209,38.28323],[-121.09544,38.28163],[-121.08385,38.28652],[-121.06665,38.29915],[-121.04941,38.2916],[-121.0466,38.29178],[-121.04057,38.29772],[-121.02708,38.30025],[-120.98175,38.19412],[-120.93885,38.08832],[-120.92645,38.07742],[-120.92635,37.88672],[-120.92264,37.75953],[-120.92066,37.73839],[-120.94444,37.74213],[-120.95403,37.73835],[-120.97316,37.74795],[-120.98179,37.75635],[-120.99575,37.76015],[-121.00251,37.7519],[-121.01235,37.75067],[-121.01748,37.75541],[-121.02573,37.74236],[-121.03747,37.73977],[-121.05181,37.74251],[-121.05627,37.74958],[-121.0666,37.74009],[-121.07643,37.73757],[-121.08837,37.74105],[-121.11135,37.74003],[-121.10763,37.73228],[-121.12074,37.72234],[-121.12872,37.72431],[-121.14544,37.71999],[-121.15585,37.71984],[-121.16083,37.71114],[-121.15922,37.70444],[-121.16892,37.69913],[-121.18243,37.69662],[-121.18244,37.68771],[-121.19818,37.69036],[-121.22195,37.68262],[-121.22185,37.67033],[-121.23019,37.66298],[-121.24515,37.66433],[-121.27235,37.64143],[-121.27375,37.63833],[-121.47192,37.48178],[-121.46927,37.48969],[-121.48545,37.50253],[-121.49605,37.50493],[-121.50415,37.52593],[-121.52215,37.52483],[-121.54575,37.53253],[-121.55665,37.54273],[-121.55704,37.81599],[-121.55351,37.81839]]],[[[-121.50104,38.02814],[-121.51531,38.02312],[-121.52496,38.04278],[-121.51836,38.05205],[-121.50787,38.05065],[-121.50135,38.03751],[-121.50104,38.02814]]]]}},{"type":"Feature","properties":{"name":"San Luis Obispo"},"geometry":{"type":"Polygon","coordinates":[[[-120.19415,35.7892],[-120.19392,35.61436],[-120.08592,35.61452],[-120.08667,35.52655],[-120.06866,35.52632],[-120.0689,35.51278],[-120.05124,35.5127],[-120.05105,35.49863],[-120.03324,35.49864],[-120.03331,35.48365],[-120.0146,35.48365],[-120.01566,35.46904],[-119.99738,35.4687],[-119.99739,35.4395],[-119.88004,35.43913],[-119.88017,35.35121],[-119.80935,35.35087],[-119.80945,35.26358],[-119.66666,35.26253],[-119.66706,35.17481],[-119.57126,35.18029],[-119.55364,35.17998],[-119.56097,35.08767],[-119.49063,35.09181],[-119.49071,35.07721],[-119.47272,35.07688],[-119.47275,34.90117],[-119.49035,34.90117],[-119.49045,34.89748],[-119.53576,34.89758],[-119.56296,34.91478],[-119.57836,34.92188],[-119.59246,34.93508],[-119.61686,34.95058],[-119.62536,34.94928],[-119.63486,34.95387],[-119.64426,34.95358],[-119.65528,34.9638],[-119.67316,34.97348],[-119.67862,34.97178],[-119.70056,34.97667],[-119.71746,34.97168],[-119.72933,34.97465],[-119.74557,34.97368],[-119.7804,34.99073],[-119.78929,34.98867],[-119.80995,35.0021],[-119.83082,35.00578],[-119.84417,35.01548],[-119.85452,35.03215],[-119.86333,35.03143],[-119.87827,35.03971],[-119.88965,35.04063],[-119.9038,35.03813],[-119.90943,35.04595],[-119.91731,35.04898],[-119.92842,35.05979],[-119.94272,35.05444],[-119.97572,35.05827],[-120.00202,35.07321],[-120.01358,35.07558],[-120.01405,35.08145],[-120.02931,35.08357],[-120.03282,35.08782],[-120.05994,35.09297],[-120.07241,35.10471],[-120.08494,35.10761],[-120.08078,35.11433],[-120.10274,35.11222],[-120.1096,35.10349],[-120.11667,35.10462],[-120.12675,35.09548],[-120.13597,35.09786],[-120.14939,35.08147],[-120.16904,35.07444],[-120.18489,35.04845],[-120.18033,35.03928],[-120.19142,35.02996],[-120.22093,35.02111],[-120.24403,35.02359],[-120.26136,35.02355],[-120.27367,35.02081],[-120.27862,35.01156],[-120.29023,35.01543],[-120.30993,35.00922],[-120.32382,35.01731],[-120.33455,35.00632],[-120.33342,34.99476],[-120.32711,34.98653],[-120.31453,34.9815],[-120.31479,34.97382],[-120.30195,34.96338],[-120.30413,34.9571],[-120.29455,34.94659],[-120.29218,34.93031],[-120.30027,34.9147],[-120.30183,34.90557],[-120.3183,34.90704],[-120.3283,34.92582],[-120.35303,34.93929],[-120.36124,34.94647],[-120.39105,34.96331],[-120.4381,34.98776],[-120.49622,34.99316],[-120.53857,34.98375],[-120.55492,34.97388],[-120.57519,34.97829],[-120.58552,34.96722],[-120.5955,34.96649],[-120.6022,34.97275],[-120.61314,34.97127],[-120.6163,34.96595],[-120.63414,34.95956],[-120.6491,34.97459],[-120.64008,35.00193],[-120.63506,35.02399],[-120.62992,35.06255],[-120.62953,35.07833],[-120.63197,35.10959],[-120.63614,35.12459],[-120.65114,35.14778],[-120.66241,35.15341],[-120.66889,35.15203],[-120.68333,35.15782],[-120.69887,35.17119],[-120.738,35.17931],[-120.7557,35.17437],[-120.75665,35.16025],[-120.77799,35.16763],[-120.78667,35.17798],[-120.79433,35.17853],[-120.8129,35.18938],[-120.85351,35.20605],[-120.85954,35.21583],[-120.8706,35.22006],[-120.87777,35.23087],[-120.88527,35.23473],[-120.89463,35.24564],[-120.89785,35.25605],[-120.89341,35.26471],[-120.89534,35.27312],[-120.88143,35.29047],[-120.87216,35.31212],[-120.86532,35.33399],[-120.86063,35.32482],[-120.84193,35.32211],[-120.84082,35.33941],[-120.85471,35.36892],[-120.86513,35.37141],[-120.8645,35.38076],[-120.86907,35.40304],[-120.88499,35.43047],[-120.90436,35.44774],[-120.95095,35.44808],[-120.9519,35.45227],[-120.97006,35.46021],[-120.9792,35.45928],[-120.99392,35.46351],[-121.00307,35.46048],[-121.03305,35.4901],[-121.04269,35.49545],[-121.0471,35.50352],[-121.06149,35.51131],[-121.08724,35.53728],[-121.0926,35.54021],[-121.10507,35.55494],[-121.11476,35.57649],[-121.12165,35.58175],[-121.12577,35.59316],[-121.14221,35.60431],[-121.14753,35.61372],[-121.16445,35.6339],[-121.17337,35.63947],[-121.19004,35.64316],[-121.20844,35.64177],[-121.22228,35.65216],[-121.24199,35.65239],[-121.25577,35.66185],[-121.27209,35.66695],[-121.28486,35.66683],[-121.29041,35.69102],[-121.30678,35.70441],[-121.31482,35.71464],[-121.31836,35.72874],[-121.31771,35.75607],[-121.32498,35.76127],[-121.32507,35.76963],[-121.33205,35.78185],[-121.34788,35.79519],[-120.19415,35.7892]]]}}]}