{"type":"FeatureCollection","features":[{"type":"Feature","properties":{"name":"Pyramid Point State Marine Conservation Area","short":"Pyramid Point","type":"SMCA","ccr":"Section 632 (b) (1)"},"geometry":{"type":"Polygon","coordinates":[[[-124.28504,41.95834],[-124.28759,41.96526],[-124.28953,41.96748],[-124.29662,41.97364],[-124.30212,41.98033],[-124.30539,41.98593],[-124.30794,41.99251],[-124.31832,41.99522],[-124.33026,42.00001],[-124.21226,42.00001],[-124.21023,41.99617],[-124.20915,41.99097],[-124.20927,41.99013],[-124.20866,41.98882],[-124.20708,41.98804],[-124.20614,41.9871],[-124.20492,41.98132],[-124.20576,41.97112],[-124.20545,41.96742],[-124.2063,41.96123],[-124.20707,41.95834],[-124.28504,41.95834]]]}},{"type":"Feature","properties":{"name":"Point St. George Reef Offshore State Marine Conservation Area","short":"Point St. George Reef Offshore","type":"SMCA","ccr":"Section 632 (b) (2)"},"geometry":{"type":"Polygon","coordinates":[[[-124.3865,41.86667],[-124.3865,41.81667],[-124.43755,41.81667],[-124.4406,41.82297],[-124.44237,41.82893],[-124.44319,41.83588],[-124.44284,41.84214],[-124.44122,41.84901],[-124.43877,41.85484],[-124.43483,41.86117],[-124.4301,41.86667],[-124.3865,41.86667]]]}},{"type":"Feature","properties":{"name":"Southwest Seal Rock Special Closure","short":"Southwest Seal Rock","type":"Special Closure","ccr":"Section 632 (b) (3)"},"geometry":{"type":"Polygon","coordinates":[[[-124.35063,41.81302],[-124.3514,41.81223],[-124.35251,41.81235],[-124.35351,41.81354],[-124.3533,41.81449],[-124.3525,41.81501],[-124.35121,41.81498],[-124.35062,41.81434],[-124.35063,41.81302]],[[-124.35171,41.81324],[-124.35171,41.81424],[-124.35233,41.81412],[-124.35226,41.81348],[-124.35171,41.81324]]]}},{"type":"Feature","properties":{"name":"Castle Rock Special Closure","short":"Castle Rock","type":"Special Closure","ccr":"Section 632 (b) (4)"},"geometry":{"type":"Polygon","coordinates":[[[-124.24697,41.76283],[-124.24622,41.76209],[-124.24615,41.76145],[-124.24703,41.76012],[-124.24923,41.75929],[-124.25196,41.76009],[-124.25261,41.761],[-124.25237,41.762],[-124.25118,41.76307],[-124.24911,41.76326],[-124.24697,41.76283]],[[-124.24746,41.76209],[-124.24877,41.76242],[-124.24944,41.76241],[-124.24983,41.76199],[-124.25044,41.76236],[-124.25153,41.76133],[-124.25077,41.76091],[-124.24916,41.7614],[-124.24878,41.76092],[-124.24894,41.76032],[-124.24854,41.761],[-124.24765,41.76122],[-124.24746,41.76209]]]}},{"type":"Feature","properties":{"name":"False Klamath Rock Special Closure","short":"False Klamath Rock","type":"Special Closure","ccr":"Section 632 (b) (5)"},"geometry":{"type":"Polygon","coordinates":[[[-124.11037,41.59486],[-124.10981,41.5943],[-124.10971,41.59344],[-124.11021,41.59286],[-124.11084,41.59258],[-124.11225,41.5926],[-124.11365,41.59342],[-124.11385,41.59415],[-124.11354,41.59468],[-124.11255,41.59515],[-124.11147,41.59521],[-124.11037,41.59486]],[[-124.11104,41.59351],[-124.11078,41.59389],[-124.11162,41.5944],[-124.11276,41.59411],[-124.11265,41.59379],[-124.11104,41.59351]]]}},{"type":"Feature","properties":{"name":"Reading Rock State Marine Reserve","short":"Reading Rock","type":"SMR","ccr":"Section 632 (b) (7)"},"geometry":{"type":"Polygon","coordinates":[[[-124.16668,41.33501],[-124.16668,41.29334],[-124.1994,41.29334],[-124.20845,41.2962],[-124.21638,41.29979],[-124.22185,41.30301],[-124.22685,41.30665],[-124.23132,41.31066],[-124.23521,41.31499],[-124.23847,41.31962],[-124.24108,41.32447],[-124.243,41.3295],[-124.24426,41.335],[-124.16668,41.33501]]]}},{"type":"Feature","properties":{"name":"Samoa State Marine Conservation Area","short":"Samoa","type":"SMCA","ccr":"Section 632 (b) (8)"},"geometry":{"type":"Polygon","coordinates":[[[-124.23709,40.86667],[-124.23288,40.87313],[-124.22605,40.88532],[-124.22352,40.89205],[-124.2169,40.9047],[-124.2113,40.91667],[-124.14055,40.91667],[-124.14742,40.89897],[-124.1528,40.88739],[-124.1549,40.88391],[-124.15527,40.88211],[-124.15755,40.87837],[-124.1634,40.86667],[-124.23709,40.86667]]]}},{"type":"Feature","properties":{"name":"South Humboldt Bay State Marine Recreational Managment Area","short":"South Humboldt Bay","type":"SMRMA","ccr":"Section 632 (b) (9)"},"geometry":{"type":"Polygon","coordinates":[[[-124.25001,40.71667],[-124.25001,40.70001],[-124.26904,40.70001],[-124.26892,40.70082],[-124.26776,40.70159],[-124.26681,40.70372],[-124.26401,40.70566],[-124.26403,40.70632],[-124.26368,40.70612],[-124.26302,40.70634],[-124.26335,40.70708],[-124.26276,40.70781],[-124.26315,40.70903],[-124.26162,40.71105],[-124.26065,40.71324],[-124.25966,40.71386],[-124.25878,40.7156],[-124.25879,40.71667],[-124.25001,40.71667]]]}},{"type":"Feature","properties":{"name":"Sugarloaf Island Special Closure","short":"Sugarloaf Island","type":"Special Closure","ccr":"Section 632 (b) (10)"},"geometry":{"type":"Polygon","coordinates":[[[-124.41157,40.43843],[-124.41259,40.4373],[-124.41432,40.43717],[-124.41561,40.43761],[-124.41616,40.43815],[-124.41621,40.43872],[-124.41569,40.43952],[-124.41463,40.44023],[-124.41298,40.44026],[-124.41207,40.43965],[-124.41157,40.43843]],[[-124.4127,40.4387],[-124.41325,40.43946],[-124.41448,40.43932],[-124.41516,40.43852],[-124.41397,40.43795],[-124.41302,40.43805],[-124.4127,40.4387]]]}},{"type":"Feature","properties":{"name":"Steamboat Rock Special Closure","short":"Steamboat Rock","type":"Special Closure","ccr":"Section 632 (b) (12)"},"geometry":{"type":"Polygon","coordinates":[[[-124.40269,40.41483],[-124.4035,40.4143],[-124.4047,40.4143],[-124.40546,40.41497],[-124.40544,40.41584],[-124.40461,40.41642],[-124.40358,40.41638],[-124.4027,40.41572],[-124.40269,40.41483]],[[-124.40372,40.41511],[-124.40364,40.41532],[-124.4044,40.41557],[-124.40424,40.41505],[-124.40372,40.41511]]]}},{"type":"Feature","properties":{"name":"Mattole Canyon State Marine Reserve","short":"Mattole Canyon","type":"SMR","ccr":"Section 632 (b) (13)"},"geometry":{"type":"Polygon","coordinates":[[[-124.43116,40.28334],[-124.43028,40.2909],[-124.42898,40.29604],[-124.42659,40.30187],[-124.42353,40.30708],[-124.42815,40.31624],[-124.43004,40.32127],[-124.43136,40.3273],[-124.43172,40.33334],[-124.37501,40.33334],[-124.37501,40.28334],[-124.43116,40.28334]]]}},{"type":"Feature","properties":{"name":"Sea Lion Gulch State Marine Reserve","short":"Sea Lion Gulch","type":"SMR","ccr":"Section 632 (b) (14)"},"geometry":{"type":"Polygon","coordinates":[[[-124.42041,40.21934],[-124.42568,40.22561],[-124.42961,40.23228],[-124.43113,40.23588],[-124.4324,40.24],[-124.33307,40.24],[-124.33093,40.23966],[-124.32982,40.23903],[-124.3287,40.23782],[-124.32753,40.23741],[-124.32627,40.23633],[-124.32515,40.23308],[-124.32374,40.2311],[-124.32348,40.22984],[-124.3204,40.22648],[-124.31229,40.22136],[-124.31036,40.21934],[-124.30691,40.21655],[-124.30515,40.21572],[-124.30376,40.21404],[-124.3026,40.21334],[-124.4135,40.21334],[-124.42041,40.21934]]]}},{"type":"Feature","properties":{"name":"Big Flat State Marine Conservation Area","short":"Big Flat","type":"SMCA","ccr":"Section 632 (b) (15)"},"geometry":{"type":"Polygon","coordinates":[[[-124.1719,40.125],[-124.27007,40.125],[-124.27439,40.13027],[-124.27699,40.13245],[-124.28437,40.13502],[-124.29116,40.13821],[-124.29873,40.14239],[-124.30433,40.14616],[-124.31265,40.15101],[-124.31882,40.15537],[-124.32278,40.15667],[-124.2112,40.15667],[-124.20895,40.15534],[-124.20659,40.15267],[-124.20385,40.15042],[-124.20227,40.14678],[-124.20023,40.14464],[-124.19854,40.14399],[-124.19705,40.14164],[-124.1949,40.14026],[-124.1931,40.13839],[-124.19167,40.13575],[-124.18843,40.13243],[-124.18735,40.13074],[-124.18474,40.13014],[-124.18107,40.13035],[-124.17837,40.12839],[-124.17491,40.12752],[-124.1719,40.125]]]}},{"type":"Feature","properties":{"name":"Double Cone Rock State Marine Conservation Area","short":"Double Cone Rock","type":"SMCA","ccr":"Section 632 (b) (16)"},"geometry":{"type":"Polygon","coordinates":[[[-123.84613,39.80797],[-123.84609,39.80683],[-123.84477,39.80674],[-123.84363,39.8059],[-123.84289,39.80314],[-123.84325,39.8026],[-123.84313,39.80225],[-123.84223,39.80205],[-123.84148,39.8012],[-123.84128,39.79956],[-123.84011,39.79782],[-123.83902,39.79353],[-123.83922,39.7914],[-123.838,39.78711],[-123.83756,39.78281],[-123.83768,39.78119],[-123.83709,39.77887],[-123.83692,39.77612],[-123.83717,39.77514],[-123.83685,39.77157],[-123.83718,39.76986],[-123.83785,39.76913],[-123.83725,39.7675],[-123.8374,39.76493],[-123.83825,39.76346],[-123.838,39.76153],[-123.8382,39.76063],[-123.83751,39.75978],[-123.83743,39.7587],[-123.83765,39.75811],[-123.83832,39.75806],[-123.83808,39.75763],[-123.83859,39.75737],[-123.83908,39.75768],[-123.83921,39.75726],[-123.83866,39.75655],[-123.83831,39.7566],[-123.83704,39.7557],[-123.83781,39.75464],[-123.83718,39.75328],[-123.83787,39.75256],[-123.83774,39.75203],[-123.83737,39.75178],[-123.83723,39.75208],[-123.83695,39.75156],[-123.83638,39.75165],[-123.83615,39.75087],[-123.83595,39.75095],[-123.83612,39.7514],[-123.83508,39.75061],[-123.83413,39.74759],[-123.83236,39.74497],[-123.83187,39.74203],[-123.83203,39.74168],[-123.83258,39.74163],[-123.8321,39.7412],[-123.83146,39.74119],[-123.83147,39.74068],[-123.83204,39.74059],[-123.83123,39.74],[-123.83161,39.73873],[-123.83291,39.73773],[-123.83347,39.7378],[-123.83481,39.73894],[-123.83491,39.7387],[-123.83427,39.73834],[-123.90298,39.73834],[-123.90451,39.74312],[-123.90556,39.74836],[-123.90739,39.75392],[-123.9085,39.76084],[-123.90844,39.7676],[-123.90694,39.77535],[-123.90631,39.78271],[-123.91076,39.79229],[-123.91285,39.79936],[-123.92492,39.80487],[-123.93126,39.80834],[-123.84523,39.80834],[-123.84613,39.80797]],[[-123.84548,39.80353],[-123.84553,39.80356],[-123.84559,39.80341],[-123.84548,39.80353]],[[-123.84352,39.80254],[-123.84351,39.80272],[-123.84364,39.8027],[-123.84352,39.80254]],[[-123.84366,39.80219],[-123.84364,39.80227],[-123.84371,39.8023],[-123.84391,39.8021],[-123.84366,39.80219]],[[-123.83951,39.77766],[-123.83947,39.7777],[-123.83955,39.77773],[-123.83951,39.77766]],[[-123.84006,39.7694],[-123.84001,39.76942],[-123.84004,39.76945],[-123.84006,39.7694]],[[-123.8386,39.76938],[-123.83858,39.76939],[-123.8386,39.76941],[-123.8386,39.76938]],[[-123.83849,39.76919],[-123.83846,39.76926],[-123.83852,39.76927],[-123.83849,39.76919]],[[-123.83901,39.7691],[-123.83901,39.76912],[-123.83906,39.76915],[-123.83901,39.7691]],[[-123.83852,39.76908],[-123.83839,39.76905],[-123.83839,39.76908],[-123.83852,39.76908]],[[-123.84037,39.76861],[-123.84031,39.76864],[-123.84035,39.76866],[-123.84037,39.76861]],[[-123.83831,39.76703],[-123.83819,39.76708],[-123.83834,39.7671],[-123.83831,39.76703]],[[-123.84075,39.76454],[-123.84085,39.76468],[-123.84091,39.7646],[-123.84075,39.76454]],[[-123.83893,39.76432],[-123.83892,39.76434],[-123.83901,39.76437],[-123.83893,39.76432]],[[-123.84007,39.76403],[-123.83989,39.76408],[-123.84012,39.76419],[-123.84007,39.76403]],[[-123.83968,39.76392],[-123.83965,39.76393],[-123.83979,39.76399],[-123.83968,39.76392]],[[-123.83833,39.76339],[-123.83831,39.76342],[-123.83843,39.76348],[-123.83833,39.76339]],[[-123.8398,39.76183],[-123.83976,39.76186],[-123.83984,39.76197],[-123.8398,39.76183]],[[-123.83879,39.76084],[-123.83877,39.76087],[-123.83883,39.76091],[-123.83879,39.76084]],[[-123.84016,39.7601],[-123.84077,39.76059],[-123.84075,39.76031],[-123.84016,39.7601]],[[-123.83928,39.76051],[-123.83924,39.76054],[-123.83927,39.76055],[-123.83928,39.76051]],[[-123.83885,39.75984],[-123.83879,39.75986],[-123.83888,39.75989],[-123.83885,39.75984]],[[-123.83922,39.75669],[-123.83916,39.7567],[-123.8392,39.75677],[-123.83922,39.75669]],[[-123.83901,39.75654],[-123.83893,39.75659],[-123.83899,39.75663],[-123.83901,39.75654]],[[-123.83781,39.75594],[-123.83783,39.75598],[-123.83791,39.75599],[-123.83781,39.75594]],[[-123.83846,39.75545],[-123.83865,39.75551],[-123.83859,39.75533],[-123.83842,39.7552],[-123.83846,39.75545]],[[-123.83847,39.75484],[-123.83798,39.75447],[-123.83807,39.75473],[-123.83847,39.75484]],[[-123.83921,39.75444],[-123.83901,39.75434],[-123.83901,39.75443],[-123.83921,39.75444]],[[-123.83954,39.75458],[-123.83959,39.75451],[-123.83947,39.75445],[-123.83954,39.75458]],[[-123.83872,39.75481],[-123.83853,39.75469],[-123.83851,39.75471],[-123.83872,39.75481]],[[-123.83911,39.75489],[-123.83912,39.75481],[-123.83892,39.75473],[-123.83911,39.75489]],[[-123.84018,39.75406],[-123.84014,39.75408],[-123.84024,39.75415],[-123.84018,39.75406]],[[-123.83773,39.75369],[-123.83786,39.75378],[-123.83785,39.7537],[-123.83773,39.75369]],[[-123.8384,39.75356],[-123.83838,39.75357],[-123.83839,39.7536],[-123.8384,39.75356]],[[-123.83797,39.75268],[-123.83806,39.75284],[-123.83819,39.75275],[-123.838,39.75244],[-123.83797,39.75268]],[[-123.83711,39.75125],[-123.83728,39.75153],[-123.83734,39.75139],[-123.83711,39.75125]],[[-123.83671,39.7513],[-123.83669,39.75132],[-123.83671,39.75139],[-123.83671,39.7513]],[[-123.83736,39.7492],[-123.83742,39.74938],[-123.83753,39.74932],[-123.83736,39.7492]],[[-123.83785,39.74108],[-123.83789,39.74115],[-123.83795,39.74112],[-123.83785,39.74108]],[[-123.8378,39.74109],[-123.83777,39.7411],[-123.8378,39.74114],[-123.8378,39.74109]],[[-123.83383,39.74053],[-123.83379,39.74057],[-123.83391,39.74059],[-123.83383,39.74053]]]}},{"type":"Feature","properties":{"name":"Vizcaino Rock Special Closure","short":"Vizcaino Rock","type":"Special Closure","ccr":"Section 632 (b) (18)"},"geometry":{"type":"Polygon","coordinates":[[[-123.83145,39.7279],[-123.83145,39.72557],[-123.83292,39.72569],[-123.83424,39.72679],[-123.83407,39.72806],[-123.83232,39.72841],[-123.83145,39.7279]],[[-123.83225,39.72689],[-123.83246,39.72754],[-123.83314,39.72743],[-123.83305,39.72696],[-123.83239,39.72648],[-123.8316,39.72656],[-123.83225,39.72689]]]}},{"type":"Feature","properties":{"name":"Ten Mile State Marine Reserve","short":"Ten Mile","type":"SMR","ccr":"Section 632 (b) (19)"},"geometry":{"type":"Polygon","coordinates":[[[-123.78786,39.598],[-123.7875,39.59779],[-123.78776,39.5975],[-123.78636,39.59552],[-123.78581,39.59493],[-123.78464,39.59451],[-123.78376,39.59362],[-123.78412,39.59335],[-123.78482,39.59352],[-123.78411,39.59297],[-123.78402,39.5926],[-123.78432,39.5926],[-123.78412,39.59239],[-123.78467,39.59294],[-123.78567,39.5932],[-123.78442,39.5924],[-123.7861,39.5928],[-123.78601,39.59226],[-123.78449,39.5916],[-123.78521,39.59151],[-123.78471,39.59076],[-123.78436,39.59157],[-123.78423,39.591],[-123.78386,39.59082],[-123.78335,39.59119],[-123.78362,39.59152],[-123.78291,39.5912],[-123.78326,39.5908],[-123.78233,39.5902],[-123.78311,39.59034],[-123.78336,39.58996],[-123.78245,39.58969],[-123.78247,39.58934],[-123.78105,39.58921],[-123.78144,39.58883],[-123.78131,39.58842],[-123.78022,39.58802],[-123.78019,39.58759],[-123.78078,39.58752],[-123.78058,39.58695],[-123.78146,39.58818],[-123.78218,39.58815],[-123.78234,39.58798],[-123.7815,39.58769],[-123.78142,39.58727],[-123.78003,39.58652],[-123.77873,39.58487],[-123.77719,39.58438],[-123.77719,39.58356],[-123.77769,39.58287],[-123.77726,39.58139],[-123.7774,39.58101],[-123.77781,39.58093],[-123.77717,39.58061],[-123.77742,39.58027],[-123.7771,39.58013],[-123.77735,39.57959],[-123.77771,39.57959],[-123.77636,39.57931],[-123.77626,39.57847],[-123.77661,39.57808],[-123.77715,39.57835],[-123.7767,39.57801],[-123.77702,39.57754],[-123.77855,39.57831],[-123.77884,39.57819],[-123.7781,39.57709],[-123.77752,39.57701],[-123.77659,39.57629],[-123.77693,39.57621],[-123.77691,39.57585],[-123.77751,39.5761],[-123.77813,39.57575],[-123.77711,39.57512],[-123.77656,39.57434],[-123.77586,39.57409],[-123.77505,39.57299],[-123.77305,39.57238],[-123.77272,39.57042],[-123.77165,39.56893],[-123.77181,39.56848],[-123.77078,39.56721],[-123.76749,39.56467],[-123.76718,39.56375],[-123.76742,39.56295],[-123.76822,39.56267],[-123.76838,39.56218],[-123.76907,39.56238],[-123.7692,39.56295],[-123.76953,39.56262],[-123.76858,39.56128],[-123.76828,39.56184],[-123.76767,39.56162],[-123.76735,39.56064],[-123.76688,39.56022],[-123.76749,39.5606],[-123.76813,39.56045],[-123.76642,39.55933],[-123.76645,39.55841],[-123.76711,39.55706],[-123.76722,39.5556],[-123.76693,39.555],[-123.84267,39.555],[-123.84371,39.55879],[-123.84445,39.56307],[-123.84666,39.56864],[-123.85062,39.57582],[-123.85584,39.58737],[-123.85725,39.59249],[-123.858,39.59834],[-123.78739,39.59828],[-123.78786,39.598]],[[-123.78482,39.59434],[-123.78494,39.59458],[-123.78501,39.59445],[-123.78482,39.59434]],[[-123.78522,39.59406],[-123.78536,39.59428],[-123.78568,39.5942],[-123.78522,39.59406]],[[-123.78501,39.59349],[-123.78518,39.5935],[-123.78515,39.59346],[-123.78501,39.59349]],[[-123.78213,39.58278],[-123.78226,39.58276],[-123.78219,39.58262],[-123.78213,39.58278]],[[-123.7816,39.58225],[-123.78143,39.58229],[-123.78159,39.58236],[-123.7816,39.58225]],[[-123.77806,39.58062],[-123.77847,39.58077],[-123.77846,39.58069],[-123.77806,39.58062]],[[-123.78155,39.58034],[-123.78065,39.57988],[-123.78112,39.58045],[-123.78155,39.58034]],[[-123.77882,39.57448],[-123.77871,39.57461],[-123.77907,39.57457],[-123.77882,39.57448]],[[-123.77827,39.57434],[-123.77839,39.57444],[-123.77841,39.57436],[-123.77827,39.57434]],[[-123.77791,39.57423],[-123.77806,39.57427],[-123.77807,39.57424],[-123.77791,39.57423]],[[-123.77658,39.57308],[-123.77649,39.57311],[-123.77659,39.57319],[-123.77658,39.57308]],[[-123.77757,39.5728],[-123.77728,39.57268],[-123.77721,39.57294],[-123.77744,39.57308],[-123.77757,39.5728]],[[-123.7743,39.56946],[-123.7741,39.5695],[-123.77459,39.56963],[-123.7743,39.56946]],[[-123.77357,39.56755],[-123.773,39.56785],[-123.77464,39.56823],[-123.7746,39.56781],[-123.77357,39.56755]],[[-123.77235,39.56653],[-123.77257,39.5669],[-123.77273,39.56682],[-123.77259,39.56633],[-123.77235,39.56653]],[[-123.77081,39.56662],[-123.77088,39.5668],[-123.77093,39.56679],[-123.77081,39.56662]],[[-123.77212,39.566],[-123.77224,39.56627],[-123.77235,39.56611],[-123.77212,39.566]],[[-123.77033,39.56525],[-123.77083,39.56554],[-123.77077,39.56509],[-123.77046,39.56495],[-123.77033,39.56525]],[[-123.76883,39.56076],[-123.76883,39.56089],[-123.76914,39.5609],[-123.76883,39.56076]]]}},{"type":"Feature","properties":{"name":"Ten Mile Beach State Marine Conservation Area","short":"Ten Mile Beach","type":"SMCA","ccr":"Section 632 (b) (20)"},"geometry":{"type":"Polygon","coordinates":[[[-123.76669,39.55439],[-123.76692,39.55393],[-123.76611,39.55332],[-123.76674,39.55165],[-123.76797,39.55065],[-123.77047,39.54167],[-123.84031,39.54167],[-123.83872,39.54566],[-123.84102,39.55034],[-123.84267,39.555],[-123.76693,39.555],[-123.76669,39.55439]]]}},{"type":"Feature","properties":{"name":"Ten Mile Estuary State Marine Conservation Area","short":"Ten Mile Estuary","type":"SMCA","ccr":"Section 632 (b) (21)"},"geometry":{"type":"Polygon","coordinates":[[[-123.76611,39.55332],[-123.76587,39.5533],[-123.76559,39.55214],[-123.76579,39.55196],[-123.76512,39.55116],[-123.76357,39.55051],[-123.7628,39.54958],[-123.76194,39.54944],[-123.7616,39.5497],[-123.76039,39.54846],[-123.76011,39.54767],[-123.75903,39.54796],[-123.75875,39.54841],[-123.75782,39.54855],[-123.75612,39.54793],[-123.75513,39.54676],[-123.75265,39.54543],[-123.75162,39.54434],[-123.75168,39.54362],[-123.75139,39.54318],[-123.74961,39.5429],[-123.75102,39.54183],[-123.75145,39.54185],[-123.75133,39.5415],[-123.75204,39.54168],[-123.75198,39.54088],[-123.75372,39.5419],[-123.75349,39.54135],[-123.75244,39.54059],[-123.74967,39.53957],[-123.74643,39.54],[-123.74617,39.53971],[-123.74845,39.53918],[-123.75003,39.53922],[-123.7527,39.54018],[-123.7541,39.54128],[-123.75534,39.54382],[-123.75801,39.54442],[-123.76308,39.54854],[-123.76459,39.54893],[-123.76637,39.55057],[-123.76674,39.55165],[-123.76611,39.55332]]]}},{"type":"Feature","properties":{"name":"Point Cabrillo State Marine Reserve","short":"Point Cabrillo","type":"SMR","ccr":"Section 632 (b) (23)"},"geometry":{"type":"Polygon","coordinates":[[[-123.8232,39.35631],[-123.82335,39.35605],[-123.82165,39.35548],[-123.82101,39.35376],[-123.82177,39.35351],[-123.82269,39.35377],[-123.82296,39.35344],[-123.82389,39.35363],[-123.82525,39.3529],[-123.82633,39.35183],[-123.82587,39.35188],[-123.82581,39.35155],[-123.82627,39.35123],[-123.82635,39.35038],[-123.82551,39.34983],[-123.82678,39.34992],[-123.82553,39.34902],[-123.82648,39.34935],[-123.82715,39.34896],[-123.82729,39.34947],[-123.82761,39.34922],[-123.82742,39.34859],[-123.82651,39.3479],[-123.82569,39.34803],[-123.82552,39.34853],[-123.8248,39.34853],[-123.82629,39.34721],[-123.825,39.34703],[-123.82489,39.34651],[-123.82539,39.34659],[-123.82544,39.34629],[-123.82379,39.34478],[-123.82291,39.34498],[-123.82258,39.34541],[-123.82282,39.34412],[-123.82225,39.34386],[-123.82224,39.34355],[-123.82195,39.34355],[-123.82165,39.3444],[-123.82123,39.34463],[-123.82062,39.34431],[-123.8206,39.344],[-123.82111,39.34334],[-123.83335,39.34334],[-123.83335,39.35667],[-123.8235,39.3565],[-123.8232,39.35631]],[[-123.82356,39.35628],[-123.82352,39.35638],[-123.82369,39.35646],[-123.82356,39.35628]],[[-123.82372,39.35381],[-123.82347,39.35398],[-123.82396,39.35408],[-123.82372,39.35381]],[[-123.82828,39.34908],[-123.82821,39.34916],[-123.82826,39.34921],[-123.82828,39.34908]],[[-123.82682,39.3478],[-123.827,39.34781],[-123.82697,39.34773],[-123.82682,39.3478]],[[-123.82752,39.3475],[-123.82737,39.34706],[-123.82717,39.3472],[-123.82752,39.3475]],[[-123.8252,39.34527],[-123.82562,39.34555],[-123.82557,39.34539],[-123.8252,39.34527]],[[-123.82357,39.34406],[-123.8238,39.3442],[-123.82369,39.34382],[-123.82357,39.34406]]]}},{"type":"Feature","properties":{"name":"Russian Gulch State Marine Conservation Area","short":"Russian Gulch","type":"SMCA","ccr":"Section 632 (b) (24)"},"geometry":{"type":"Polygon","coordinates":[[[-123.81161,39.33144],[-123.81247,39.33092],[-123.81183,39.33083],[-123.81132,39.3303],[-123.81268,39.33007],[-123.81172,39.32932],[-123.81327,39.32989],[-123.81201,39.32874],[-123.81168,39.3287],[-123.81118,39.32922],[-123.81102,39.32835],[-123.81156,39.32817],[-123.81155,39.32789],[-123.81061,39.32743],[-123.80971,39.32808],[-123.80966,39.32882],[-123.80832,39.32872],[-123.80743,39.32968],[-123.80702,39.3297],[-123.80688,39.32937],[-123.80642,39.32971],[-123.80598,39.32962],[-123.80538,39.32934],[-123.80516,39.32858],[-123.80631,39.32841],[-123.80627,39.3281],[-123.80656,39.32822],[-123.80697,39.32753],[-123.80459,39.32682],[-123.80382,39.32559],[-123.8041,39.32501],[-123.80476,39.32477],[-123.80551,39.32523],[-123.80553,39.32497],[-123.80756,39.32491],[-123.80835,39.32451],[-123.81668,39.32451],[-123.81668,39.331],[-123.81376,39.33096],[-123.81161,39.33144]],[[-123.81327,39.32942],[-123.81347,39.32954],[-123.81349,39.32922],[-123.81325,39.32915],[-123.81327,39.32942]]]}},{"type":"Feature","properties":{"name":"Van Damme State Marine Conservation Area","short":"Van Damme","type":"SMCA","ccr":"Section 632 (b) (26)"},"geometry":{"type":"Polygon","coordinates":[[[-123.79502,39.27347],[-123.79514,39.27401],[-123.79416,39.27433],[-123.79277,39.27411],[-123.79127,39.27334],[-123.78995,39.27014],[-123.79051,39.26968],[-123.79049,39.26912],[-123.79521,39.27225],[-123.79511,39.2727],[-123.79562,39.27283],[-123.79502,39.27347]]]}},{"type":"Feature","properties":{"name":"Point Arena State Marine Reserve","short":"Point Arena","type":"SMR","ccr":"Section 632 (b) (28)"},"geometry":{"type":"Polygon","coordinates":[[[-123.74186,38.95553],[-123.74116,38.95535],[-123.74186,38.95499],[-123.73987,38.95398],[-123.73994,38.95356],[-123.73944,38.95364],[-123.739,38.9529],[-123.73834,38.95277],[-123.73847,38.95217],[-123.73782,38.95086],[-123.73809,38.95073],[-123.73751,38.95063],[-123.73757,38.95018],[-123.73478,38.94768],[-123.73468,38.94677],[-123.73384,38.94623],[-123.73284,38.94435],[-123.73312,38.94349],[-123.73162,38.94242],[-123.7318,38.94094],[-123.73097,38.94075],[-123.73035,38.94],[-123.76668,38.94],[-123.76668,38.98334],[-123.74168,38.98334],[-123.74186,38.95553]]]}},{"type":"Feature","properties":{"name":"Sea Lion Cove State Marine Conservation Area","short":"Sea Lion Cove","type":"SMCA","ccr":"Section 632 (b) (30)"},"geometry":{"type":"Polygon","coordinates":[[[-123.73019,38.93938],[-123.731,38.93957],[-123.73118,38.93931],[-123.73041,38.93907],[-123.72979,38.93844],[-123.72911,38.93836],[-123.7292,38.93789],[-123.72817,38.93789],[-123.72689,38.93683],[-123.72705,38.93651],[-123.72634,38.93644],[-123.72637,38.93605],[-123.72599,38.93577],[-123.7259,38.93488],[-123.72697,38.93453],[-123.72629,38.93365],[-123.72632,38.93294],[-123.72705,38.93328],[-123.72694,38.93261],[-123.72725,38.93236],[-123.72657,38.93156],[-123.72637,38.93039],[-123.72653,38.93024],[-123.72704,38.93096],[-123.72748,38.931],[-123.72771,38.93038],[-123.7271,38.92924],[-123.72767,38.92967],[-123.72789,38.92942],[-123.72806,38.92988],[-123.72872,38.92938],[-123.72901,38.92984],[-123.73335,38.92984],[-123.73335,38.94],[-123.73035,38.94],[-123.73019,38.93938]]]}},{"type":"Feature","properties":{"name":"Saunders Reef State Marine Conservation Area","short":"Saunders Reef","type":"SMCA","ccr":"Section 632 (b) (31)"},"geometry":{"type":"Polygon","coordinates":[[[-123.65176,38.85434],[-123.65091,38.85379],[-123.65048,38.85407],[-123.65008,38.85393],[-123.65076,38.85353],[-123.65063,38.85333],[-123.65102,38.8529],[-123.65048,38.85287],[-123.65085,38.85242],[-123.65013,38.85182],[-123.64909,38.85207],[-123.64874,38.85182],[-123.64868,38.85145],[-123.64937,38.85113],[-123.64883,38.85098],[-123.64934,38.85084],[-123.64924,38.85041],[-123.64871,38.85011],[-123.64809,38.85041],[-123.64766,38.85001],[-123.64803,38.8497],[-123.6474,38.84971],[-123.6466,38.84903],[-123.64672,38.84857],[-123.64624,38.84787],[-123.64765,38.84731],[-123.64632,38.84692],[-123.64643,38.84653],[-123.64755,38.8467],[-123.64641,38.84643],[-123.64721,38.84613],[-123.64698,38.84537],[-123.64601,38.84576],[-123.646,38.84614],[-123.64541,38.84569],[-123.64463,38.84626],[-123.64322,38.8464],[-123.6421,38.84547],[-123.64196,38.84489],[-123.64228,38.84412],[-123.63859,38.84376],[-123.63699,38.84237],[-123.63649,38.84133],[-123.63568,38.84134],[-123.63589,38.84014],[-123.6356,38.83982],[-123.63479,38.8394],[-123.63414,38.84],[-123.63309,38.83977],[-123.63324,38.83904],[-123.63269,38.83855],[-123.63213,38.8386],[-123.6315,38.83775],[-123.63067,38.83768],[-123.63014,38.83646],[-123.6287,38.83685],[-123.62854,38.83577],[-123.62776,38.83548],[-123.62773,38.83424],[-123.62668,38.83334],[-123.70968,38.83334],[-123.71174,38.83785],[-123.71883,38.84122],[-123.72578,38.84561],[-123.72969,38.84873],[-123.73324,38.85209],[-123.73885,38.85901],[-123.74635,38.86334],[-123.65385,38.86334],[-123.65359,38.86104],[-123.65305,38.85985],[-123.65335,38.85934],[-123.65323,38.8588],[-123.65288,38.85856],[-123.65252,38.85733],[-123.65192,38.85705],[-123.6523,38.85673],[-123.65176,38.85434]]]}},{"type":"Feature","properties":{"name":"Gerstle Cove State Marine Reserve","short":"Gerstle Cove","type":"SMR","ccr":"Section 632 (b) (36)"},"geometry":{"type":"Polygon","coordinates":[[[-123.32898,38.56636],[-123.32935,38.56584],[-123.33201,38.56584],[-123.33077,38.56657],[-123.33058,38.56744],[-123.32942,38.56692],[-123.32898,38.56636]]]}},{"type":"Feature","properties":{"name":"Russian River State Marine Recreational Management Area","short":"Russian River","type":"SMRMA","ccr":"Section 632 (b) (37)"},"geometry":{"type":"Polygon","coordinates":[[[-123.12901,38.45247],[-123.12567,38.45079],[-123.12477,38.44996],[-123.11963,38.45041],[-123.11641,38.44986],[-123.11504,38.44878],[-123.11474,38.44893],[-123.11466,38.44833],[-123.11099,38.44414],[-123.11081,38.44115],[-123.10981,38.43791],[-123.10924,38.43701],[-123.10797,38.43616],[-123.10563,38.43538],[-123.10231,38.43549],[-123.1011,38.43407],[-123.10208,38.43363],[-123.10555,38.43389],[-123.10969,38.43495],[-123.11162,38.437],[-123.11215,38.44014],[-123.11282,38.44192],[-123.11477,38.44433],[-123.11718,38.44569],[-123.11957,38.44598],[-123.11835,38.44491],[-123.11946,38.44551],[-123.12554,38.44735],[-123.12648,38.44811],[-123.12699,38.44901],[-123.12901,38.45017],[-123.12993,38.45132],[-123.13185,38.45267],[-123.12901,38.45247]]]}},{"type":"Feature","properties":{"name":"Russian River State Marine Conservation Area","short":"Russian River","type":"SMCA","ccr":"Section 632 (b) (38)"},"geometry":{"type":"Polygon","coordinates":[[[-123.14051,38.45626],[-123.1376,38.45504],[-123.13521,38.45453],[-123.13243,38.45309],[-123.12993,38.45132],[-123.12796,38.44877],[-123.12733,38.4474],[-123.12597,38.4426],[-123.12637,38.44123],[-123.12779,38.4411],[-123.12835,38.43967],[-123.14301,38.43967],[-123.14299,38.45633],[-123.14051,38.45626]]]}},{"type":"Feature","properties":{"name":"Estero Americano State Marine Recreational Management Area","short":"Estero Americano","type":"SMRMA","ccr":"Section 632 (b) (41)"},"geometry":{"type":"Polygon","coordinates":[[[-122.98753,38.30889],[-122.98753,38.30765],[-122.98962,38.30644],[-122.98962,38.30601],[-122.99058,38.30481],[-122.99162,38.30473],[-122.99367,38.30629],[-122.99452,38.30594],[-122.99453,38.30544],[-122.99367,38.30423],[-122.99352,38.30275],[-122.99297,38.30193],[-122.99277,38.30009],[-122.99305,38.2994],[-122.99466,38.29874],[-122.99685,38.29855],[-122.99909,38.29777],[-123.00119,38.295],[-123.00159,38.29497],[-123.0038,38.29695],[-123.00282,38.29713],[-123.00166,38.29804],[-122.99777,38.29957],[-122.99677,38.29935],[-122.99587,38.29959],[-122.99603,38.29933],[-122.99568,38.29926],[-122.9948,38.29954],[-122.99428,38.30083],[-122.99484,38.30377],[-122.99579,38.30511],[-122.99576,38.30609],[-122.99513,38.30684],[-122.99348,38.30699],[-122.99327,38.30753],[-122.99094,38.30646],[-122.98957,38.3075],[-122.98878,38.30854],[-122.98753,38.30889]]]}},{"type":"Feature","properties":{"name":"Estero de San Antonio State Marine Recreational Management Area","short":"Estero de San Antonio","type":"SMRMA","ccr":"Section 632 (b) (42)"},"geometry":{"type":"Polygon","coordinates":[[[-122.96832,38.27423],[-122.96823,38.27357],[-122.9668,38.27163],[-122.96399,38.27042],[-122.96425,38.26921],[-122.96498,38.26808],[-122.96484,38.26785],[-122.96301,38.26791],[-122.96095,38.26657],[-122.95987,38.26692],[-122.95962,38.26784],[-122.9598,38.26827],[-122.96141,38.26943],[-122.96135,38.27036],[-122.96063,38.27208],[-122.96112,38.27304],[-122.96093,38.27372],[-122.95996,38.27467],[-122.9592,38.27474],[-122.9584,38.27445],[-122.95669,38.27278],[-122.95926,38.27449],[-122.95977,38.27443],[-122.96066,38.27359],[-122.96081,38.27311],[-122.96037,38.27188],[-122.96094,38.26944],[-122.95946,38.26839],[-122.95926,38.26746],[-122.95964,38.26671],[-122.96057,38.2663],[-122.96163,38.26654],[-122.96328,38.26765],[-122.96532,38.26771],[-122.96456,38.26961],[-122.96457,38.27038],[-122.96725,38.27141],[-122.96918,38.27347],[-122.97107,38.27437],[-122.97149,38.27414],[-122.97162,38.27329],[-122.97279,38.27222],[-122.97312,38.27107],[-122.97454,38.26978],[-122.9764,38.26957],[-122.977,38.2698],[-122.9774,38.26947],[-122.97885,38.27054],[-122.9764,38.27097],[-122.9754,38.27012],[-122.97452,38.27031],[-122.97357,38.27133],[-122.97306,38.27337],[-122.97159,38.27472],[-122.971,38.27483],[-122.96832,38.27423]]]}},{"type":"Feature","properties":{"name":"Point Reyes Headlands Special Closure","short":"Point Reyes Headlands","type":"Special Closure","ccr":"Section 632 (b) (45)"},"geometry":{"type":"Polygon","coordinates":[[[-123.01098,37.99548],[-123.01088,37.99577],[-123.01056,37.99524],[-123.01046,37.9957],[-123.00996,37.99511],[-123.00966,37.99561],[-123.00797,37.99571],[-123.0073,37.99518],[-123.00604,37.99519],[-123.00573,37.99475],[-123.00568,37.99356],[-123.00504,37.9937],[-123.00466,37.99331],[-123.00351,37.99347],[-123.00335,37.99307],[-123.00235,37.9935],[-123.00117,37.99321],[-123.00055,37.99404],[-122.99967,37.99392],[-122.99933,37.99349],[-122.99915,37.99399],[-122.99846,37.99379],[-122.99823,37.99411],[-122.99629,37.99431],[-122.99536,37.99397],[-122.9948,37.99323],[-122.99513,37.99293],[-122.99452,37.99282],[-122.9936,37.99315],[-122.99366,37.99377],[-122.99316,37.99422],[-122.99063,37.9947],[-122.98785,37.99367],[-122.98811,37.99339],[-122.98778,37.99323],[-122.98747,37.99365],[-122.98699,37.99354],[-122.98688,37.99319],[-122.9862,37.99333],[-122.98693,37.99278],[-122.98617,37.99284],[-122.98657,37.99249],[-122.98596,37.99205],[-122.98609,37.99292],[-122.98558,37.99285],[-122.98567,37.99304],[-122.98518,37.99321],[-122.98374,37.99308],[-122.98264,37.99261],[-122.98148,37.99277],[-122.98038,37.99249],[-122.97973,37.99283],[-122.97814,37.99295],[-122.97528,37.9924],[-122.97523,37.99269],[-122.97381,37.99276],[-122.97282,37.99199],[-122.97294,37.99143],[-122.97334,37.99122],[-122.97243,37.99028],[-122.96819,37.99058],[-122.96673,37.99037],[-122.96602,37.98981],[-122.9657,37.99007],[-122.96371,37.99018],[-122.96335,37.98984],[-122.96336,37.98758],[-122.96646,37.98697],[-122.9687,37.9877],[-122.97379,37.98766],[-122.97538,37.98833],[-122.97662,37.98967],[-122.97839,37.99012],[-122.98063,37.98977],[-122.98402,37.98996],[-122.98564,37.98942],[-122.987,37.98939],[-122.98864,37.98995],[-122.99088,37.99163],[-122.99211,37.99077],[-122.99461,37.99017],[-122.99647,37.99035],[-122.99777,37.99102],[-123.00251,37.99032],[-123.00649,37.99068],[-123.00802,37.99127],[-123.00913,37.99246],[-123.01173,37.99201],[-123.01353,37.99131],[-123.01669,37.99142],[-123.01662,37.99431],[-123.01407,37.99402],[-123.01363,37.99484],[-123.01202,37.99575],[-123.01098,37.99548]],[[-123.01597,37.99411],[-123.01596,37.9942],[-123.01623,37.99411],[-123.01597,37.99411]]]}},{"type":"Feature","properties":{"name":"Point Resistance Rock Special Closure","short":"Point Resistance Rock","type":"Special Closure","ccr":"Section 632 (b) (48)"},"geometry":{"type":"Polygon","coordinates":[[[-122.83015,37.99781],[-122.83049,37.99859],[-122.82987,37.99936],[-122.82893,37.99952],[-122.82821,37.99913],[-122.82806,37.99836],[-122.82847,37.99776],[-122.82929,37.99756],[-122.83015,37.99781]]]}},{"type":"Feature","properties":{"name":"Double Point/Stormy Stack Rock Special Closure","short":"Double Point/Stormy Stack Rock","type":"Special Closure","ccr":"Section 632 (b) (49)"},"geometry":{"type":"Polygon","coordinates":[[[-122.78704,37.94635],[-122.78742,37.94727],[-122.78624,37.94836],[-122.78521,37.94852],[-122.78451,37.94811],[-122.78435,37.94745],[-122.78482,37.94639],[-122.78569,37.946],[-122.78704,37.94635]]]}},{"type":"Feature","properties":{"name":"Duxbury Reef State Marine Conservation Area","short":"Duxbury Reef","type":"SMCA","ccr":"Section 632 (b) (50)"},"geometry":{"type":"Polygon","coordinates":[[[-122.72796,37.9062],[-122.72713,37.90508],[-122.72691,37.90385],[-122.72604,37.90321],[-122.72158,37.90186],[-122.71839,37.90205],[-122.71365,37.90052],[-122.71236,37.89957],[-122.70958,37.89598],[-122.709,37.89613],[-122.70769,37.89577],[-122.704,37.89433],[-122.70145,37.89422],[-122.7001,37.8953],[-122.70035,37.89617],[-122.69853,37.89418],[-122.69962,37.89253],[-122.70107,37.89137],[-122.70282,37.89123],[-122.70599,37.89185],[-122.71211,37.89394],[-122.71583,37.89814],[-122.71926,37.89905],[-122.72278,37.89919],[-122.726,37.89996],[-122.72956,37.9017],[-122.73066,37.90326],[-122.73203,37.90957],[-122.7338,37.912],[-122.7351,37.91679],[-122.73842,37.92316],[-122.73851,37.92367],[-122.73633,37.92524],[-122.73561,37.9238],[-122.73317,37.92079],[-122.73144,37.91738],[-122.73031,37.91289],[-122.7282,37.9098],[-122.72755,37.90703],[-122.72796,37.9062]]]}},{"type":"Feature","properties":{"name":"North Farallon Islands Special Closure","short":"North Farallon Islands","type":"Special Closure","ccr":"Section 632 (b) (52)"},"geometry":{"type":"MultiPolygon","coordinates":[[[[-123.09782,37.76505],[-123.097,37.76441],[-123.09684,37.76378],[-123.09723,37.76324],[-123.09824,37.76303],[-123.09997,37.7638],[-123.10012,37.76432],[-123.09986,37.76481],[-123.09782,37.76505]],[[-123.09848,37.76393],[-123.09787,37.76391],[-123.09837,37.76435],[-123.09895,37.76432],[-123.09848,37.76393]]],[[[-123.09803,37.76652],[-123.09971,37.76589],[-123.10106,37.76583],[-123.10212,37.76665],[-123.10172,37.7676],[-123.09954,37.76869],[-123.09856,37.76862],[-123.09777,37.76785],[-123.09803,37.76652]],[[-123.0997,37.7675],[-123.09916,37.76699],[-123.0988,37.76755],[-123.09923,37.76781],[-123.0997,37.7675]],[[-123.1011,37.76688],[-123.10039,37.76667],[-123.09984,37.76698],[-123.10059,37.76718],[-123.1011,37.76688]],[[-123.09826,37.76654],[-123.09826,37.76657],[-123.09844,37.7666],[-123.09826,37.76654]]],[[[-123.10323,37.77152],[-123.10362,37.77012],[-123.10436,37.76917],[-123.10553,37.7685],[-123.1073,37.76812],[-123.1089,37.76828],[-123.11021,37.76897],[-123.11104,37.77017],[-123.11094,37.77299],[-123.11004,37.77407],[-123.10881,37.77476],[-123.10723,37.775],[-123.10576,37.77472],[-123.10466,37.77409],[-123.10353,37.77274],[-123.10323,37.77152]],[[-123.10685,37.77287],[-123.107,37.77289],[-123.10695,37.77271],[-123.10685,37.77287]],[[-123.10729,37.77173],[-123.10761,37.77095],[-123.10698,37.77111],[-123.10678,37.77159],[-123.10719,37.77222],[-123.10768,37.77204],[-123.10729,37.77173]],[[-123.10799,37.77204],[-123.10815,37.77194],[-123.10808,37.77193],[-123.10799,37.77204]],[[-123.10781,37.77084],[-123.10812,37.77092],[-123.10811,37.77069],[-123.10781,37.77084]]]]}},{"type":"Feature","properties":{"name":"Southeast Farallon Island State Marine Reserve","short":"Southeast Farallon Island","type":"SMR","ccr":"Section 632 (b) (53)"},"geometry":{"type":"Polygon","coordinates":[[[-122.99169,37.67501],[-123.03336,37.67501],[-123.03336,37.71001],[-122.99169,37.71001],[-122.99169,37.67501]],[[-123.00349,37.70328],[-123.00321,37.70303],[-123.00242,37.70422],[-123.00273,37.70442],[-123.00337,37.70402],[-123.00349,37.70328]],[[-123.00377,37.70308],[-123.00357,37.70279],[-123.00347,37.70287],[-123.00377,37.70308]],[[-123.00424,37.7027],[-123.00435,37.70344],[-123.0051,37.70217],[-123.00374,37.70268],[-123.00392,37.70307],[-123.00424,37.7027]],[[-123.0045,37.70153],[-123.00496,37.70118],[-123.00463,37.70086],[-123.00532,37.70125],[-123.00551,37.70104],[-123.00548,37.70069],[-123.0052,37.70084],[-123.00485,37.70021],[-123.0045,37.70017],[-123.00488,37.69982],[-123.00569,37.70017],[-123.0053,37.69909],[-123.00592,37.69957],[-123.00595,37.69911],[-123.0068,37.69925],[-123.00696,37.69955],[-123.00685,37.69869],[-123.00641,37.69824],[-123.00794,37.69888],[-123.008,37.69859],[-123.00858,37.69874],[-123.00859,37.698],[-123.00772,37.69784],[-123.0074,37.69805],[-123.00685,37.69754],[-123.00671,37.69779],[-123.00597,37.69735],[-123.00576,37.69771],[-123.00572,37.69718],[-123.0054,37.69704],[-123.00517,37.69713],[-123.00543,37.6977],[-123.00404,37.69738],[-123.00383,37.69767],[-123.00381,37.6969],[-123.0029,37.69601],[-123.00082,37.69541],[-123.00051,37.69581],[-123.00074,37.69637],[-123.0003,37.69592],[-122.99968,37.69635],[-123.00044,37.69755],[-122.99957,37.69701],[-122.99998,37.69825],[-122.99985,37.69887],[-122.99921,37.69901],[-122.99929,37.69949],[-123.00017,37.69991],[-123.00059,37.69946],[-123.00086,37.70063],[-123.00172,37.70115],[-123.00169,37.70083],[-123.00214,37.70097],[-123.00234,37.70052],[-123.00258,37.70094],[-123.00263,37.70052],[-123.00303,37.7004],[-123.00298,37.70087],[-123.00365,37.70083],[-123.00409,37.70117],[-123.00381,37.7021],[-123.00452,37.7021],[-123.0045,37.70153]],[[-123.00357,37.69655],[-123.00374,37.69662],[-123.00349,37.6961],[-123.00291,37.69589],[-123.00357,37.69655]],[[-123.0112,37.69716],[-123.01124,37.69707],[-123.01108,37.69697],[-123.0112,37.69716]],[[-123.01131,37.69766],[-123.01047,37.69784],[-123.01057,37.69812],[-123.01005,37.69782],[-123.00977,37.69801],[-123.00961,37.6977],[-123.00953,37.69795],[-123.00913,37.69785],[-123.00878,37.69828],[-123.0088,37.69902],[-123.00973,37.69942],[-123.01063,37.69921],[-123.01126,37.70014],[-123.01189,37.70029],[-123.01183,37.70064],[-123.01219,37.70079],[-123.0121,37.70043],[-123.01239,37.7003],[-123.01329,37.70104],[-123.0137,37.70095],[-123.0136,37.70027],[-123.01397,37.70037],[-123.01393,37.69993],[-123.01295,37.69926],[-123.01333,37.69855],[-123.01289,37.69844],[-123.01279,37.69894],[-123.0127,37.69861],[-123.01194,37.69855],[-123.01265,37.69763],[-123.01163,37.69714],[-123.01131,37.69766]],[[-123.01086,37.70002],[-123.0109,37.70023],[-123.01101,37.70017],[-123.01086,37.70002]],[[-123.01037,37.69965],[-123.01026,37.69965],[-123.01036,37.69989],[-123.01037,37.69965]],[[-123.00505,37.70342],[-123.00535,37.70314],[-123.00508,37.70284],[-123.00484,37.70312],[-123.00505,37.70342]],[[-123.00467,37.70394],[-123.00462,37.70378],[-123.00445,37.7039],[-123.00467,37.70394]],[[-123.00285,37.69383],[-123.00267,37.6941],[-123.00402,37.69386],[-123.00441,37.69334],[-123.00285,37.69383]]]}},{"type":"Feature","properties":{"name":"Southeast Farallon Island State Marine Conservation Area","short":"Southeast Farallon Island","type":"SMCA","ccr":"Section 632 (b) (54)"},"geometry":{"type":"Polygon","coordinates":[[[-123.00739,37.64335],[-123.01503,37.64404],[-123.02145,37.64522],[-123.02786,37.64698],[-123.0348,37.64961],[-123.04527,37.65451],[-123.0498,37.65698],[-123.05485,37.66035],[-123.0618,37.66635],[-123.06797,37.67373],[-123.07051,37.6776],[-123.07298,37.68246],[-123.07455,37.68664],[-123.07585,37.69184],[-123.08048,37.69578],[-123.08445,37.69996],[-123.08785,37.70445],[-123.09105,37.71001],[-123.03336,37.71001],[-123.03336,37.67501],[-122.99169,37.67501],[-122.99169,37.64425],[-123.0007,37.64335],[-123.00739,37.64335]]]}},{"type":"Feature","properties":{"name":"Southeast Farallon Island Special Closure","short":"Southeast Farallon Island","type":"Special Closure","ccr":"Section 632 (b) (55)"},"geometry":{"type":"MultiPolygon","coordinates":[[[[-123.00349,37.70328],[-123.00321,37.70303],[-123.00347,37.70287],[-123.00374,37.70319],[-123.00363,37.70277],[-123.00393,37.70308],[-123.00424,37.7027],[-123.00435,37.70344],[-123.00508,37.70229],[-123.00427,37.70222],[-123.00496,37.70118],[-123.00463,37.70086],[-123.00532,37.70125],[-123.00551,37.70104],[-123.00548,37.70069],[-123.0052,37.70084],[-123.00485,37.70021],[-123.0045,37.70017],[-123.00488,37.69982],[-123.00569,37.70017],[-123.0053,37.69909],[-123.00592,37.69957],[-123.00595,37.69911],[-123.0068,37.69925],[-123.00696,37.69955],[-123.00685,37.69869],[-123.00641,37.69824],[-123.0079,37.69889],[-123.008,37.69859],[-123.00858,37.69874],[-123.00862,37.69821],[-123.00835,37.69787],[-123.0074,37.69805],[-123.00685,37.69754],[-123.00671,37.69779],[-123.00597,37.69735],[-123.00576,37.69771],[-123.00572,37.69718],[-123.0054,37.69704],[-123.00517,37.69713],[-123.00543,37.6977],[-123.00404,37.69738],[-123.00383,37.69767],[-123.00381,37.6969],[-123.0029,37.69601],[-123.00082,37.69541],[-123.00122,37.69461],[-123.00212,37.6948],[-123.00163,37.69399],[-123.0023,37.69313],[-123.00396,37.69249],[-123.00529,37.69291],[-123.00542,37.69367],[-123.00504,37.69424],[-123.00295,37.69502],[-123.0042,37.6955],[-123.00483,37.69635],[-123.00589,37.69628],[-123.00765,37.69702],[-123.00871,37.6971],[-123.01001,37.69694],[-123.01078,37.69618],[-123.01201,37.69625],[-123.01335,37.69694],[-123.01428,37.69821],[-123.01506,37.70029],[-123.01425,37.70165],[-123.01326,37.70186],[-123.01176,37.70156],[-123.00805,37.6997],[-123.00653,37.70065],[-123.00606,37.70187],[-123.00636,37.70331],[-123.00557,37.70434],[-123.00293,37.70434],[-123.00339,37.70395],[-123.00349,37.70328]],[[-123.00445,37.7039],[-123.00455,37.70399],[-123.00467,37.70392],[-123.00445,37.7039]],[[-123.00482,37.70334],[-123.00518,37.7034],[-123.00532,37.70306],[-123.00497,37.70286],[-123.00482,37.70334]],[[-123.0116,37.70037],[-123.01189,37.70029],[-123.01183,37.70064],[-123.01219,37.70079],[-123.01212,37.7004],[-123.01277,37.70037],[-123.01329,37.70104],[-123.01375,37.70086],[-123.0136,37.70027],[-123.01402,37.70029],[-123.01377,37.69965],[-123.01295,37.69926],[-123.01333,37.69855],[-123.01289,37.69844],[-123.01279,37.69894],[-123.0127,37.69861],[-123.01192,37.69852],[-123.01265,37.69763],[-123.01177,37.69705],[-123.01131,37.69766],[-123.01047,37.69784],[-123.01057,37.69812],[-123.01005,37.69782],[-123.00977,37.69801],[-123.00961,37.6977],[-123.00878,37.69828],[-123.00895,37.69919],[-123.00973,37.69942],[-123.01063,37.69921],[-123.0116,37.70037]],[[-123.01108,37.69697],[-123.01104,37.69699],[-123.01109,37.69713],[-123.01108,37.69697]],[[-123.01086,37.70002],[-123.0109,37.70023],[-123.01101,37.70017],[-123.01086,37.70002]],[[-123.01025,37.69968],[-123.01036,37.69989],[-123.01044,37.69981],[-123.01025,37.69968]],[[-123.00316,37.69592],[-123.0029,37.69588],[-123.00368,37.69662],[-123.00372,37.69631],[-123.00316,37.69592]],[[-123.00285,37.69383],[-123.00267,37.6941],[-123.00402,37.69386],[-123.00441,37.69334],[-123.00285,37.69383]]],[[[-122.99816,37.69903],[-122.99885,37.698],[-122.99853,37.69718],[-122.99959,37.69718],[-122.99998,37.69825],[-122.99985,37.69887],[-122.99921,37.69901],[-122.99929,37.69949],[-123.00017,37.69991],[-123.00059,37.69946],[-123.00078,37.70049],[-123.00124,37.70084],[-122.99984,37.70084],[-122.99849,37.70001],[-122.99816,37.69903]]]]}},{"type":"Feature","properties":{"name":"Fagan Marsh State Marine Park","short":"Fagan Marsh","type":"SMP","ccr":"Section 632 (b) (56)"},"geometry":{"type":"MultiPolygon","coordinates":[[[[-122.28586,38.21835],[-122.28655,38.21443],[-122.28546,38.21343],[-122.28624,38.21189],[-122.30048,38.21171],[-122.30049,38.21777],[-122.29813,38.21914],[-122.29798,38.22013],[-122.29342,38.22019],[-122.29176,38.22128],[-122.29072,38.22278],[-122.28969,38.22297],[-122.28657,38.22283],[-122.28693,38.22238],[-122.28652,38.22172],[-122.28672,38.22037],[-122.28586,38.21835]]],[[[-122.29879,38.22033],[-122.2985,38.21983],[-122.29877,38.21943],[-122.29973,38.21909],[-122.30574,38.21886],[-122.30989,38.21966],[-122.30755,38.22437],[-122.30649,38.22556],[-122.3051,38.2262],[-122.30305,38.22648],[-122.30243,38.22339],[-122.3025,38.22092],[-122.30102,38.22028],[-122.29879,38.22033]]]]}},{"type":"Feature","properties":{"name":"Peytonia Slough State Marine Park","short":"Peytonia Slough","type":"SMP","ccr":"Section 632 (b) (57)"},"geometry":{"type":"MultiPolygon","coordinates":[[[[-122.03452,38.22479],[-122.03521,38.2229],[-122.03455,38.22226],[-122.03296,38.22226],[-122.03163,38.2184],[-122.03658,38.21398],[-122.03971,38.21355],[-122.04027,38.21322],[-122.04531,38.21985],[-122.04396,38.22025],[-122.04408,38.22136],[-122.0434,38.2218],[-122.04346,38.22275],[-122.04275,38.22367],[-122.04296,38.22399],[-122.0426,38.22453],[-122.04268,38.2253],[-122.04146,38.2264],[-122.03936,38.22579],[-122.03851,38.22595],[-122.0381,38.22651],[-122.03687,38.22552],[-122.03621,38.22587],[-122.03618,38.22665],[-122.03547,38.22647],[-122.03452,38.22479]]],[[[-122.03467,38.22643],[-122.03489,38.22614],[-122.03586,38.22712],[-122.03658,38.22692],[-122.03667,38.22596],[-122.03793,38.22681],[-122.03925,38.22605],[-122.04154,38.22676],[-122.04318,38.22533],[-122.04374,38.22225],[-122.04444,38.22143],[-122.04441,38.22034],[-122.04502,38.22017],[-122.04546,38.22013],[-122.04566,38.22093],[-122.0471,38.22109],[-122.04804,38.2208],[-122.04811,38.22119],[-122.04723,38.2215],[-122.04746,38.22192],[-122.04909,38.22175],[-122.04943,38.2223],[-122.05135,38.22262],[-122.05169,38.22171],[-122.05204,38.22234],[-122.05178,38.22331],[-122.05214,38.22354],[-122.04833,38.23053],[-122.04461,38.23042],[-122.03884,38.23146],[-122.03898,38.23299],[-122.03779,38.23318],[-122.03802,38.2329],[-122.03684,38.23173],[-122.03467,38.22643]]]]}},{"type":"Feature","properties":{"name":"Corte Madera Marsh State Marine Park","short":"Corte Madera Marsh","type":"SMP","ccr":"Section 632 (b) (58)"},"geometry":{"type":"MultiPolygon","coordinates":[[[[-122.48793,37.93254],[-122.48791,37.93438],[-122.47918,37.93425],[-122.4795,37.93142],[-122.47918,37.92884],[-122.49717,37.92873],[-122.49733,37.93245],[-122.48793,37.93254]]],[[[-122.5002,37.93246],[-122.50007,37.92876],[-122.50182,37.92869],[-122.50171,37.92791],[-122.49976,37.92583],[-122.49991,37.92558],[-122.5016,37.92552],[-122.50308,37.92428],[-122.50539,37.92507],[-122.50579,37.92499],[-122.50655,37.92399],[-122.50717,37.92433],[-122.50751,37.92379],[-122.50793,37.92386],[-122.50786,37.92411],[-122.51026,37.92405],[-122.51067,37.92702],[-122.50866,37.92826],[-122.50709,37.93681],[-122.51211,37.93604],[-122.51237,37.93755],[-122.51102,37.93746],[-122.51108,37.93883],[-122.5126,37.93867],[-122.51338,37.94141],[-122.51136,37.94079],[-122.50726,37.94144],[-122.50658,37.94195],[-122.50472,37.9417],[-122.49736,37.93737],[-122.49733,37.93245],[-122.5002,37.93246]]]]}},{"type":"Feature","properties":{"name":"Marin Islands State Marine Park","short":"Marin Islands","type":"SMP","ccr":"Section 632 (b) (59)"},"geometry":{"type":"Polygon","coordinates":[[[-122.45838,37.973],[-122.46022,37.97144],[-122.46015,37.96997],[-122.4634,37.9668],[-122.4615,37.96471],[-122.46473,37.9633],[-122.46567,37.96219],[-122.47636,37.96671],[-122.47636,37.96825],[-122.46989,37.96843],[-122.4698,37.97494],[-122.4721,37.97494],[-122.47204,37.97146],[-122.47649,37.97129],[-122.47654,37.97395],[-122.47531,37.97489],[-122.47471,37.97486],[-122.47465,37.97546],[-122.45726,37.97554],[-122.45838,37.973]],[[-122.47189,37.96554],[-122.47258,37.96619],[-122.47384,37.96655],[-122.47368,37.9657],[-122.47189,37.96554]],[[-122.47055,37.96513],[-122.47042,37.96488],[-122.46867,37.96371],[-122.46684,37.96411],[-122.46591,37.96472],[-122.4668,37.96545],[-122.4679,37.96476],[-122.46924,37.96521],[-122.46981,37.96501],[-122.47018,37.96541],[-122.47055,37.96513]]]}},{"type":"Feature","properties":{"name":"Albany Mudflats State Marine Park","short":"Albany Mudflats","type":"SMP","ccr":"Section 632 (b) (60)"},"geometry":{"type":"Polygon","coordinates":[[[-122.30914,37.89062],[-122.30967,37.88879],[-122.31393,37.89184],[-122.31617,37.89189],[-122.31631,37.89116],[-122.31789,37.89091],[-122.3195,37.89008],[-122.32068,37.88986],[-122.32305,37.88993],[-122.32355,37.89121],[-122.32119,37.8913],[-122.32111,37.89496],[-122.32275,37.89504],[-122.31253,37.89732],[-122.31152,37.8965],[-122.31031,37.89482],[-122.30922,37.89223],[-122.30914,37.89062]]]}},{"type":"Feature","properties":{"name":"Robert W. Crown State Marine Conservation Area","short":"Robert W. Crown","type":"SMCA","ccr":"Section 632 (b) (61)"},"geometry":{"type":"Polygon","coordinates":[[[-122.2756,37.76753],[-122.27559,37.76659],[-122.27518,37.76583],[-122.27587,37.76587],[-122.27644,37.76775],[-122.27762,37.7681],[-122.28022,37.76591],[-122.28068,37.76617],[-122.27802,37.76848],[-122.27622,37.76813],[-122.2756,37.76753]]]}},{"type":"Feature","properties":{"name":"Redwood Shores State Marine Park","short":"Redwood Shores","type":"SMP","ccr":"Section 632 (b) (62)"},"geometry":{"type":"Polygon","coordinates":[[[-122.23285,37.53595],[-122.23367,37.53826],[-122.23306,37.5391],[-122.23006,37.54102],[-122.22897,37.54235],[-122.22729,37.54343],[-122.22603,37.54483],[-122.22603,37.54567],[-122.22964,37.54797],[-122.23414,37.54831],[-122.23485,37.54778],[-122.23552,37.54836],[-122.24312,37.54904],[-122.24403,37.54889],[-122.24457,37.54913],[-122.24465,37.54971],[-122.24415,37.54963],[-122.24436,37.55029],[-122.24506,37.55062],[-122.24487,37.55002],[-122.24641,37.55002],[-122.24736,37.54934],[-122.24572,37.54826],[-122.24623,37.54771],[-122.24854,37.54911],[-122.2501,37.5476],[-122.25065,37.5462],[-122.25017,37.54465],[-122.24911,37.54291],[-122.24917,37.54184],[-122.24886,37.54115],[-122.24938,37.54099],[-122.24943,37.54054],[-122.2507,37.53916],[-122.25351,37.53814],[-122.25483,37.53959],[-122.25671,37.54007],[-122.25902,37.53885],[-122.25959,37.53611],[-122.2599,37.53176],[-122.25971,37.53117],[-122.26013,37.53078],[-122.26039,37.53094],[-122.26052,37.53421],[-122.26131,37.53318],[-122.26246,37.53314],[-122.2644,37.53405],[-122.26193,37.53358],[-122.26098,37.534],[-122.26063,37.53963],[-122.25929,37.54083],[-122.25734,37.54157],[-122.25316,37.5414],[-122.25267,37.54163],[-122.25252,37.54217],[-122.25352,37.54333],[-122.25393,37.54475],[-122.25424,37.5463],[-122.25421,37.54785],[-122.25306,37.54877],[-122.25005,37.55247],[-122.247,37.55352],[-122.248,37.55468],[-122.24786,37.55595],[-122.24646,37.55483],[-122.24541,37.55607],[-122.2455,37.55473],[-122.24755,37.55204],[-122.25282,37.54855],[-122.25406,37.54595],[-122.25352,37.54402],[-122.25205,37.54229],[-122.25104,37.54166],[-122.25126,37.54014],[-122.25088,37.54017],[-122.25023,37.54091],[-122.25042,37.54218],[-122.24982,37.54224],[-122.24983,37.54275],[-122.25103,37.54461],[-122.25133,37.54592],[-122.25117,37.5466],[-122.24957,37.54871],[-122.25029,37.54873],[-122.2458,37.55164],[-122.24434,37.55058],[-122.23442,37.54886],[-122.22909,37.54832],[-122.2259,37.54585],[-122.22561,37.5449],[-122.22592,37.54426],[-122.22801,37.54269],[-122.23193,37.53592],[-122.23318,37.53489],[-122.23285,37.53595]]]}},{"type":"Feature","properties":{"name":"Bair Island State Marine Park","short":"Bair Island","type":"SMP","ccr":"Section 632 (b) (63)"},"geometry":{"type":"MultiPolygon","coordinates":[[[[-122.22066,37.51735],[-122.22055,37.51701],[-122.22327,37.50593],[-122.22491,37.50122],[-122.22682,37.5025],[-122.22754,37.50451],[-122.22894,37.50568],[-122.23788,37.50913],[-122.23866,37.50911],[-122.239,37.51911],[-122.23728,37.5165],[-122.23578,37.51546],[-122.23449,37.51537],[-122.23383,37.51603],[-122.2346,37.51937],[-122.23122,37.51932],[-122.23004,37.51749],[-122.22945,37.51744],[-122.22731,37.52049],[-122.22327,37.52052],[-122.22341,37.5191],[-122.22254,37.51809],[-122.22066,37.51735]]],[[[-122.23078,37.53068],[-122.23009,37.53273],[-122.22943,37.53354],[-122.2297,37.53393],[-122.22945,37.53449],[-122.22969,37.53454],[-122.22839,37.53624],[-122.22724,37.53879],[-122.22499,37.54209],[-122.22328,37.54314],[-122.2099,37.54169],[-122.20342,37.54041],[-122.20505,37.538],[-122.19971,37.53527],[-122.20069,37.53405],[-122.19797,37.5319],[-122.20679,37.52505],[-122.20957,37.52614],[-122.21023,37.52603],[-122.21139,37.52664],[-122.2138,37.52706],[-122.21631,37.52628],[-122.21707,37.52549],[-122.21736,37.52378],[-122.21904,37.52347],[-122.2202,37.52285],[-122.2204,37.5221],[-122.22019,37.52141],[-122.21858,37.51894],[-122.21895,37.51825],[-122.21954,37.51802],[-122.22107,37.51826],[-122.22192,37.52346],[-122.22503,37.52326],[-122.22745,37.52163],[-122.22969,37.51876],[-122.23,37.51892],[-122.23057,37.5205],[-122.23106,37.52087],[-122.23241,37.52133],[-122.23435,37.52097],[-122.23574,37.51921],[-122.23587,37.51792],[-122.2355,37.51651],[-122.23575,37.51642],[-122.2369,37.51752],[-122.23731,37.52021],[-122.23813,37.52177],[-122.23905,37.52249],[-122.24214,37.52325],[-122.24264,37.52392],[-122.24272,37.52501],[-122.24209,37.52669],[-122.2408,37.52808],[-122.23897,37.52846],[-122.23329,37.53063],[-122.23078,37.53068]]]]}},{"type":"Feature","properties":{"name":"Egg (Devil's Slide) Rock to Devil's Slide Special Closure","short":"Egg (Devil's Slide) Rock to Devil's Slide","type":"Special Closure","ccr":"Section 632 (b) (64)"},"geometry":{"type":"Polygon","coordinates":[[[-122.5185,37.57591],[-122.51918,37.576],[-122.52015,37.57531],[-122.52249,37.57683],[-122.52291,37.57804],[-122.52199,37.57865],[-122.51793,37.57902],[-122.51813,37.57618],[-122.5185,37.57591]]]}},{"type":"Feature","properties":{"name":"Natural Bridges State Marine Reserve","short":"Natural Bridges","type":"SMR","ccr":"Section 632 (b) (69)"},"geometry":{"type":"Polygon","coordinates":[[[-122.11984,36.96399],[-122.11926,36.96263],[-122.11835,36.96232],[-122.11565,36.96287],[-122.11479,36.96263],[-122.11428,36.9621],[-122.11336,36.96199],[-122.11229,36.96107],[-122.11219,36.96074],[-122.11256,36.96064],[-122.10988,36.95912],[-122.10907,36.95843],[-122.10898,36.95791],[-122.10758,36.95745],[-122.10581,36.95636],[-122.10481,36.95646],[-122.10339,36.95594],[-122.1018,36.95614],[-122.09994,36.95492],[-122.09909,36.95548],[-122.09729,36.95521],[-122.09643,36.95552],[-122.09497,36.95498],[-122.09452,36.95525],[-122.09369,36.95483],[-122.09323,36.95496],[-122.09187,36.95419],[-122.09103,36.95464],[-122.08892,36.95404],[-122.08906,36.95461],[-122.08783,36.95399],[-122.08722,36.95439],[-122.087,36.95415],[-122.08721,36.95343],[-122.08634,36.95247],[-122.08556,36.95248],[-122.08567,36.95277],[-122.08499,36.9531],[-122.08436,36.95286],[-122.08387,36.95309],[-122.08331,36.95281],[-122.08345,36.95216],[-122.0823,36.95196],[-122.08135,36.95251],[-122.08147,36.9528],[-122.08071,36.95274],[-122.08078,36.95305],[-122.0802,36.95335],[-122.07651,36.95307],[-122.07773,36.95386],[-122.07743,36.95393],[-122.07621,36.95359],[-122.0765,36.9528],[-122.07569,36.95041],[-122.07468,36.95012],[-122.07412,36.95042],[-122.07362,36.94965],[-122.07322,36.95027],[-122.07241,36.95033],[-122.07216,36.94972],[-122.07131,36.94984],[-122.06992,36.9489],[-122.06927,36.94873],[-122.06853,36.94901],[-122.06793,36.94882],[-122.06775,36.94835],[-122.06755,36.94893],[-122.06668,36.94889],[-122.06592,36.94808],[-122.06375,36.94907],[-122.06308,36.94889],[-122.06132,36.94921],[-122.06061,36.94986],[-122.05982,36.95007],[-122.05836,36.95001],[-122.05836,36.94932],[-122.05904,36.94952],[-122.05992,36.94929],[-122.06137,36.9485],[-122.06348,36.94848],[-122.06594,36.94751],[-122.06696,36.94814],[-122.06797,36.94782],[-122.06858,36.94829],[-122.07022,36.94834],[-122.07154,36.94917],[-122.07385,36.94903],[-122.07614,36.94987],[-122.07679,36.9507],[-122.07701,36.95226],[-122.07881,36.95269],[-122.0798,36.95276],[-122.0803,36.95222],[-122.08233,36.95131],[-122.08363,36.95162],[-122.08495,36.95237],[-122.08539,36.95191],[-122.08669,36.95178],[-122.08735,36.95203],[-122.08796,36.95329],[-122.08859,36.95313],[-122.09104,36.95388],[-122.09205,36.95324],[-122.09279,36.95353],[-122.09336,36.95423],[-122.09516,36.95428],[-122.09599,36.95477],[-122.09737,36.95446],[-122.09902,36.95469],[-122.10029,36.9543],[-122.10176,36.95466],[-122.10234,36.95543],[-122.10419,36.95531],[-122.1047,36.95576],[-122.10591,36.95506],[-122.10695,36.95549],[-122.10761,36.95666],[-122.10972,36.9573],[-122.11003,36.95834],[-122.11324,36.96012],[-122.11352,36.96109],[-122.11476,36.9611],[-122.11562,36.96165],[-122.11576,36.96216],[-122.11842,36.9615],[-122.12004,36.96174],[-122.1207,36.96276],[-122.12037,36.96341],[-122.12174,36.96489],[-122.12243,36.96523],[-122.12392,36.9657],[-122.12523,36.96534],[-122.12627,36.96384],[-122.12698,36.96379],[-122.12751,36.96418],[-122.12751,36.96517],[-122.12703,36.96517],[-122.1265,36.96451],[-122.12585,36.96575],[-122.12406,36.96639],[-122.1217,36.96582],[-122.11984,36.96399]]]}},{"type":"Feature","properties":{"name":"Elkhorn Slough State Marine Reserve","short":"Elkhorn Slough","type":"SMR","ccr":"Section 632 (b) (70)"},"geometry":{"type":"Polygon","coordinates":[[[-121.74567,36.84149],[-121.74419,36.84071],[-121.74354,36.8399],[-121.74249,36.83986],[-121.73973,36.83658],[-121.73918,36.83503],[-121.73869,36.83507],[-121.74063,36.83936],[-121.7424,36.84013],[-121.74367,36.84166],[-121.74084,36.84167],[-121.73951,36.84071],[-121.73779,36.84037],[-121.73729,36.83973],[-121.73521,36.83938],[-121.73415,36.83881],[-121.73307,36.8376],[-121.7328,36.83681],[-121.73338,36.83358],[-121.73429,36.83111],[-121.73511,36.8304],[-121.7342,36.82992],[-121.73335,36.8303],[-121.73076,36.83008],[-121.73006,36.82962],[-121.72822,36.82923],[-121.72933,36.82889],[-121.73031,36.82926],[-121.73519,36.82899],[-121.73666,36.82942],[-121.7385,36.82948],[-121.73815,36.83055],[-121.73822,36.83276],[-121.73846,36.8344],[-121.7389,36.83449],[-121.73884,36.83062],[-121.74067,36.8296],[-121.74095,36.82902],[-121.7408,36.82851],[-121.73948,36.82866],[-121.7406,36.82566],[-121.74016,36.82527],[-121.73962,36.82508],[-121.73889,36.82537],[-121.73894,36.82587],[-121.73809,36.82623],[-121.73782,36.82674],[-121.73732,36.82676],[-121.73757,36.82617],[-121.73735,36.8258],[-121.73794,36.8256],[-121.7376,36.82429],[-121.73874,36.82451],[-121.73928,36.824],[-121.73915,36.82328],[-121.73794,36.82345],[-121.73842,36.82279],[-121.73831,36.82169],[-121.73732,36.82115],[-121.73698,36.82134],[-121.73715,36.8218],[-121.73683,36.8224],[-121.73638,36.82179],[-121.73554,36.8219],[-121.73571,36.82318],[-121.73456,36.82372],[-121.7341,36.82313],[-121.73446,36.82256],[-121.73397,36.82232],[-121.73452,36.82217],[-121.73476,36.82131],[-121.73259,36.82062],[-121.73464,36.82017],[-121.73473,36.81975],[-121.73427,36.8192],[-121.73451,36.81894],[-121.73621,36.81976],[-121.73797,36.8192],[-121.73848,36.8188],[-121.7387,36.8174],[-121.7397,36.81602],[-121.73949,36.81398],[-121.73874,36.8137],[-121.73817,36.8139],[-121.73814,36.8143],[-121.73723,36.8144],[-121.73654,36.81384],[-121.73869,36.81286],[-121.73817,36.81049],[-121.73909,36.80853],[-121.73884,36.80758],[-121.7381,36.80767],[-121.73697,36.81037],[-121.73568,36.81111],[-121.73485,36.81234],[-121.73387,36.81175],[-121.73285,36.81193],[-121.73107,36.81338],[-121.73055,36.81319],[-121.73138,36.81227],[-121.73107,36.81111],[-121.73399,36.81095],[-121.73608,36.80923],[-121.73614,36.80862],[-121.73592,36.80804],[-121.73534,36.80794],[-121.73193,36.8089],[-121.73135,36.80797],[-121.72952,36.80658],[-121.72933,36.80525],[-121.7284,36.80533],[-121.72873,36.80455],[-121.72949,36.80474],[-121.73055,36.80639],[-121.73245,36.8073],[-121.73333,36.80688],[-121.73599,36.80672],[-121.73623,36.80598],[-121.73605,36.80567],[-121.7346,36.80549],[-121.73433,36.80527],[-121.73457,36.80487],[-121.73424,36.80463],[-121.73014,36.80371],[-121.73115,36.80338],[-121.73237,36.80392],[-121.73362,36.80373],[-121.73269,36.80295],[-121.73234,36.80167],[-121.73099,36.80068],[-121.73131,36.80053],[-121.73272,36.80132],[-121.73307,36.80224],[-121.73553,36.80362],[-121.73587,36.80455],[-121.73666,36.8046],[-121.73774,36.80436],[-121.7378,36.80382],[-121.73622,36.80072],[-121.73506,36.79961],[-121.73666,36.80042],[-121.73714,36.80094],[-121.73723,36.80159],[-121.73904,36.80379],[-121.73986,36.80381],[-121.73894,36.80441],[-121.73923,36.8049],[-121.73964,36.8049],[-121.74041,36.80448],[-121.74065,36.80468],[-121.74198,36.80344],[-121.74124,36.80211],[-121.74078,36.80227],[-121.74016,36.80154],[-121.74135,36.80145],[-121.74124,36.80021],[-121.7423,36.80265],[-121.74282,36.80259],[-121.74314,36.80129],[-121.74382,36.80192],[-121.74382,36.80254],[-121.74458,36.80287],[-121.74425,36.80314],[-121.74339,36.80306],[-121.74265,36.80477],[-121.7416,36.80547],[-121.74181,36.80653],[-121.74249,36.80672],[-121.74306,36.80629],[-121.74328,36.80645],[-121.74309,36.80713],[-121.7435,36.80721],[-121.74521,36.80675],[-121.74531,36.80569],[-121.74602,36.80537],[-121.74542,36.80487],[-121.74567,36.80455],[-121.74652,36.80451],[-121.74719,36.80368],[-121.74724,36.803],[-121.74645,36.80278],[-121.74597,36.80137],[-121.74759,36.80246],[-121.74849,36.80208],[-121.74865,36.80167],[-121.74816,36.80116],[-121.74854,36.80091],[-121.74979,36.80106],[-121.7505,36.8005],[-121.75082,36.79983],[-121.75053,36.79869],[-121.75093,36.79852],[-121.75115,36.80048],[-121.74828,36.80445],[-121.74715,36.80776],[-121.7483,36.80801],[-121.74834,36.80931],[-121.74925,36.81054],[-121.75193,36.81058],[-121.75128,36.81039],[-121.75131,36.80988],[-121.75027,36.8096],[-121.75095,36.80851],[-121.74854,36.80865],[-121.74845,36.80819],[-121.75103,36.80733],[-121.75034,36.80651],[-121.75042,36.80614],[-121.75078,36.80599],[-121.75149,36.80637],[-121.75308,36.8048],[-121.75431,36.80444],[-121.75516,36.80456],[-121.75514,36.80504],[-121.7532,36.80638],[-121.75281,36.807],[-121.75344,36.80727],[-121.75412,36.8096],[-121.75632,36.81092],[-121.75777,36.81093],[-121.75815,36.81161],[-121.75979,36.81181],[-121.75958,36.81244],[-121.7599,36.81235],[-121.76007,36.81177],[-121.76118,36.81201],[-121.7626,36.81164],[-121.7644,36.81192],[-121.76517,36.81245],[-121.76744,36.81221],[-121.76715,36.81091],[-121.76835,36.81143],[-121.77015,36.81132],[-121.77335,36.80975],[-121.77335,36.82029],[-121.77261,36.82091],[-121.77219,36.82087],[-121.77143,36.82008],[-121.77044,36.81987],[-121.76912,36.82022],[-121.76885,36.81975],[-121.76778,36.8199],[-121.76597,36.81919],[-121.76562,36.81921],[-121.76514,36.81995],[-121.76286,36.82],[-121.76234,36.81954],[-121.76093,36.81945],[-121.76071,36.81876],[-121.75913,36.81777],[-121.75853,36.81773],[-121.75827,36.81809],[-121.75684,36.81776],[-121.75638,36.8182],[-121.75685,36.81866],[-121.75705,36.81982],[-121.75784,36.82065],[-121.75785,36.82169],[-121.75723,36.82057],[-121.75648,36.82071],[-121.75592,36.81894],[-121.75496,36.8191],[-121.75449,36.82079],[-121.75369,36.81879],[-121.75313,36.81857],[-121.75245,36.81905],[-121.75222,36.8183],[-121.75114,36.81737],[-121.75033,36.81742],[-121.74935,36.81819],[-121.74881,36.81932],[-121.7497,36.8199],[-121.75064,36.8212],[-121.75184,36.82119],[-121.75099,36.82189],[-121.75219,36.82246],[-121.75296,36.82339],[-121.7528,36.82359],[-121.75175,36.82287],[-121.75084,36.82285],[-121.75016,36.82236],[-121.75007,36.82171],[-121.74869,36.82017],[-121.74805,36.82017],[-121.74757,36.82059],[-121.74771,36.82146],[-121.75015,36.82412],[-121.74991,36.82454],[-121.74925,36.82388],[-121.74855,36.82416],[-121.74925,36.82641],[-121.74867,36.82723],[-121.74798,36.8301],[-121.74686,36.83041],[-121.74693,36.83077],[-121.74734,36.83083],[-121.7473,36.83127],[-121.74606,36.83272],[-121.74618,36.83365],[-121.74901,36.83499],[-121.74962,36.83615],[-121.75179,36.83768],[-121.75324,36.83787],[-121.7539,36.83859],[-121.75451,36.8383],[-121.75541,36.8385],[-121.75664,36.84079],[-121.75753,36.84167],[-121.74759,36.84167],[-121.74726,36.8414],[-121.74567,36.84149]]]}},{"type":"Feature","properties":{"name":"Elkhorn Slough State Marine Conservation Area","short":"Elkhorn Slough","type":"SMCA","ccr":"Section 632 (b) (71)"},"geometry":{"type":"Polygon","coordinates":[[[-121.77335,36.80975],[-121.77391,36.80952],[-121.77662,36.80947],[-121.77801,36.81002],[-121.77916,36.8109],[-121.78013,36.81105],[-121.78149,36.81072],[-121.78255,36.80953],[-121.784,36.80878],[-121.78495,36.81064],[-121.78294,36.81212],[-121.78295,36.81346],[-121.78265,36.81223],[-121.77998,36.8134],[-121.77911,36.81464],[-121.77739,36.81573],[-121.77614,36.81698],[-121.77509,36.81859],[-121.77335,36.82029],[-121.77335,36.80975]]]}},{"type":"Feature","properties":{"name":"Moro Cojo Slough State Marine Reserve","short":"Moro Cojo Sloug","type":"SMR","ccr":"Section 632 (b) (72)"},"geometry":{"type":"Polygon","coordinates":[[[-121.76845,36.79744],[-121.76831,36.79793],[-121.76899,36.79865],[-121.76909,36.79915],[-121.76882,36.79922],[-121.76746,36.7981],[-121.76716,36.79742],[-121.7651,36.79735],[-121.76492,36.79762],[-121.76545,36.79867],[-121.76489,36.79875],[-121.76417,36.79784],[-121.76276,36.7978],[-121.76002,36.7968],[-121.75897,36.79614],[-121.75806,36.7948],[-121.7573,36.7947],[-121.75744,36.79424],[-121.75664,36.79246],[-121.75468,36.79016],[-121.75378,36.78989],[-121.75352,36.78893],[-121.75544,36.78907],[-121.75669,36.79077],[-121.75806,36.79391],[-121.75875,36.79415],[-121.76141,36.79407],[-121.76228,36.79464],[-121.76351,36.79636],[-121.76453,36.79679],[-121.76602,36.79637],[-121.76641,36.79535],[-121.76615,36.79482],[-121.76499,36.79407],[-121.76497,36.79361],[-121.76556,36.79343],[-121.76756,36.79375],[-121.76861,36.79345],[-121.7691,36.79296],[-121.76907,36.79241],[-121.76834,36.7921],[-121.76825,36.79171],[-121.76884,36.79086],[-121.76854,36.79189],[-121.76931,36.79244],[-121.76911,36.79331],[-121.76757,36.794],[-121.76654,36.79378],[-121.76532,36.79398],[-121.76678,36.795],[-121.76689,36.79577],[-121.76831,36.79582],[-121.76936,36.79622],[-121.77108,36.79785],[-121.77303,36.79708],[-121.77552,36.79708],[-121.77558,36.79585],[-121.77395,36.79674],[-121.77325,36.79671],[-121.77316,36.79613],[-121.77255,36.79554],[-121.77313,36.79493],[-121.77314,36.79452],[-121.77296,36.79358],[-121.77252,36.79328],[-121.77314,36.79357],[-121.77331,36.79477],[-121.77274,36.79555],[-121.77355,36.79663],[-121.77564,36.79571],[-121.77578,36.79504],[-121.77525,36.79486],[-121.77518,36.79447],[-121.7746,36.79416],[-121.77458,36.7934],[-121.77421,36.793],[-121.77455,36.79328],[-121.77472,36.79357],[-121.77566,36.79389],[-121.77605,36.79414],[-121.77596,36.79365],[-121.77512,36.79318],[-121.77535,36.79283],[-121.77544,36.79328],[-121.77604,36.79359],[-121.77627,36.79411],[-121.77594,36.79428],[-121.77483,36.7937],[-121.77461,36.79397],[-121.77523,36.79443],[-121.77537,36.79483],[-121.7759,36.79498],[-121.77581,36.79556],[-121.77739,36.79366],[-121.77861,36.79331],[-121.77994,36.79342],[-121.78087,36.794],[-121.78158,36.79503],[-121.78333,36.79577],[-121.78323,36.79677],[-121.78119,36.79555],[-121.78011,36.79438],[-121.77864,36.79395],[-121.77805,36.79418],[-121.77767,36.79477],[-121.77753,36.79635],[-121.77679,36.79773],[-121.77114,36.799],[-121.77171,36.80012],[-121.77111,36.8007],[-121.7709,36.80056],[-121.77144,36.80008],[-121.77095,36.79929],[-121.77104,36.79888],[-121.76845,36.79744]]]}},{"type":"Feature","properties":{"name":"Soquel Canyon State Marine Conservation Area","short":"Soquel Canyon","type":"SMCA","ccr":"Section 632 (b) (73)"},"geometry":{"type":"Polygon","coordinates":[[[-121.93335,36.8],[-122.04613,36.8],[-122.06089,36.85],[-121.93335,36.85],[-121.93335,36.8]]]}},{"type":"Feature","properties":{"name":"Portuguese Ledge State Marine Conservation Area","short":"Portuguese Ledge","type":"SMCA","ccr":"Section 632 (b) (74)"},"geometry":{"type":"Polygon","coordinates":[[[-121.93335,36.68334],[-122.01178,36.68334],[-122.02158,36.71667],[-121.93335,36.71667],[-121.93335,36.68334]]]}},{"type":"Feature","properties":{"name":"Carmel Pinnacles State Marine Reserve","short":"Carmel Pinnacles","type":"SMR","ccr":"Section 632 (b) (79)"},"geometry":{"type":"Polygon","coordinates":[[[-121.96001,36.55167],[-121.97501,36.55167],[-121.97501,36.56084],[-121.96001,36.56084],[-121.96001,36.55167]]]}},{"type":"Feature","properties":{"name":"Point Lobos State Marine Conservation Area","short":"Point Lobos","type":"SMCA","ccr":"Section 632 (b) (82)"},"geometry":{"type":"Polygon","coordinates":[[[-121.97085,36.48134],[-122.00819,36.48134],[-122.00903,36.48622],[-122.01324,36.49156],[-122.01627,36.49638],[-122.01859,36.50129],[-122.02067,36.5075],[-122.02182,36.51283],[-122.02225,36.51799],[-122.02202,36.52328],[-122.02113,36.52834],[-121.97085,36.52834],[-121.97085,36.48134]]]}},{"type":"Feature","properties":{"name":"Point Sur State Marine Conservation Area","short":"Point Sur","type":"SMCA","ccr":"Section 632 (b) (84)"},"geometry":{"type":"Polygon","coordinates":[[[-121.87501,36.25],[-121.9326,36.25001],[-121.93578,36.25369],[-121.93863,36.25774],[-121.94092,36.26183],[-121.94282,36.26624],[-121.94706,36.26973],[-121.95303,36.27541],[-121.95666,36.27975],[-121.95969,36.28436],[-121.96216,36.2893],[-121.96416,36.29514],[-121.96518,36.30032],[-121.96556,36.3066],[-121.93335,36.30667],[-121.87501,36.25]]]}},{"type":"Feature","properties":{"name":"Piedras Blancas State Marine Conservation Area","short":"Piedras Blancas","type":"SMCA","ccr":"Section 632 (b) (88)"},"geometry":{"type":"Polygon","coordinates":[[[-121.30836,35.65251],[-121.34857,35.65251],[-121.34975,35.65714],[-121.35301,35.66105],[-121.35554,35.66475],[-121.35822,35.66976],[-121.3599,35.674],[-121.36594,35.6806],[-121.36845,35.68422],[-121.37064,35.68808],[-121.37713,35.70237],[-121.3786,35.70775],[-121.3794,35.71418],[-121.35001,35.71417],[-121.30836,35.65251]]]}},{"type":"Feature","properties":{"name":"Morro Bay State Marine Recreational Management Area","short":"Morro Bay","type":"SMRMA","ccr":"Section 632 (b) (91)"},"geometry":{"type":"Polygon","coordinates":[[[-120.85465,35.36893],[-120.8513,35.35804],[-120.84885,35.35695],[-120.84703,35.35571],[-120.84553,35.35362],[-120.84537,35.35239],[-120.8456,35.35154],[-120.84427,35.35064],[-120.84359,35.34952],[-120.84368,35.3483],[-120.84465,35.34676],[-120.83992,35.3451],[-120.84014,35.34457],[-120.8433,35.34541],[-120.84393,35.34536],[-120.84411,35.34495],[-120.84137,35.34402],[-120.83903,35.34376],[-120.83903,35.33203],[-120.84061,35.33258],[-120.84231,35.3324],[-120.84384,35.33107],[-120.84466,35.32909],[-120.84451,35.32843],[-120.84035,35.32594],[-120.84042,35.32433],[-120.84176,35.3221],[-120.84506,35.32201],[-120.84793,35.32123],[-120.85026,35.32173],[-120.85121,35.32073],[-120.84908,35.32025],[-120.84838,35.31944],[-120.84843,35.31888],[-120.84951,35.32008],[-120.85013,35.32015],[-120.85041,35.31959],[-120.8506,35.32025],[-120.85125,35.32041],[-120.85151,35.32001],[-120.8518,35.32024],[-120.85213,35.32005],[-120.85283,35.31898],[-120.85409,35.31817],[-120.85604,35.31848],[-120.86432,35.31557],[-120.86539,35.31463],[-120.86611,35.31229],[-120.86687,35.31132],[-120.86679,35.31246],[-120.86717,35.31324],[-120.86632,35.31421],[-120.86626,35.31498],[-120.8655,35.31548],[-120.86555,35.31719],[-120.86438,35.31753],[-120.86383,35.31833],[-120.86391,35.31893],[-120.86318,35.31932],[-120.86312,35.32028],[-120.86227,35.32142],[-120.8628,35.32325],[-120.86043,35.32534],[-120.86035,35.32665],[-120.86067,35.32736],[-120.85968,35.32869],[-120.86043,35.32993],[-120.85932,35.33218],[-120.85988,35.3342],[-120.8594,35.33487],[-120.85831,35.33512],[-120.85774,35.3357],[-120.85869,35.33777],[-120.85819,35.33878],[-120.85917,35.34112],[-120.85848,35.34216],[-120.85779,35.34605],[-120.85738,35.34683],[-120.85882,35.35081],[-120.85818,35.35094],[-120.85783,35.35138],[-120.85883,35.35273],[-120.85874,35.3539],[-120.85916,35.3544],[-120.85869,35.3556],[-120.85895,35.35809],[-120.85706,35.35826],[-120.85562,35.3601],[-120.85616,35.36093],[-120.8564,35.36234],[-120.8577,35.36434],[-120.85699,35.3657],[-120.85793,35.36555],[-120.85892,35.36588],[-120.85967,35.36785],[-120.86026,35.36857],[-120.8621,35.36881],[-120.86324,35.36762],[-120.86119,35.36301],[-120.86159,35.36075],[-120.86607,35.3607],[-120.86979,35.36257],[-120.86915,35.3673],[-120.86726,35.36723],[-120.86567,35.36775],[-120.86473,35.36844],[-120.86405,35.37055],[-120.86076,35.37215],[-120.85986,35.37206],[-120.85465,35.36893]]]}},{"type":"Feature","properties":{"name":"Morro Bay State Marine Reserve","short":"Morro Bay","type":"SMR","ccr":"Section 632 (b) (92)"},"geometry":{"type":"Polygon","coordinates":[[[-120.82249,35.33944],[-120.82218,35.33924],[-120.82459,35.33857],[-120.82461,35.33802],[-120.82372,35.33647],[-120.82366,35.33527],[-120.82287,35.33528],[-120.82279,35.33616],[-120.82254,35.33626],[-120.82161,35.33563],[-120.82044,35.33559],[-120.81978,35.33524],[-120.81805,35.33338],[-120.81782,35.33234],[-120.81664,35.33154],[-120.81673,35.33049],[-120.81722,35.33159],[-120.81827,35.33217],[-120.81873,35.33312],[-120.81911,35.33321],[-120.81996,35.33267],[-120.8207,35.33367],[-120.82206,35.3341],[-120.82615,35.33648],[-120.82846,35.33574],[-120.82965,35.33498],[-120.83338,35.33132],[-120.83715,35.33109],[-120.83903,35.33203],[-120.83903,35.34376],[-120.83811,35.34444],[-120.837,35.34608],[-120.83511,35.34709],[-120.83346,35.34853],[-120.83293,35.34994],[-120.83221,35.35076],[-120.829,35.35235],[-120.82845,35.35301],[-120.82809,35.35285],[-120.82843,35.35068],[-120.82806,35.34984],[-120.82692,35.34879],[-120.82677,35.34779],[-120.82599,35.34661],[-120.82612,35.34394],[-120.82481,35.34194],[-120.82448,35.34072],[-120.82465,35.33963],[-120.82399,35.3392],[-120.82249,35.33944]]]}},{"type":"Feature","properties":{"name":"Vandenberg State Marine Reserve","short":"Vandenberg","type":"SMR","ccr":"Section 632 (b) (95)"},"geometry":{"type":"Polygon","coordinates":[[[-120.62294,34.73747],[-120.62068,34.73591],[-120.61947,34.73556],[-120.61913,34.73504],[-120.61681,34.73389],[-120.61625,34.73329],[-120.61617,34.73261],[-120.61555,34.73229],[-120.61482,34.73114],[-120.61495,34.73048],[-120.6141,34.72891],[-120.61336,34.72863],[-120.61213,34.72691],[-120.61159,34.7237],[-120.6119,34.72305],[-120.61158,34.72288],[-120.61129,34.72317],[-120.60952,34.72206],[-120.60882,34.72069],[-120.60839,34.72042],[-120.6086,34.7189],[-120.60849,34.71852],[-120.60812,34.71851],[-120.60746,34.71703],[-120.60714,34.71428],[-120.60561,34.71285],[-120.60337,34.71187],[-120.60225,34.7104],[-120.60173,34.71018],[-120.60153,34.70872],[-120.60094,34.70753],[-120.601,34.70334],[-120.60197,34.69774],[-120.60308,34.69379],[-120.6032,34.69204],[-120.60433,34.69013],[-120.60654,34.6823],[-120.60972,34.67275],[-120.61883,34.64935],[-120.62247,34.64168],[-120.62303,34.64106],[-120.6232,34.63926],[-120.62841,34.62804],[-120.6303,34.62497],[-120.63129,34.62397],[-120.63151,34.62247],[-120.63287,34.61952],[-120.6335,34.61883],[-120.634,34.6164],[-120.63508,34.61426],[-120.63619,34.61376],[-120.63643,34.61302],[-120.63591,34.6127],[-120.63594,34.61228],[-120.63697,34.61004],[-120.63712,34.60892],[-120.63681,34.60785],[-120.63876,34.60717],[-120.639,34.60614],[-120.63998,34.60575],[-120.6397,34.60539],[-120.63981,34.60482],[-120.64025,34.60441],[-120.64164,34.60478],[-120.64259,34.60424],[-120.64228,34.6029],[-120.64111,34.60158],[-120.64117,34.60128],[-120.64224,34.60102],[-120.641,34.60039],[-120.63989,34.59912],[-120.63981,34.59884],[-120.64048,34.59832],[-120.63987,34.59692],[-120.64055,34.59372],[-120.6422,34.58939],[-120.64326,34.58831],[-120.64428,34.58826],[-120.64427,34.58793],[-120.64466,34.58819],[-120.64488,34.5882],[-120.64512,34.58803],[-120.64487,34.58771],[-120.64549,34.58808],[-120.6454,34.58788],[-120.64584,34.58772],[-120.64524,34.58732],[-120.64512,34.58644],[-120.64453,34.58625],[-120.64532,34.58605],[-120.64477,34.58536],[-120.64534,34.58391],[-120.64499,34.58307],[-120.64553,34.58134],[-120.64471,34.58022],[-120.64539,34.57986],[-120.64544,34.57891],[-120.64585,34.57855],[-120.64784,34.57809],[-120.64834,34.57865],[-120.64892,34.57849],[-120.64924,34.57836],[-120.64901,34.57801],[-120.64955,34.57752],[-120.64938,34.57738],[-120.6499,34.57714],[-120.65046,34.5773],[-120.65059,34.57694],[-120.65031,34.57672],[-120.64936,34.577],[-120.64975,34.57643],[-120.6492,34.57681],[-120.64854,34.57666],[-120.64806,34.57738],[-120.64786,34.57674],[-120.6453,34.57739],[-120.64375,34.57667],[-120.64404,34.57605],[-120.6436,34.57551],[-120.64295,34.576],[-120.64231,34.57581],[-120.64222,34.57539],[-120.64328,34.57496],[-120.64247,34.5747],[-120.64237,34.57391],[-120.64156,34.57347],[-120.64196,34.57345],[-120.64193,34.57312],[-120.64144,34.57336],[-120.64115,34.57313],[-120.64182,34.5729],[-120.64142,34.57264],[-120.63999,34.57277],[-120.63836,34.57244],[-120.63808,34.57192],[-120.63819,34.57125],[-120.63916,34.57081],[-120.63812,34.57062],[-120.63801,34.56994],[-120.6391,34.56784],[-120.63909,34.56703],[-120.63833,34.56697],[-120.63774,34.5664],[-120.63719,34.56499],[-120.63792,34.56404],[-120.63915,34.56372],[-120.63976,34.56407],[-120.6399,34.56382],[-120.63887,34.56353],[-120.63891,34.56325],[-120.6383,34.56353],[-120.63841,34.56298],[-120.6382,34.56331],[-120.6382,34.56297],[-120.6379,34.56295],[-120.63763,34.56338],[-120.6359,34.5627],[-120.63553,34.5619],[-120.63604,34.56174],[-120.63645,34.56091],[-120.63622,34.56059],[-120.63524,34.56174],[-120.63253,34.56165],[-120.63226,34.56106],[-120.63145,34.56089],[-120.63085,34.56013],[-120.62922,34.55927],[-120.62902,34.55849],[-120.62829,34.55786],[-120.62724,34.55779],[-120.62597,34.55634],[-120.6247,34.55603],[-120.62452,34.55504],[-120.62376,34.55418],[-120.66669,34.55418],[-120.66669,34.74418],[-120.62952,34.74418],[-120.6293,34.74362],[-120.62884,34.74349],[-120.62712,34.74139],[-120.62585,34.73799],[-120.62448,34.73753],[-120.62294,34.73747]]]}},{"type":"Feature","properties":{"name":"Kashtayit State Marine Conservation Area","short":"Kashtayit","type":"SMCA","ccr":"Section 632 (b) (97)"},"geometry":{"type":"Polygon","coordinates":[[[-120.20793,34.47063],[-120.20785,34.455],[-120.24101,34.455],[-120.24101,34.46884],[-120.238,34.46857],[-120.2366,34.46956],[-120.23227,34.4705],[-120.23126,34.47038],[-120.22767,34.47103],[-120.20793,34.47063]]]}},{"type":"Feature","properties":{"name":"Goleta Slough State Marine Conservation Area","short":"Goleta Slough","type":"SMCA (No-Take)","ccr":"Section 632 (b) (100)"},"geometry":{"type":"Polygon","coordinates":[[[-119.8259,34.42619],[-119.82969,34.42121],[-119.8295,34.42056],[-119.82665,34.42125],[-119.82351,34.42266],[-119.82102,34.42322],[-119.82071,34.42305],[-119.82431,34.4221],[-119.82669,34.42079],[-119.82909,34.42002],[-119.82958,34.41951],[-119.82947,34.41818],[-119.82913,34.41786],[-119.8273,34.41815],[-119.82253,34.41733],[-119.82704,34.417],[-119.82992,34.41777],[-119.83247,34.41749],[-119.83419,34.41801],[-119.83528,34.41743],[-119.83591,34.41656],[-119.83792,34.41588],[-119.83876,34.41592],[-119.84029,34.41663],[-119.84151,34.41661],[-119.84145,34.41702],[-119.84214,34.41762],[-119.84294,34.41953],[-119.84374,34.42031],[-119.84625,34.42109],[-119.84845,34.42418],[-119.85141,34.42445],[-119.84903,34.42454],[-119.84842,34.4243],[-119.84611,34.42117],[-119.84373,34.42043],[-119.84269,34.41964],[-119.84198,34.41771],[-119.84159,34.41738],[-119.84131,34.41756],[-119.84175,34.4179],[-119.84233,34.42095],[-119.8414,34.42252],[-119.83981,34.42169],[-119.83797,34.41832],[-119.83612,34.41828],[-119.83561,34.41783],[-119.83563,34.4188],[-119.83531,34.41808],[-119.83499,34.4186],[-119.83231,34.41773],[-119.83009,34.41799],[-119.83017,34.41929],[-119.82981,34.42043],[-119.83101,34.42247],[-119.83082,34.42648],[-119.83072,34.42244],[-119.83002,34.42126],[-119.8259,34.42619]]]}},{"type":"Feature","properties":{"name":"Richardson Rock State Marine Reserve","short":"Richardson Rock","type":"SMR","ccr":"Section 632 (b) (101)"},"geometry":{"type":"Polygon","coordinates":[[[-120.47001,34.03685],[-120.52196,34.03686],[-120.52245,34.04411],[-120.52172,34.0511],[-120.52969,34.05205],[-120.53907,34.05423],[-120.54617,34.05668],[-120.55345,34.06017],[-120.56006,34.06447],[-120.56522,34.06883],[-120.57,34.07397],[-120.5742,34.08002],[-120.57706,34.08576],[-120.57903,34.09165],[-120.58005,34.09706],[-120.58038,34.10317],[-120.5798,34.10927],[-120.5785,34.11475],[-120.57637,34.12034],[-120.57332,34.12591],[-120.56948,34.13113],[-120.5656,34.13526],[-120.56045,34.13962],[-120.55532,34.14308],[-120.54912,34.14637],[-120.54345,34.14867],[-120.53752,34.15046],[-120.53119,34.15177],[-120.52495,34.1525],[-120.51848,34.15268],[-120.51219,34.15232],[-120.50496,34.1512],[-120.49893,34.14967],[-120.493,34.14758],[-120.4857,34.14431],[-120.48048,34.14138],[-120.47488,34.1374],[-120.47001,34.13299],[-120.47001,34.03685]]]}},{"type":"Feature","properties":{"name":"San Miguel Island Special Closure","short":"San Miguel Island Special Closure","type":"Special Closure","ccr":"Section 632 (b) (102)"},"geometry":{"type":"Polygon","coordinates":[[[-120.43725,34.03917],[-120.43727,34.0382],[-120.43903,34.03736],[-120.4399,34.03653],[-120.44095,34.03687],[-120.44136,34.03638],[-120.4419,34.03631],[-120.44238,34.03683],[-120.44246,34.03656],[-120.44339,34.03658],[-120.44449,34.03693],[-120.44474,34.03736],[-120.44602,34.03761],[-120.44569,34.03677],[-120.44654,34.03631],[-120.44876,34.03729],[-120.44868,34.0369],[-120.44937,34.03696],[-120.44857,34.03621],[-120.44858,34.03573],[-120.45029,34.0342],[-120.44973,34.03384],[-120.44809,34.03399],[-120.44737,34.03369],[-120.44704,34.03266],[-120.44757,34.03137],[-120.44495,34.03112],[-120.44366,34.03014],[-120.44126,34.03122],[-120.43918,34.03126],[-120.43776,34.03039],[-120.4381,34.02974],[-120.43777,34.02945],[-120.43729,34.02935],[-120.43719,34.02982],[-120.43647,34.03014],[-120.43584,34.02994],[-120.43582,34.02939],[-120.43526,34.02973],[-120.43464,34.02962],[-120.43409,34.02904],[-120.43423,34.02868],[-120.43221,34.02816],[-120.43124,34.0271],[-120.42995,34.02728],[-120.42905,34.02689],[-120.42834,34.02595],[-120.42751,34.02569],[-120.42635,34.02585],[-120.42595,34.02665],[-120.4246,34.02714],[-120.4229,34.02694],[-120.42216,34.02627],[-120.42112,34.02351],[-120.42265,34.02342],[-120.4242,34.02408],[-120.42646,34.0229],[-120.42855,34.02291],[-120.43036,34.02377],[-120.43134,34.02475],[-120.43402,34.02598],[-120.43634,34.0268],[-120.43787,34.02655],[-120.43916,34.02688],[-120.44096,34.02869],[-120.44203,34.02761],[-120.44361,34.02715],[-120.44512,34.02739],[-120.44636,34.02826],[-120.44783,34.02674],[-120.45014,34.02614],[-120.45413,34.0274],[-120.45544,34.0286],[-120.45574,34.02985],[-120.4553,34.03103],[-120.45453,34.03185],[-120.45293,34.03266],[-120.45356,34.03364],[-120.4536,34.03476],[-120.4531,34.03576],[-120.45235,34.0364],[-120.45235,34.03771],[-120.45159,34.03882],[-120.44982,34.03992],[-120.44808,34.03996],[-120.44535,34.04069],[-120.44384,34.04044],[-120.44258,34.0395],[-120.44133,34.03948],[-120.44058,34.03984],[-120.4388,34.04194],[-120.43591,34.04383],[-120.4349,34.04583],[-120.43386,34.04694],[-120.43185,34.04331],[-120.43725,34.03917]],[[-120.4513,34.02937],[-120.4504,34.02878],[-120.44956,34.02882],[-120.44858,34.03006],[-120.45131,34.03052],[-120.45217,34.03003],[-120.45212,34.02948],[-120.4513,34.02937]],[[-120.4439,34.0281],[-120.44364,34.02823],[-120.4439,34.02857],[-120.44419,34.02834],[-120.4439,34.0281]],[[-120.45259,34.02768],[-120.45249,34.02778],[-120.4528,34.02809],[-120.45303,34.02772],[-120.45259,34.02768]]]}},{"type":"Feature","properties":{"name":"Harris Point State Marine Reserve","short":"Harris Point","type":"SMR","ccr":"Section 632 (b) (103)"},"geometry":{"type":"Polygon","coordinates":[[[-120.30668,34.02925],[-120.30857,34.02939],[-120.31004,34.03023],[-120.3107,34.03127],[-120.3105,34.03194],[-120.31141,34.03236],[-120.31216,34.03344],[-120.31324,34.03414],[-120.31338,34.03509],[-120.31305,34.03618],[-120.31474,34.03725],[-120.31546,34.03833],[-120.31604,34.0384],[-120.31572,34.03863],[-120.31636,34.03893],[-120.31693,34.03982],[-120.31858,34.04013],[-120.3189,34.0406],[-120.31866,34.04092],[-120.31918,34.04115],[-120.31943,34.0417],[-120.32066,34.04232],[-120.323,34.04238],[-120.32441,34.04276],[-120.32486,34.04326],[-120.32509,34.04433],[-120.32609,34.04415],[-120.32758,34.04451],[-120.32802,34.04532],[-120.32776,34.04587],[-120.32871,34.04704],[-120.3302,34.04772],[-120.3301,34.04799],[-120.33135,34.04822],[-120.33166,34.04893],[-120.33238,34.049],[-120.33354,34.04856],[-120.33587,34.04897],[-120.33643,34.04869],[-120.35586,34.05949],[-120.35593,34.06],[-120.35809,34.06085],[-120.35881,34.06227],[-120.35819,34.06309],[-120.35812,34.06408],[-120.35861,34.06497],[-120.35831,34.0659],[-120.35885,34.06651],[-120.36004,34.0665],[-120.36044,34.06699],[-120.36179,34.06739],[-120.36219,34.06858],[-120.36137,34.0689],[-120.36204,34.06887],[-120.36286,34.06952],[-120.3624,34.06971],[-120.36155,34.07092],[-120.3626,34.07182],[-120.36234,34.07248],[-120.36268,34.07287],[-120.3621,34.07371],[-120.36258,34.07335],[-120.36339,34.07377],[-120.36332,34.07351],[-120.36417,34.0731],[-120.36512,34.07319],[-120.36548,34.07366],[-120.36617,34.07382],[-120.36599,34.07445],[-120.36648,34.07444],[-120.36651,34.07519],[-120.36819,34.07626],[-120.3691,34.07586],[-120.36924,34.07534],[-120.36937,34.07584],[-120.37,34.0747],[-120.36935,34.07485],[-120.36933,34.07428],[-120.36828,34.07436],[-120.36844,34.07391],[-120.3677,34.07346],[-120.36766,34.07262],[-120.36686,34.0726],[-120.36685,34.07207],[-120.36579,34.07163],[-120.36639,34.07013],[-120.36775,34.06979],[-120.36766,34.06942],[-120.3681,34.06937],[-120.36854,34.06881],[-120.36868,34.068],[-120.36825,34.06727],[-120.37073,34.0659],[-120.37186,34.06448],[-120.3768,34.06094],[-120.37791,34.05967],[-120.37869,34.05949],[-120.38028,34.05841],[-120.38166,34.05812],[-120.38137,34.05747],[-120.38192,34.05727],[-120.38185,34.05671],[-120.38333,34.0555],[-120.38516,34.05439],[-120.38631,34.05488],[-120.38617,34.05443],[-120.38652,34.05441],[-120.38626,34.05403],[-120.38649,34.05373],[-120.38835,34.05267],[-120.38835,34.15475],[-120.38126,34.15351],[-120.37428,34.15156],[-120.36764,34.14893],[-120.36129,34.14557],[-120.35411,34.14046],[-120.34797,34.13449],[-120.34298,34.12771],[-120.33961,34.12104],[-120.32812,34.11556],[-120.3228,34.1124],[-120.31764,34.10861],[-120.31139,34.10703],[-120.30668,34.10537],[-120.30668,34.02925]]]}},{"type":"Feature","properties":{"name":"Carrington Point State Marine Reserve","short":"Carrington Point","type":"SMR","ccr":"Section 632 (b) (105)"},"geometry":{"type":"Polygon","coordinates":[[[-120.01668,34.00834],[-120.04885,34.00834],[-120.04901,34.0089],[-120.04864,34.00925],[-120.04927,34.01048],[-120.04929,34.01147],[-120.05057,34.01319],[-120.05005,34.01364],[-120.04982,34.01442],[-120.0496,34.01724],[-120.04915,34.0176],[-120.04925,34.01799],[-120.04821,34.01829],[-120.04851,34.01846],[-120.04812,34.01946],[-120.04842,34.01968],[-120.04779,34.02122],[-120.04471,34.02337],[-120.04454,34.02415],[-120.04398,34.02467],[-120.04423,34.02474],[-120.04404,34.02505],[-120.04452,34.0253],[-120.04403,34.0254],[-120.0431,34.02755],[-120.04314,34.028],[-120.04435,34.02887],[-120.04467,34.02978],[-120.04452,34.03024],[-120.04519,34.03111],[-120.04457,34.03174],[-120.04467,34.033],[-120.04388,34.03359],[-120.04379,34.03428],[-120.04319,34.03496],[-120.04356,34.03532],[-120.04329,34.03568],[-120.0443,34.03557],[-120.04535,34.03603],[-120.04535,34.03638],[-120.04591,34.03612],[-120.04635,34.03664],[-120.04784,34.03642],[-120.04761,34.0362],[-120.0481,34.03576],[-120.04844,34.0359],[-120.04845,34.03635],[-120.04919,34.03631],[-120.04923,34.03558],[-120.04978,34.03626],[-120.05013,34.03518],[-120.05078,34.03563],[-120.05122,34.03669],[-120.05198,34.03622],[-120.05195,34.03686],[-120.05317,34.03688],[-120.05357,34.03742],[-120.05714,34.03734],[-120.05917,34.0359],[-120.0593,34.03538],[-120.0602,34.0352],[-120.06188,34.03383],[-120.0614,34.03319],[-120.06139,34.03228],[-120.06315,34.03078],[-120.0671,34.02878],[-120.06929,34.02846],[-120.0704,34.02915],[-120.07072,34.02793],[-120.07134,34.02816],[-120.07195,34.02764],[-120.07149,34.02773],[-120.0713,34.02746],[-120.07174,34.02711],[-120.07227,34.02727],[-120.07245,34.02645],[-120.07204,34.02602],[-120.07289,34.0253],[-120.07375,34.02534],[-120.07341,34.02497],[-120.07395,34.02412],[-120.07611,34.02345],[-120.07946,34.02306],[-120.08078,34.02255],[-120.08127,34.02185],[-120.08175,34.02203],[-120.0822,34.02175],[-120.08238,34.02212],[-120.08328,34.02156],[-120.0845,34.02147],[-120.0851,34.02173],[-120.08668,34.02134],[-120.08668,34.06667],[-120.01668,34.06667],[-120.01668,34.00834]]]}},{"type":"Feature","properties":{"name":"Skunk Point State Marine Reserve","short":"Skunk Point","type":"SMR","ccr":"Section 632 (b) (106)"},"geometry":{"type":"Polygon","coordinates":[[[-119.96668,33.95167],[-119.97096,33.95167],[-119.97208,33.95361],[-119.97325,33.95487],[-119.97469,33.95567],[-119.9766,33.95593],[-119.97762,33.95725],[-119.97772,33.95882],[-119.97731,33.96038],[-119.97774,33.96141],[-119.97847,33.96191],[-119.97885,33.96322],[-119.97861,33.96572],[-119.97787,33.9668],[-119.97831,33.96726],[-119.97866,33.96683],[-119.97924,33.96706],[-119.98,33.96846],[-119.98056,33.97704],[-119.98025,33.97871],[-119.97885,33.98118],[-119.98016,33.98221],[-119.98308,33.98334],[-119.96668,33.98334],[-119.96668,33.95167]]]}},{"type":"Feature","properties":{"name":"South Point State Marine Reserve","short":"South Point","type":"SMR","ccr":"Section 632 (b) (107)"},"geometry":{"type":"Polygon","coordinates":[[[-120.15785,33.91441],[-120.15729,33.91326],[-120.15657,33.91271],[-120.15564,33.91243],[-120.15499,33.91271],[-120.15168,33.91276],[-120.15091,33.91149],[-120.15009,33.9115],[-120.14959,33.91087],[-120.1486,33.91076],[-120.14704,33.9099],[-120.147,33.9092],[-120.14443,33.90813],[-120.14236,33.90611],[-120.14164,33.90578],[-120.14041,33.90583],[-120.13738,33.90356],[-120.13697,33.9028],[-120.1363,33.90269],[-120.13619,33.90226],[-120.13467,33.90282],[-120.13291,33.90235],[-120.13102,33.90136],[-120.13034,33.9005],[-120.12876,33.90017],[-120.12868,33.89975],[-120.12789,33.89925],[-120.12532,33.89856],[-120.1245,33.89753],[-120.12453,33.89718],[-120.12269,33.89674],[-120.12182,33.89605],[-120.12163,33.89515],[-120.11992,33.89485],[-120.11967,33.89445],[-120.11953,33.8948],[-120.1183,33.89498],[-120.11708,33.89435],[-120.11671,33.89458],[-120.11551,33.8944],[-120.11497,33.8947],[-120.11361,33.89454],[-120.11275,33.89482],[-120.11264,33.89528],[-120.11117,33.89529],[-120.11097,33.8956],[-120.10972,33.89593],[-120.10986,33.89621],[-120.10938,33.89612],[-120.10908,33.89667],[-120.10835,33.89667],[-120.10835,33.84412],[-120.11589,33.84373],[-120.12381,33.84408],[-120.13005,33.84473],[-120.13617,33.8459],[-120.14212,33.84761],[-120.14812,33.8499],[-120.15272,33.85198],[-120.15784,33.85484],[-120.16668,33.85829],[-120.16668,33.9169],[-120.16603,33.91629],[-120.1651,33.91663],[-120.16454,33.91613],[-120.16432,33.91704],[-120.16304,33.91724],[-120.16013,33.91627],[-120.15785,33.91441]]]}},{"type":"Feature","properties":{"name":"Painted Cave State Marine Conservation Area","short":"Painted Cave","type":"SMCA","ccr":"Section 632 (b) (108)"},"geometry":{"type":"Polygon","coordinates":[[[-119.85001,34.06743],[-119.85032,34.06733],[-119.85119,34.06735],[-119.85107,34.06808],[-119.85193,34.06822],[-119.8516,34.06947],[-119.85287,34.06919],[-119.85391,34.0698],[-119.8548,34.06967],[-119.85733,34.07143],[-119.85772,34.0709],[-119.85862,34.07143],[-119.85961,34.07126],[-119.86022,34.07017],[-119.86077,34.07159],[-119.86159,34.07188],[-119.86297,34.0714],[-119.86421,34.07019],[-119.86486,34.0701],[-119.8653,34.06935],[-119.86563,34.0695],[-119.86546,34.06973],[-119.86579,34.07033],[-119.86554,34.0709],[-119.86596,34.07105],[-119.86682,34.07056],[-119.86656,34.07111],[-119.86685,34.0716],[-119.86779,34.07175],[-119.86864,34.07123],[-119.86968,34.07179],[-119.87077,34.07127],[-119.87201,34.0721],[-119.87326,34.07211],[-119.87324,34.07274],[-119.87367,34.07302],[-119.87428,34.07271],[-119.87489,34.07283],[-119.87524,34.07247],[-119.87615,34.07346],[-119.87595,34.07375],[-119.87671,34.07417],[-119.87771,34.07366],[-119.87793,34.0732],[-119.87943,34.07336],[-119.88009,34.07273],[-119.88029,34.07339],[-119.88131,34.07257],[-119.88199,34.07275],[-119.88217,34.07379],[-119.88267,34.07401],[-119.88257,34.07477],[-119.88335,34.07487],[-119.88335,34.08667],[-119.85001,34.08334],[-119.85001,34.06743]]]}},{"type":"Feature","properties":{"name":"Gull Island State Marine Reserve","short":"Gull Island","type":"SMR","ccr":"Section 632 (b) (109)"},"geometry":{"type":"Polygon","coordinates":[[[-119.83461,33.96975],[-119.83001,33.96852],[-119.82601,33.96696],[-119.81926,33.96299],[-119.81826,33.96114],[-119.81816,33.95995],[-119.81539,33.96158],[-119.81304,33.96211],[-119.8116,33.96189],[-119.81123,33.96216],[-119.81098,33.96189],[-119.80952,33.96282],[-119.80725,33.96337],[-119.80575,33.96357],[-119.80499,33.96335],[-119.80416,33.96376],[-119.80348,33.96353],[-119.80274,33.96376],[-119.80001,33.96282],[-119.80001,33.90423],[-119.80985,33.90126],[-119.81497,33.90032],[-119.82121,33.89968],[-119.83196,33.89983],[-119.84244,33.90153],[-119.85127,33.90428],[-119.85867,33.90771],[-119.86537,33.91191],[-119.87167,33.9172],[-119.87764,33.92005],[-119.88335,33.92355],[-119.88335,33.96667],[-119.85001,33.96667],[-119.84938,33.96792],[-119.8471,33.96815],[-119.84542,33.96915],[-119.84388,33.96956],[-119.84348,33.97014],[-119.84068,33.97046],[-119.83461,33.96975]]]}},{"type":"Feature","properties":{"name":"Scorpion State Marine Reserve","short":"Scorpion","type":"SMR","ccr":"Section 632 (b) (110)"},"geometry":{"type":"Polygon","coordinates":[[[-119.54668,34.045],[-119.547,34.04517],[-119.54723,34.04492],[-119.54729,34.04589],[-119.54759,34.0462],[-119.54855,34.04598],[-119.54863,34.04634],[-119.54919,34.04647],[-119.55081,34.04636],[-119.55152,34.04682],[-119.55187,34.04775],[-119.55238,34.04758],[-119.55582,34.04868],[-119.55644,34.04936],[-119.55629,34.05018],[-119.55674,34.05098],[-119.55652,34.0514],[-119.55758,34.05193],[-119.5577,34.05269],[-119.55827,34.05274],[-119.55924,34.05356],[-119.55988,34.05333],[-119.56094,34.05392],[-119.5614,34.05371],[-119.56201,34.05452],[-119.5617,34.05505],[-119.562,34.05538],[-119.56279,34.0554],[-119.5627,34.05563],[-119.56312,34.05581],[-119.56375,34.05495],[-119.56473,34.05518],[-119.56495,34.05452],[-119.56614,34.05382],[-119.56658,34.05154],[-119.56829,34.05217],[-119.57123,34.05211],[-119.57202,34.05257],[-119.57248,34.05105],[-119.57293,34.05093],[-119.5731,34.05015],[-119.57368,34.04988],[-119.57432,34.04999],[-119.57514,34.04966],[-119.57541,34.05002],[-119.57597,34.04994],[-119.5773,34.05051],[-119.5778,34.05029],[-119.57853,34.05068],[-119.57963,34.05049],[-119.58082,34.05074],[-119.58423,34.05341],[-119.5869,34.0513],[-119.58912,34.05149],[-119.58795,34.05067],[-119.58748,34.0496],[-119.5878,34.04907],[-119.59168,34.04925],[-119.59168,34.10349],[-119.58335,34.10366],[-119.57463,34.10524],[-119.56412,34.10601],[-119.55442,34.10553],[-119.54668,34.10409],[-119.54668,34.045]]]}},{"type":"Feature","properties":{"name":"Anacapa Island Special Closure","short":"Anacapa Island Special Closure","type":"Special Closure","ccr":"Section 632 (b) (111)"},"geometry":{"type":"Polygon","coordinates":[[[-119.41283,34.01349],[-119.41204,34.01265],[-119.41002,34.01167],[-119.41001,34.00778],[-119.40774,34.0074],[-119.40125,34.00727],[-119.3954,34.00739],[-119.39042,34.00803],[-119.3888,34.00909],[-119.3858,34.01018],[-119.38259,34.0122],[-119.37851,34.01311],[-119.37711,34.01374],[-119.37345,34.0161],[-119.3687,34.01645],[-119.36653,34.01752],[-119.36436,34.01788],[-119.36057,34.01748],[-119.35787,34.01649],[-119.35705,34.01566],[-119.35986,34.01371],[-119.36337,34.01303],[-119.36657,34.01172],[-119.37524,34.01095],[-119.37741,34.01036],[-119.38002,34.00858],[-119.38274,34.0076],[-119.38366,34.00679],[-119.38528,34.00611],[-119.3858,34.005],[-119.38725,34.00415],[-119.38806,34.00301],[-119.39223,34.00226],[-119.39269,34.00252],[-119.39696,34.00251],[-119.40128,34.003],[-119.40344,34.00419],[-119.40777,34.00446],[-119.40993,34.00513],[-119.41426,34.00449],[-119.42292,34.00416],[-119.4262,34.00608],[-119.4294,34.00661],[-119.43156,34.00812],[-119.43372,34.0084],[-119.43678,34.00992],[-119.43804,34.01012],[-119.43939,34.01069],[-119.44078,34.01201],[-119.44235,34.0125],[-119.4442,34.01382],[-119.44234,34.01476],[-119.43908,34.01519],[-119.43754,34.01571],[-119.43727,34.01609],[-119.43535,34.01648],[-119.42284,34.01631],[-119.42176,34.01601],[-119.42101,34.01533],[-119.42099,34.0183],[-119.4185,34.01725],[-119.41283,34.01349]],[[-119.42608,34.01527],[-119.42634,34.01495],[-119.42734,34.01543],[-119.42764,34.01503],[-119.42924,34.01533],[-119.43002,34.01508],[-119.43143,34.01589],[-119.43317,34.01626],[-119.43523,34.01547],[-119.43689,34.01385],[-119.43791,34.01392],[-119.43832,34.01428],[-119.44058,34.0139],[-119.44106,34.0141],[-119.44191,34.01365],[-119.44261,34.01405],[-119.44373,34.01377],[-119.44251,34.01358],[-119.44256,34.01304],[-119.4419,34.01279],[-119.43893,34.01214],[-119.4387,34.01103],[-119.43774,34.01017],[-119.43684,34.01038],[-119.43648,34.01018],[-119.43452,34.01097],[-119.43394,34.01093],[-119.43372,34.01045],[-119.43221,34.00989],[-119.43129,34.00878],[-119.43029,34.00879],[-119.42825,34.00797],[-119.42615,34.00771],[-119.42546,34.00799],[-119.42435,34.0076],[-119.4229,34.00667],[-119.42307,34.00647],[-119.42248,34.00585],[-119.42268,34.00529],[-119.42225,34.00512],[-119.4216,34.00517],[-119.42083,34.00572],[-119.41977,34.00563],[-119.41711,34.00644],[-119.41591,34.00647],[-119.41495,34.006],[-119.412,34.00693],[-119.41108,34.00666],[-119.41037,34.00682],[-119.41017,34.0064],[-119.40942,34.00606],[-119.40821,34.00626],[-119.40876,34.0068],[-119.40963,34.00658],[-119.40968,34.00685],[-119.41162,34.00748],[-119.41251,34.00882],[-119.41506,34.01007],[-119.41635,34.01158],[-119.41704,34.01164],[-119.41807,34.01302],[-119.41891,34.01324],[-119.41949,34.01382],[-119.41994,34.01371],[-119.42014,34.01436],[-119.42051,34.01403],[-119.42107,34.01418],[-119.4215,34.01517],[-119.42248,34.015],[-119.4234,34.01535],[-119.42608,34.01527]],[[-119.39025,34.00578],[-119.39168,34.00572],[-119.3926,34.00644],[-119.39349,34.00654],[-119.39478,34.00544],[-119.39707,34.00592],[-119.39851,34.0058],[-119.39922,34.00538],[-119.39962,34.00591],[-119.40062,34.00617],[-119.39989,34.0066],[-119.40047,34.00635],[-119.40076,34.00671],[-119.4013,34.00673],[-119.40168,34.00649],[-119.40209,34.00696],[-119.40341,34.00656],[-119.40385,34.00605],[-119.40399,34.00664],[-119.40491,34.00675],[-119.40607,34.00636],[-119.40653,34.0065],[-119.4077,34.00582],[-119.40731,34.00531],[-119.4064,34.00523],[-119.40284,34.00552],[-119.40255,34.00468],[-119.40107,34.00504],[-119.40023,34.00473],[-119.40028,34.00437],[-119.39954,34.00447],[-119.39972,34.00355],[-119.39884,34.00343],[-119.39801,34.00378],[-119.39731,34.00312],[-119.3956,34.0034],[-119.39437,34.00305],[-119.3918,34.00338],[-119.39229,34.00262],[-119.39182,34.00259],[-119.3897,34.00328],[-119.38756,34.00444],[-119.38722,34.00495],[-119.38758,34.00539],[-119.38735,34.00583],[-119.38756,34.00601],[-119.38685,34.00651],[-119.38669,34.00706],[-119.38283,34.00855],[-119.38197,34.00859],[-119.38089,34.00984],[-119.38022,34.00982],[-119.37969,34.01061],[-119.37934,34.01036],[-119.37925,34.01062],[-119.37943,34.01097],[-119.38022,34.01071],[-119.3814,34.01108],[-119.38278,34.01104],[-119.3826,34.01038],[-119.38349,34.00919],[-119.38493,34.00885],[-119.38528,34.0091],[-119.38543,34.00812],[-119.38585,34.00778],[-119.38702,34.00779],[-119.38955,34.00691],[-119.39025,34.00578]],[[-119.40804,34.00625],[-119.40804,34.00592],[-119.4078,34.00597],[-119.40774,34.00641],[-119.40804,34.00625]],[[-119.3751,34.01253],[-119.37289,34.01242],[-119.37228,34.01201],[-119.36954,34.01331],[-119.36904,34.01329],[-119.3688,34.01289],[-119.36824,34.01342],[-119.36736,34.01308],[-119.36613,34.01317],[-119.36561,34.0137],[-119.36252,34.01438],[-119.36201,34.01484],[-119.36095,34.01466],[-119.36049,34.01514],[-119.35994,34.01515],[-119.35975,34.01557],[-119.35808,34.01536],[-119.35773,34.016],[-119.35952,34.01673],[-119.36219,34.01621],[-119.36234,34.01684],[-119.36346,34.01705],[-119.36334,34.01735],[-119.36403,34.01675],[-119.36472,34.01716],[-119.36514,34.01659],[-119.3653,34.01703],[-119.36583,34.01672],[-119.36687,34.01677],[-119.3674,34.01584],[-119.3679,34.01615],[-119.3689,34.01494],[-119.36906,34.01519],[-119.36966,34.01501],[-119.36979,34.01458],[-119.37037,34.01439],[-119.37142,34.01452],[-119.37172,34.01489],[-119.37236,34.0148],[-119.37193,34.01534],[-119.37249,34.0161],[-119.37317,34.01504],[-119.37386,34.0153],[-119.37391,34.01422],[-119.37434,34.01384],[-119.37477,34.01398],[-119.37457,34.01386],[-119.37474,34.01322],[-119.37577,34.01297],[-119.37623,34.0132],[-119.37737,34.01279],[-119.37774,34.01236],[-119.37766,34.01198],[-119.3751,34.01253]]]}},{"type":"Feature","properties":{"name":"Anacapa Island State Marine Conservation Area","short":"Anacapa Island","type":"SMCA","ccr":"Section 632 (b) (112)"},"geometry":{"type":"Polygon","coordinates":[[[-119.41001,34.00685],[-119.41162,34.00748],[-119.41215,34.00848],[-119.41294,34.00912],[-119.41506,34.01007],[-119.41635,34.01158],[-119.41704,34.01164],[-119.41815,34.01307],[-119.41891,34.01324],[-119.41949,34.01382],[-119.41994,34.01371],[-119.42014,34.01436],[-119.42051,34.01403],[-119.42107,34.01418],[-119.4215,34.01517],[-119.42248,34.015],[-119.42348,34.01538],[-119.42445,34.01515],[-119.42523,34.01537],[-119.42608,34.01527],[-119.42634,34.01495],[-119.42739,34.01543],[-119.42764,34.01503],[-119.42924,34.01533],[-119.43002,34.01508],[-119.43143,34.01589],[-119.43317,34.01626],[-119.43523,34.01547],[-119.43689,34.01385],[-119.43791,34.01392],[-119.43832,34.01428],[-119.44058,34.0139],[-119.44106,34.0141],[-119.44191,34.01365],[-119.44293,34.01405],[-119.44501,34.01334],[-119.44501,34.06596],[-119.4383,34.06677],[-119.43095,34.06693],[-119.41001,34.06497],[-119.41001,34.00685]]]}},{"type":"Feature","properties":{"name":"Anacapa Island State Marine Reserve","short":"Anacapa Island","type":"SMR","ccr":"Section 632 (b) (113)"},"geometry":{"type":"Polygon","coordinates":[[[-119.35668,34.06734],[-119.35668,34.01667],[-119.3578,34.01578],[-119.35773,34.016],[-119.35952,34.01673],[-119.36205,34.01618],[-119.36234,34.01684],[-119.36346,34.01705],[-119.3633,34.01735],[-119.36403,34.01675],[-119.36472,34.01716],[-119.36514,34.01659],[-119.3653,34.01703],[-119.36583,34.01672],[-119.36687,34.01677],[-119.3674,34.01584],[-119.3679,34.01615],[-119.3689,34.01494],[-119.36906,34.01519],[-119.36966,34.01501],[-119.36979,34.01458],[-119.37037,34.01439],[-119.37142,34.01452],[-119.37172,34.01489],[-119.37236,34.0148],[-119.37193,34.01534],[-119.37249,34.0161],[-119.37317,34.01504],[-119.37386,34.0153],[-119.37391,34.01422],[-119.37434,34.01384],[-119.37477,34.01398],[-119.37457,34.01348],[-119.37498,34.01304],[-119.37623,34.0132],[-119.37737,34.01279],[-119.37782,34.01207],[-119.38022,34.01071],[-119.3814,34.01108],[-119.38278,34.01104],[-119.3826,34.01038],[-119.38349,34.00919],[-119.38493,34.00885],[-119.38528,34.0091],[-119.38543,34.00812],[-119.38585,34.00778],[-119.38702,34.00779],[-119.38767,34.00737],[-119.38927,34.0071],[-119.39025,34.00578],[-119.39168,34.00572],[-119.3926,34.00644],[-119.39349,34.00654],[-119.39478,34.00544],[-119.39707,34.00592],[-119.39851,34.0058],[-119.39911,34.00537],[-119.39986,34.00604],[-119.40062,34.00617],[-119.40009,34.00628],[-119.39998,34.00665],[-119.40047,34.00635],[-119.40091,34.00673],[-119.40168,34.00649],[-119.40209,34.00696],[-119.40341,34.00656],[-119.40385,34.00605],[-119.40399,34.00664],[-119.40435,34.00651],[-119.40447,34.00676],[-119.40642,34.00632],[-119.40653,34.0065],[-119.40752,34.00604],[-119.40776,34.00646],[-119.40804,34.00625],[-119.40876,34.0068],[-119.40963,34.00658],[-119.41001,34.00685],[-119.41001,34.06497],[-119.40426,34.06376],[-119.39766,34.06172],[-119.38796,34.06464],[-119.37567,34.06671],[-119.36736,34.06747],[-119.35668,34.06734]]]}},{"type":"Feature","properties":{"name":"Footprint State Marine Reserve","short":"Footprint","type":"SMR","ccr":"Section 632 (b) (114)"},"geometry":{"type":"Polygon","coordinates":[[[-119.43313,33.95448],[-119.44024,33.95591],[-119.44712,33.95805],[-119.45273,33.96043],[-119.45739,33.96291],[-119.4652,33.9657],[-119.47455,33.97013],[-119.47983,33.97299],[-119.48394,33.9757],[-119.48898,33.97976],[-119.4926,33.98332],[-119.49569,33.97866],[-119.49996,33.97369],[-119.50512,33.96902],[-119.51047,33.96329],[-119.5161,33.95873],[-119.5161,33.98834],[-119.43313,33.98834],[-119.43313,33.95448]]]}},{"type":"Feature","properties":{"name":"Begg Rock State Marine Reserve","short":"Begg Rock","type":"SMR","ccr":"Section 632 (b) (115)"},"geometry":{"type":"Polygon","coordinates":[[[-119.69996,33.31206],[-119.70616,33.3127],[-119.71225,33.31388],[-119.71718,33.31526],[-119.72289,33.3174],[-119.72742,33.31955],[-119.73254,33.32255],[-119.73725,33.32599],[-119.74152,33.32983],[-119.74481,33.33344],[-119.74761,33.33712],[-119.75045,33.3418],[-119.75269,33.34669],[-119.75432,33.35175],[-119.75518,33.35606],[-119.75562,33.36129],[-119.7554,33.36653],[-119.75473,33.37087],[-119.75352,33.3754],[-119.75159,33.38038],[-119.74901,33.38524],[-119.74645,33.38905],[-119.74287,33.39334],[-119.73949,33.39667],[-119.73546,33.39999],[-119.73061,33.40328],[-119.72626,33.4057],[-119.72074,33.40816],[-119.71495,33.41013],[-119.70894,33.41157],[-119.70278,33.41249],[-119.69759,33.41283],[-119.69221,33.4128],[-119.68599,33.41225],[-119.68088,33.41138],[-119.6749,33.40984],[-119.66915,33.40779],[-119.66368,33.40525],[-119.65891,33.40246],[-119.65443,33.39929],[-119.65008,33.39551],[-119.64624,33.39138],[-119.64293,33.38693],[-119.64061,33.38302],[-119.63837,33.37812],[-119.63698,33.37391],[-119.6359,33.36875],[-119.63547,33.36352],[-119.6356,33.35892],[-119.63637,33.35372],[-119.63778,33.34861],[-119.63948,33.34436],[-119.64202,33.33957],[-119.64515,33.33503],[-119.64882,33.33079],[-119.65249,33.3273],[-119.65706,33.32373],[-119.66119,33.32107],[-119.66649,33.31829],[-119.67132,33.31626],[-119.67715,33.31439],[-119.68217,33.31322],[-119.68832,33.31231],[-119.69455,33.31195],[-119.69996,33.31206]]]}},{"type":"Feature","properties":{"name":"Santa Barbara Island State Marine Reserve","short":"Santa Barbara Island","type":"SMR","ccr":"Section 632 (b) (116)"},"geometry":{"type":"Polygon","coordinates":[[[-118.96822,33.4685],[-118.96926,33.46422],[-118.97273,33.45391],[-118.97531,33.44812],[-118.97816,33.44345],[-118.98096,33.43976],[-118.98558,33.43476],[-118.98953,33.43103],[-118.99411,33.42746],[-118.9991,33.4243],[-119.00391,33.42182],[-119.00962,33.41949],[-119.01633,33.4173],[-119.02133,33.41606],[-119.03668,33.41385],[-119.03668,33.46517],[-119.0359,33.46519],[-119.0354,33.46606],[-119.03496,33.4661],[-119.03482,33.46578],[-119.03299,33.46603],[-119.03099,33.4687],[-119.03118,33.46993],[-119.03078,33.47318],[-119.03115,33.47356],[-119.03011,33.47449],[-119.03023,33.475],[-118.96747,33.475],[-118.96822,33.4685]]]}},{"type":"Feature","properties":{"name":"Arrow Point to Lion Head Point State Marine Conservation Area","short":"Arrow Point to Lion Head Point","type":"SMCA","ccr":"Section 632 (b) (123)"},"geometry":{"type":"Polygon","coordinates":[[[-118.52945,33.47393],[-118.52866,33.4723],[-118.52728,33.47088],[-118.52689,33.46916],[-118.52476,33.46856],[-118.52214,33.4687],[-118.52005,33.46765],[-118.51878,33.46605],[-118.51888,33.46385],[-118.51641,33.46276],[-118.51525,33.46143],[-118.51401,33.46067],[-118.51332,33.45958],[-118.51065,33.45854],[-118.50768,33.45801],[-118.50627,33.45704],[-118.50348,33.45593],[-118.50039,33.45574],[-118.49934,33.45513],[-118.49835,33.454],[-118.50149,33.4529],[-118.50197,33.45316],[-118.50252,33.45288],[-118.50282,33.45329],[-118.50363,33.45299],[-118.50459,33.45309],[-118.50548,33.45342],[-118.50565,33.4539],[-118.50827,33.45452],[-118.50872,33.45484],[-118.50887,33.45556],[-118.51021,33.45501],[-118.51052,33.45556],[-118.51103,33.45569],[-118.51227,33.45537],[-118.51268,33.45637],[-118.51484,33.45695],[-118.5151,33.45729],[-118.51586,33.45698],[-118.51586,33.45773],[-118.51665,33.45883],[-118.51786,33.45872],[-118.51853,33.45915],[-118.51836,33.46043],[-118.51929,33.46107],[-118.52051,33.46137],[-118.52195,33.46126],[-118.52259,33.46182],[-118.52332,33.4633],[-118.52217,33.46428],[-118.5223,33.4655],[-118.52297,33.46576],[-118.52532,33.46526],[-118.52656,33.46605],[-118.5279,33.46625],[-118.53077,33.46788],[-118.53115,33.46851],[-118.53114,33.46929],[-118.53084,33.46966],[-118.53031,33.46944],[-118.53012,33.46952],[-118.53088,33.47029],[-118.53123,33.47006],[-118.53173,33.4704],[-118.53213,33.47119],[-118.53179,33.47177],[-118.53229,33.47213],[-118.53211,33.47235],[-118.53384,33.47384],[-118.53519,33.47405],[-118.53641,33.4759],[-118.53849,33.47751],[-118.53851,33.48034],[-118.53735,33.48024],[-118.53614,33.47972],[-118.53289,33.47657],[-118.53123,33.47565],[-118.52945,33.47393]]]}},{"type":"Feature","properties":{"name":"Blue Cavern Onshore State Marine Conservation Area","short":"Blue Cavern Onshore","type":"SMCA (No-Take)","ccr":"Section 632 (b) (124)"},"geometry":{"type":"Polygon","coordinates":[[[-118.45007,33.43265],[-118.45443,33.43341],[-118.45532,33.4343],[-118.45539,33.43476],[-118.4563,33.43502],[-118.45798,33.43651],[-118.46018,33.43704],[-118.461,33.43754],[-118.46281,33.44042],[-118.46498,33.44047],[-118.46692,33.44167],[-118.46933,33.44251],[-118.47077,33.44209],[-118.47168,33.44215],[-118.47201,33.44185],[-118.47271,33.44204],[-118.47413,33.44321],[-118.47448,33.44404],[-118.47583,33.44458],[-118.47599,33.44566],[-118.47672,33.44661],[-118.47651,33.44743],[-118.47739,33.44827],[-118.47934,33.44764],[-118.48023,33.44796],[-118.48191,33.44774],[-118.48406,33.44719],[-118.48512,33.44655],[-118.48536,33.44628],[-118.48471,33.44544],[-118.48333,33.44508],[-118.48412,33.44498],[-118.48369,33.44457],[-118.48462,33.44368],[-118.4858,33.4435],[-118.4859,33.4439],[-118.48754,33.44423],[-118.48793,33.44467],[-118.48835,33.444],[-118.48835,33.45834],[-118.45001,33.45834],[-118.45007,33.43265]]]}},{"type":"Feature","properties":{"name":"Blue Cavern Offshore State Marine Conservation Area","short":"Blue Cavern Offshore","type":"SMCA","ccr":"Section 632 (b) (125)"},"geometry":{"type":"Polygon","coordinates":[[[-118.48835,33.45834],[-118.48835,33.5135],[-118.4823,33.51295],[-118.47719,33.51208],[-118.46733,33.50923],[-118.45806,33.50492],[-118.45001,33.4995],[-118.45001,33.45834],[-118.48835,33.45834]]]}},{"type":"Feature","properties":{"name":"Long Point State Marine Reserve","short":"Long Point","type":"SMR","ccr":"Section 632 (b) (126)"},"geometry":{"type":"Polygon","coordinates":[[[-118.36635,33.40634],[-118.36692,33.40667],[-118.36763,33.40652],[-118.36883,33.40688],[-118.36969,33.40761],[-118.36974,33.40858],[-118.37104,33.4094],[-118.37274,33.40996],[-118.3759,33.41028],[-118.37737,33.40963],[-118.38214,33.40973],[-118.38333,33.41053],[-118.38329,33.41095],[-118.38432,33.41259],[-118.38617,33.4138],[-118.38876,33.41666],[-118.38857,33.41722],[-118.38896,33.41723],[-118.38918,33.41763],[-118.39399,33.41684],[-118.39427,33.41626],[-118.39574,33.41584],[-118.39733,33.4164],[-118.39759,33.41721],[-118.39839,33.41772],[-118.39847,33.41827],[-118.40001,33.41837],[-118.40001,33.425],[-118.36635,33.425],[-118.36635,33.40634]]]}},{"type":"Feature","properties":{"name":"Casino Point State Marine Conservation Area","short":"Casino Point","type":"SMCA (No-Take)","ccr":"Section 632 (b) (127)"},"geometry":{"type":"Polygon","coordinates":[[[-118.32368,33.34917],[-118.32301,33.34867],[-118.32385,33.34834],[-118.32601,33.34934],[-118.32535,33.35],[-118.32368,33.34917]]]}},{"type":"Feature","properties":{"name":"Lover's Cove State Marine Conservation Area","short":"Lover's Cove","type":"SMCA","ccr":"Section 632 (b) (128)"},"geometry":{"type":"Polygon","coordinates":[[[-118.31501,33.34107],[-118.31745,33.34361],[-118.31853,33.34265],[-118.32003,33.34285],[-118.32203,33.34519],[-118.31501,33.34519],[-118.31501,33.34107]]]}},{"type":"Feature","properties":{"name":"Farnsworth Onshore State Marine Conservation Area","short":"Farnsworth Onshore","type":"SMCA","ccr":"Section 632 (b) (129)"},"geometry":{"type":"Polygon","coordinates":[[[-118.48166,33.34354],[-118.48095,33.34379],[-118.47895,33.34209],[-118.47767,33.34168],[-118.47692,33.33983],[-118.47729,33.33906],[-118.47669,33.33885],[-118.47619,33.33929],[-118.47534,33.33916],[-118.47272,33.33667],[-118.47225,33.33547],[-118.47269,33.33534],[-118.47278,33.33378],[-118.47161,33.33326],[-118.47214,33.33256],[-118.46922,33.33166],[-118.4673,33.33056],[-118.46684,33.32966],[-118.46727,33.32872],[-118.46609,33.32841],[-118.46515,33.32775],[-118.46501,33.31667],[-118.48335,33.31667],[-118.50001,33.35],[-118.48455,33.35001],[-118.48371,33.34905],[-118.48383,33.3476],[-118.48255,33.34668],[-118.48208,33.34578],[-118.48172,33.34449],[-118.48131,33.34408],[-118.48166,33.34354]]]}},{"type":"Feature","properties":{"name":"Farnsworth Offshore State Marine Conservation Area","short":"Farnsworth Offshore","type":"SMCA","ccr":"Section 632 (b) (130)"},"geometry":{"type":"Polygon","coordinates":[[[-118.53298,33.31667],[-118.53764,33.32337],[-118.54066,33.32894],[-118.54598,33.34249],[-118.54798,33.35],[-118.50001,33.35],[-118.48335,33.31667],[-118.53298,33.31667]]]}},{"type":"Feature","properties":{"name":"Batiquitos Lagoon State Marine Conservation Area","short":"Batiquitos Lagoon","type":"SMCA (No-Take)","ccr":"Section 632 (b) (137)"},"geometry":{"type":"Polygon","coordinates":[[[-117.27649,33.0912],[-117.27566,33.09207],[-117.27353,33.09248],[-117.27314,33.09227],[-117.27271,33.09275],[-117.27206,33.09279],[-117.27152,33.09256],[-117.2703,33.09091],[-117.27039,33.08996],[-117.2696,33.08911],[-117.26926,33.08779],[-117.27141,33.08738],[-117.27191,33.0868],[-117.27227,33.08718],[-117.27319,33.08732],[-117.27396,33.08719],[-117.27404,33.08683],[-117.27869,33.08834],[-117.28235,33.08781],[-117.28257,33.08809],[-117.28352,33.08808],[-117.28505,33.08737],[-117.28703,33.08814],[-117.28838,33.08792],[-117.28913,33.0882],[-117.29157,33.0872],[-117.29312,33.08695],[-117.29545,33.08566],[-117.29608,33.08622],[-117.29555,33.08621],[-117.29452,33.08709],[-117.29491,33.08811],[-117.29847,33.08885],[-117.2991,33.08848],[-117.29915,33.088],[-117.29799,33.08673],[-117.29881,33.08614],[-117.30201,33.09067],[-117.30351,33.09392],[-117.30307,33.09392],[-117.30251,33.0932],[-117.30204,33.09383],[-117.30172,33.09373],[-117.3012,33.09296],[-117.30041,33.09273],[-117.29909,33.09165],[-117.2977,33.09157],[-117.29587,33.09079],[-117.29198,33.09117],[-117.28905,33.0907],[-117.28702,33.09094],[-117.28655,33.09172],[-117.28503,33.09206],[-117.28338,33.09117],[-117.28162,33.09117],[-117.28113,33.09167],[-117.28114,33.0926],[-117.27905,33.09366],[-117.2786,33.09294],[-117.27866,33.09204],[-117.27818,33.09143],[-117.27649,33.0912]],[[-117.27418,33.0907],[-117.27429,33.09023],[-117.27391,33.08982],[-117.27297,33.08985],[-117.27278,33.0905],[-117.27418,33.0907]]]}},{"type":"Feature","properties":{"name":"Swami's State Marine Conservation Area","short":"Swami's","type":"SMCA","ccr":"Section 632 (b) (138)"},"geometry":{"type":"Polygon","coordinates":[[[-117.27831,33.0],[-117.33998,33.0],[-117.34209,33.00417],[-117.34567,33.00819],[-117.34878,33.01242],[-117.35256,33.01926],[-117.35499,33.02594],[-117.35659,33.03398],[-117.35754,33.03681],[-117.3624,33.04834],[-117.2988,33.04834],[-117.29786,33.04629],[-117.29628,33.03884],[-117.29538,33.03651],[-117.29419,33.03531],[-117.2922,33.03435],[-117.2914,33.03357],[-117.28676,33.02501],[-117.28532,33.02152],[-117.28263,33.01688],[-117.28178,33.01622],[-117.28096,33.01634],[-117.28085,33.01604],[-117.28135,33.01567],[-117.28126,33.01515],[-117.27963,33.01148],[-117.27871,33.00766],[-117.27812,33.00121],[-117.27831,33.0]]]}},{"type":"Feature","properties":{"name":"San Elijo Lagoon State Marine Conservation Area","short":"San Elijo Lagoon","type":"SMCA (No-Take)","ccr":"Section 632 (b) (139)"},"geometry":{"type":"Polygon","coordinates":[[[-117.27876,33.01333],[-117.27823,33.01316],[-117.27768,33.01408],[-117.27677,33.01461],[-117.27612,33.01449],[-117.27483,33.01346],[-117.27413,33.01136],[-117.27171,33.01184],[-117.27046,33.01105],[-117.26955,33.00969],[-117.26688,33.00877],[-117.26651,33.00879],[-117.26542,33.00998],[-117.26211,33.01116],[-117.26,33.01333],[-117.25986,33.01287],[-117.25986,33.01345],[-117.25897,33.0144],[-117.2578,33.01442],[-117.25664,33.01514],[-117.25624,33.01454],[-117.25619,33.01281],[-117.25505,33.01212],[-117.25493,33.01271],[-117.25433,33.01264],[-117.25415,33.01224],[-117.25477,33.01086],[-117.25753,33.0086],[-117.25989,33.0093],[-117.26092,33.00821],[-117.26334,33.01002],[-117.2645,33.00989],[-117.26469,33.00949],[-117.26271,33.00752],[-117.2628,33.00711],[-117.26325,33.00672],[-117.26467,33.00648],[-117.26552,33.00573],[-117.26661,33.00615],[-117.26782,33.00595],[-117.26959,33.00435],[-117.27035,33.00449],[-117.27159,33.00398],[-117.27228,33.00448],[-117.27299,33.00454],[-117.27371,33.00514],[-117.27305,33.00644],[-117.27328,33.00653],[-117.27429,33.00413],[-117.27413,33.00303],[-117.27436,33.00259],[-117.27495,33.00306],[-117.27578,33.00603],[-117.27469,33.00645],[-117.27506,33.00763],[-117.27623,33.00772],[-117.2775,33.0133],[-117.27697,33.01006],[-117.27543,33.00435],[-117.27563,33.0043],[-117.27798,33.01246],[-117.27834,33.01276],[-117.27572,33.00368],[-117.27688,33.00247],[-117.2778,33.00462],[-117.27747,33.00619],[-117.27829,33.00739],[-117.27882,33.00995],[-117.27855,33.01142],[-117.2789,33.01181],[-117.27909,33.01315],[-117.27985,33.014],[-117.28083,33.01634],[-117.27876,33.01333]],[[-117.2598,33.00944],[-117.25986,33.01278],[-117.25994,33.01278],[-117.2598,33.00944]],[[-117.2555,33.01119],[-117.2551,33.01183],[-117.25581,33.01176],[-117.25594,33.01105],[-117.2555,33.01119]],[[-117.25679,33.00999],[-117.25668,33.01067],[-117.25812,33.01007],[-117.25817,33.00948],[-117.25679,33.00999]]]}},{"type":"Feature","properties":{"name":"San Dieguito Lagoon State Marine Conservation Area","short":"San Dieguito Lagoon","type":"SMCA","ccr":"Section 632 (b) (140)"},"geometry":{"type":"Polygon","coordinates":[[[-117.2562,32.96797],[-117.25548,32.96737],[-117.25049,32.96729],[-117.24984,32.96681],[-117.24967,32.96512],[-117.25273,32.96458],[-117.25287,32.96389],[-117.25177,32.96362],[-117.25182,32.96329],[-117.25255,32.96314],[-117.25194,32.96258],[-117.25288,32.96287],[-117.25352,32.96374],[-117.25483,32.96313],[-117.25596,32.96376],[-117.25811,32.96653],[-117.25966,32.96777],[-117.2562,32.96797]]]}},{"type":"Feature","properties":{"name":"San Diego-Scripps Coastal State Marine Conservation Area","short":"San Diego-Scripps Coastal","type":"SMCA","ccr":"Section 632 (b) (141)"},"geometry":{"type":"Polygon","coordinates":[[[-117.25421,32.86607],[-117.27334,32.86607],[-117.27334,32.88334],[-117.25278,32.88334],[-117.25148,32.87965],[-117.25102,32.87618],[-117.25206,32.87255],[-117.25318,32.87139],[-117.25421,32.86607]]]}},{"type":"Feature","properties":{"name":"Matlahuayl State Marine Reserve","short":"Matlahuayl","type":"SMR","ccr":"Section 632 (b) (142)"},"geometry":{"type":"Polygon","coordinates":[[[-117.26513,32.84862],[-117.26661,32.84906],[-117.26762,32.8486],[-117.26979,32.84961],[-117.27002,32.8501],[-117.27042,32.85014],[-117.27046,32.8496],[-117.27127,32.85037],[-117.2726,32.8502],[-117.27304,32.85052],[-117.27334,32.85112],[-117.27334,32.86607],[-117.25421,32.86607],[-117.25526,32.86133],[-117.25801,32.85607],[-117.26037,32.85282],[-117.26327,32.851],[-117.26403,32.84944],[-117.26513,32.84862]]]}},{"type":"Feature","properties":{"name":"South La Jolla State Marine Reserve","short":"South La Jolla","type":"SMR","ccr":"Section 632 (b) (143)"},"geometry":{"type":"Polygon","coordinates":[[[-117.26509,32.80799],[-117.26389,32.8072],[-117.26027,32.80258],[-117.25826,32.79909],[-117.31668,32.79909],[-117.31668,32.82622],[-117.27969,32.82622],[-117.28,32.8247],[-117.2804,32.82417],[-117.2802,32.82314],[-117.28065,32.82246],[-117.28007,32.82125],[-117.27959,32.8208],[-117.27891,32.82079],[-117.27842,32.82016],[-117.2774,32.81996],[-117.27691,32.81913],[-117.27597,32.81861],[-117.27466,32.81869],[-117.27373,32.81811],[-117.27296,32.81669],[-117.27391,32.81564],[-117.27359,32.81539],[-117.27335,32.81423],[-117.27252,32.81417],[-117.2715,32.81324],[-117.26973,32.81118],[-117.26868,32.80875],[-117.26775,32.80789],[-117.26731,32.80766],[-117.26509,32.80799]]]}},{"type":"Feature","properties":{"name":"South La Jolla State Marine Conservation Area","short":"South La Jolla","type":"SMCA","ccr":"Section 632 (b) (144)"},"geometry":{"type":"Polygon","coordinates":[[[-117.33448,32.79909],[-117.33749,32.80516],[-117.33946,32.81092],[-117.34214,32.82622],[-117.31668,32.82622],[-117.31668,32.79909],[-117.33448,32.79909]]]}},{"type":"Feature","properties":{"name":"Famosa Slough State Marine Conservation Area","short":"Famosa Slough","type":"SMCA (No-Take)","ccr":"Section 632 (b) (145)"},"geometry":{"type":"Polygon","coordinates":[[[-117.22811,32.75623],[-117.2279,32.75584],[-117.2284,32.75562],[-117.22923,32.75441],[-117.22939,32.75282],[-117.22915,32.75282],[-117.22893,32.75228],[-117.22763,32.7523],[-117.22711,32.75198],[-117.227,32.75109],[-117.22713,32.75056],[-117.22876,32.74899],[-117.22937,32.74936],[-117.22917,32.75246],[-117.22963,32.7528],[-117.22982,32.75377],[-117.22907,32.7555],[-117.22924,32.75716],[-117.22893,32.75636],[-117.22811,32.75623]]]}},{"type":"Feature","properties":{"name":"Cabrillo State Marine Reserve","short":"Cabrillo","type":"SMR","ccr":"Section 632 (b) (146)"},"geometry":{"type":"Polygon","coordinates":[[[-117.23835,32.66667],[-117.23834,32.66167],[-117.25001,32.66167],[-117.25001,32.67667],[-117.24701,32.67667],[-117.24621,32.67432],[-117.24579,32.67409],[-117.24528,32.67431],[-117.24554,32.67389],[-117.24528,32.67324],[-117.24553,32.67214],[-117.24506,32.67113],[-117.24545,32.66953],[-117.24468,32.66876],[-117.24499,32.66771],[-117.24456,32.66637],[-117.24271,32.66487],[-117.23835,32.66667]]]}},{"type":"Feature","properties":{"name":"Tijuana River Mouth State Marine Conservation Area","short":"Tijuana River Mouth","type":"SMCA","ccr":"Section 632 (b) (147)"},"geometry":{"type":"Polygon","coordinates":[[[-117.15001,32.56667],[-117.13259,32.56652],[-117.13072,32.55845],[-117.12703,32.55328],[-117.12737,32.55294],[-117.12724,32.55211],[-117.12575,32.54778],[-117.12434,32.54159],[-117.12381,32.5344],[-117.15001,32.53284],[-117.15001,32.56667]]]}},{"type":"Feature","properties":{"name":"Gull Island Federal Marine Reserve","short":"Gull Island","type":"FMR","ccr":"N/A"},"geometry":{"type":"Polygon","coordinates":[[[-119.82016,33.89975],[-119.81291,33.90065],[-119.8067,33.90204],[-119.80001,33.90423],[-119.80001,33.86195],[-119.88331,33.86195],[-119.88335,33.92355],[-119.87764,33.92005],[-119.87167,33.9172],[-119.86692,33.91308],[-119.86126,33.90919],[-119.85315,33.90505],[-119.84741,33.90292],[-119.84041,33.90108],[-119.83404,33.90005],[-119.82673,33.89957],[-119.82016,33.89975]]]}},{"type":"Feature","properties":{"name":"Footprint Federal Marine Reserve","short":"Footprint","type":"FMR","ccr":"N/A"},"geometry":{"type":"Polygon","coordinates":[[[-119.43312,33.90199],[-119.5161,33.90199],[-119.5161,33.95873],[-119.51047,33.96329],[-119.50512,33.96902],[-119.49996,33.97369],[-119.49569,33.97866],[-119.4926,33.98332],[-119.48898,33.97976],[-119.48394,33.9757],[-119.47983,33.97299],[-119.47455,33.97013],[-119.4652,33.9657],[-119.45739,33.96291],[-119.45273,33.96043],[-119.44712,33.95805],[-119.44024,33.95591],[-119.43313,33.95448],[-119.43312,33.90199]]]}},{"type":"Feature","properties":{"name":"South Point Federal Marine Reserve","short":"South Point","type":"FMR","ccr":"N/A"},"geometry":{"type":"Polygon","coordinates":[[[-120.10835,33.84412],[-120.10831,33.84],[-120.16671,33.84],[-120.16668,33.85829],[-120.15784,33.85484],[-120.14906,33.85029],[-120.13917,33.84669],[-120.12902,33.84458],[-120.11693,33.84373],[-120.10835,33.84412]]]}},{"type":"Feature","properties":{"name":"Richardson Rock Federal Marine Reserve","short":"Richardson Rock","type":"FMR","ccr":"N/A"},"geometry":{"type":"Polygon","coordinates":[[[-120.47001,34.13299],[-120.47565,34.138],[-120.48218,34.1424],[-120.48874,34.14574],[-120.49782,34.14933],[-120.50496,34.1512],[-120.51323,34.15242],[-120.5218,34.15266],[-120.53016,34.15193],[-120.53752,34.15046],[-120.54537,34.14796],[-120.55272,34.14457],[-120.55966,34.1402],[-120.5656,34.13526],[-120.57066,34.12968],[-120.57428,34.12435],[-120.57742,34.11787],[-120.57908,34.11271],[-120.58006,34.10753],[-120.58039,34.1023],[-120.58005,34.09706],[-120.57903,34.09165],[-120.57739,34.08659],[-120.57509,34.08161],[-120.57222,34.07694],[-120.56817,34.07184],[-120.56309,34.0669],[-120.55767,34.06277],[-120.55168,34.05922],[-120.54522,34.0563],[-120.53807,34.05396],[-120.52969,34.05205],[-120.52172,34.0511],[-120.52245,34.04411],[-120.52196,34.03686],[-120.60484,34.03685],[-120.60484,34.17333],[-120.47001,34.17333],[-120.47001,34.13299]]]}},{"type":"Feature","properties":{"name":"Harris Point Federal Marine Reserve","short":"Harris Point","type":"FMR","ccr":"N/A"},"geometry":{"type":"Polygon","coordinates":[[[-120.30668,34.10537],[-120.31139,34.10703],[-120.31764,34.10861],[-120.3228,34.1124],[-120.32812,34.11556],[-120.33961,34.12104],[-120.34298,34.12771],[-120.34797,34.13449],[-120.35411,34.14046],[-120.36129,34.14557],[-120.36764,34.14893],[-120.37428,34.15156],[-120.38126,34.15351],[-120.38835,34.15475],[-120.38831,34.20493],[-120.30671,34.20493],[-120.30668,34.10537]]]}},{"type":"Feature","properties":{"name":"Scorpion Federal State Marine Reserve","short":"Scorpion","type":"FMR","ccr":"N/A"},"geometry":{"type":"Polygon","coordinates":[[[-119.54668,34.10419],[-119.55546,34.10564],[-119.56412,34.10601],[-119.57463,34.10524],[-119.58335,34.10366],[-119.59168,34.10349],[-119.59171,34.1545],[-119.54671,34.1545],[-119.54668,34.10419]]]}},{"type":"Feature","properties":{"name":"Anacapa Island Federal Marine Reserve","short":"Anacapa","type":"FMR","ccr":"N/A"},"geometry":{"type":"Polygon","coordinates":[[[-119.35668,34.06734],[-119.36631,34.06751],[-119.37464,34.06685],[-119.38796,34.06464],[-119.39766,34.06172],[-119.40426,34.06376],[-119.41001,34.06497],[-119.41001,34.08331],[-119.35671,34.08331],[-119.35668,34.06734]]]}},{"type":"Feature","properties":{"name":"Anacapa Island Federal Marine Conservation Area","short":"Anacapa","type":"FMCA","ccr":"N/A"},"geometry":{"type":"Polygon","coordinates":[[[-119.41001,34.06497],[-119.43095,34.06693],[-119.4383,34.06677],[-119.44501,34.06596],[-119.44501,34.08331],[-119.41001,34.08331],[-119.41001,34.06497]]]}},{"type":"Feature","properties":{"name":"Santa Barbara Island Federal Marine Reserve","short":"Santa Barbara Island","type":"FMR","ccr":"N/A"},"geometry":{"type":"Polygon","coordinates":[[[-119.03671,33.36321],[-119.03668,33.41385],[-119.02133,33.41606],[-119.01535,33.41759],[-119.00866,33.41984],[-119.00301,33.42225],[-118.99824,33.4248],[-118.99332,33.42803],[-118.9889,33.43159],[-118.98558,33.43476],[-118.98037,33.44049],[-118.97714,33.44498],[-118.9745,33.44973],[-118.97273,33.45391],[-118.96902,33.46507],[-118.96793,33.47024],[-118.96747,33.475],[-118.9088,33.475],[-118.9088,33.36321],[-119.03671,33.36321]]]}},{"type":"Feature","properties":{"name":"Reading Rock State Marine Conservation Area","short":"Reading Rock","type":"SMCA","ccr":"Section 632 (b) (6)"},"geometry":{"type":"Polygon","coordinates":[[[-124.16668,41.33501],[-124.08186,41.33501],[-124.08225,41.33271],[-124.08334,41.32957],[-124.084,41.3286],[-124.08382,41.32758],[-124.08433,41.32515],[-124.0851,41.32313],[-124.086,41.32259],[-124.08576,41.3219],[-124.08488,41.32127],[-124.08505,41.31995],[-124.08743,41.31233],[-124.08748,41.3095],[-124.08789,41.30821],[-124.08763,41.30766],[-124.09138,41.2965],[-124.09114,41.29483],[-124.09134,41.29377],[-124.09105,41.29347],[-124.09,41.29334],[-124.16668,41.29334],[-124.16668,41.33501]]]}},{"type":"Feature","properties":{"name":"South Cape Mendocino State Marine Reserve","short":"South Cape Mendocino","type":"SMR","ccr":"Section 632 (b) (11)"},"geometry":{"type":"Polygon","coordinates":[[[-124.39668,40.415],[-124.51808,40.415],[-124.52392,40.42068],[-124.52851,40.42675],[-124.53077,40.43072],[-124.53264,40.435],[-124.40568,40.435],[-124.40373,40.43372],[-124.40353,40.43081],[-124.40217,40.42809],[-124.40226,40.42643],[-124.40323,40.42508],[-124.40283,40.42297],[-124.40191,40.42099],[-124.40062,40.4199],[-124.39901,40.41723],[-124.39668,40.415]]]}},{"type":"Feature","properties":{"name":"MacKerricher State Marine Conservation Area","short":"MacKerricher","type":"SMCA","ccr":"Section 632 (b) (22)"},"geometry":{"type":"Polygon","coordinates":[[[-123.78961,39.50052],[-123.79113,39.49764],[-123.79274,39.49573],[-123.79458,39.49489],[-123.79443,39.49423],[-123.79519,39.49315],[-123.79543,39.49156],[-123.79666,39.49029],[-123.79888,39.48943],[-123.80083,39.48976],[-123.80197,39.49043],[-123.803,39.48981],[-123.80452,39.49039],[-123.80428,39.49014],[-123.8052,39.48969],[-123.80441,39.48875],[-123.80552,39.48854],[-123.80546,39.4883],[-123.80336,39.48816],[-123.80235,39.48747],[-123.80273,39.48732],[-123.80202,39.4871],[-123.80256,39.48597],[-123.80237,39.48548],[-123.80257,39.48462],[-123.80185,39.48358],[-123.80229,39.48346],[-123.80228,39.4831],[-123.80297,39.48294],[-123.80298,39.48262],[-123.80374,39.48253],[-123.80316,39.48182],[-123.80345,39.48153],[-123.80313,39.48136],[-123.8035,39.48109],[-123.80329,39.48091],[-123.80366,39.48085],[-123.80306,39.48048],[-123.80318,39.47989],[-123.80283,39.47888],[-123.80416,39.47502],[-123.80478,39.47452],[-123.80432,39.47425],[-123.80443,39.47277],[-123.80511,39.47154],[-123.80617,39.47123],[-123.80687,39.47023],[-123.80794,39.47011],[-123.80844,39.46963],[-123.80817,39.46943],[-123.80775,39.46965],[-123.80785,39.46915],[-123.80742,39.46932],[-123.80718,39.46904],[-123.80768,39.46883],[-123.80729,39.46838],[-123.80762,39.46783],[-123.80711,39.46771],[-123.80695,39.46696],[-123.80729,39.46701],[-123.80731,39.46656],[-123.8077,39.4663],[-123.8072,39.46612],[-123.80734,39.4656],[-123.80702,39.46524],[-123.80778,39.46285],[-123.80854,39.4617],[-123.80924,39.46152],[-123.80973,39.46197],[-123.81026,39.46166],[-123.80939,39.46097],[-123.80866,39.4611],[-123.80824,39.46075],[-123.80802,39.46003],[-123.80827,39.45883],[-123.80873,39.45864],[-123.8092,39.45891],[-123.8098,39.45862],[-123.80968,39.4574],[-123.81024,39.45675],[-123.81096,39.45648],[-123.81078,39.4558],[-123.81151,39.45555],[-123.81082,39.45515],[-123.81107,39.45456],[-123.81165,39.45418],[-123.8123,39.4542],[-123.81239,39.45366],[-123.81308,39.45337],[-123.81394,39.45362],[-123.81399,39.45327],[-123.81315,39.45301],[-123.81352,39.45282],[-123.81334,39.45222],[-123.81668,39.45201],[-123.81668,39.50167],[-123.78935,39.50167],[-123.78973,39.50147],[-123.78961,39.50052]],[[-123.8074,39.47037],[-123.80707,39.47037],[-123.80743,39.47106],[-123.80781,39.47082],[-123.8074,39.47037]],[[-123.80812,39.47045],[-123.80814,39.47042],[-123.80791,39.47036],[-123.80812,39.47045]],[[-123.80857,39.4706],[-123.80865,39.47052],[-123.80843,39.47051],[-123.80857,39.4706]],[[-123.80885,39.46978],[-123.80899,39.47004],[-123.80924,39.46994],[-123.80885,39.46978]],[[-123.80801,39.46848],[-123.80827,39.46857],[-123.80825,39.46851],[-123.80801,39.46848]],[[-123.80738,39.4675],[-123.80736,39.46754],[-123.80761,39.46761],[-123.80738,39.4675]],[[-123.80725,39.4674],[-123.80728,39.46743],[-123.80736,39.46733],[-123.80725,39.4674]],[[-123.80754,39.46476],[-123.80754,39.46496],[-123.80762,39.46496],[-123.80754,39.46476]]]}},{"type":"Feature","properties":{"name":"Big River Estuary State Marine Conservation Area","short":"Big River Estuary","type":"SMCA","ccr":"Section 632 (b) (25)"},"geometry":{"type":"Polygon","coordinates":[[[-123.79197,39.30224],[-123.78699,39.30197],[-123.78387,39.30375],[-123.78142,39.30408],[-123.77886,39.30486],[-123.77788,39.30475],[-123.77536,39.30357],[-123.77071,39.30371],[-123.77068,39.3025],[-123.77299,39.30242],[-123.77399,39.30192],[-123.77669,39.30238],[-123.77774,39.30308],[-123.77865,39.30327],[-123.78121,39.30303],[-123.78376,39.30144],[-123.78516,39.30096],[-123.78552,39.30021],[-123.78609,39.30004],[-123.79146,39.30123],[-123.7924,39.30117],[-123.79197,39.30224]]]}},{"type":"Feature","properties":{"name":"Navarro River Estuary State Marine Conservation Area","short":"Navarro River Estuary","type":"SMCA","ccr":"Section 632 (b) (27)"},"geometry":{"type":"Polygon","coordinates":[[[-123.7609,39.19398],[-123.75995,39.19503],[-123.75738,39.1966],[-123.75587,39.19798],[-123.75369,39.19901],[-123.7508,39.19881],[-123.74683,39.19744],[-123.7474,39.19672],[-123.75072,39.19773],[-123.75456,39.19717],[-123.75603,39.19631],[-123.75554,39.19589],[-123.75612,39.19604],[-123.7569,39.19566],[-123.75757,39.19469],[-123.75861,39.19149],[-123.76143,39.19227],[-123.7609,39.19398]]]}},{"type":"Feature","properties":{"name":"Point Arena State Marine Conservation Area","short":"Point Arena","type":"SMCA","ccr":"Section 632 (b) (29)"},"geometry":{"type":"Polygon","coordinates":[[[-123.80949,38.94961],[-123.81043,38.9548],[-123.81068,38.95917],[-123.81033,38.9644],[-123.80951,38.96872],[-123.80789,38.9738],[-123.8056,38.97872],[-123.80271,38.98334],[-123.76668,38.98334],[-123.76668,38.94],[-123.80576,38.94],[-123.80786,38.94453],[-123.80949,38.94961]]]}},{"type":"Feature","properties":{"name":"Del Mar Landing State Marine Reserve","short":"Del Mar Landing","type":"SMR","ccr":"Section 632 (b) (32)"},"geometry":{"type":"Polygon","coordinates":[[[-123.51601,38.74503],[-123.51649,38.74453],[-123.51508,38.74331],[-123.51569,38.74327],[-123.5135,38.74283],[-123.51419,38.74264],[-123.51441,38.74205],[-123.51223,38.74129],[-123.51154,38.74066],[-123.50984,38.74055],[-123.50951,38.74117],[-123.50807,38.74139],[-123.50682,38.74132],[-123.50501,38.7405],[-123.50501,38.73667],[-123.51668,38.73667],[-123.51668,38.7451],[-123.51601,38.74503]]]}},{"type":"Feature","properties":{"name":"Salt Point State Marine Conservation Area","short":"Salt Point","type":"SMCA","ccr":"Section 632 (b) (35)"},"geometry":{"type":"Polygon","coordinates":[[[-123.34572,38.59181],[-123.34557,38.59137],[-123.34331,38.59033],[-123.34352,38.5892],[-123.34239,38.58838],[-123.34244,38.58779],[-123.34194,38.58768],[-123.34274,38.58708],[-123.34305,38.58721],[-123.34308,38.58685],[-123.34271,38.58667],[-123.34218,38.58692],[-123.34155,38.58657],[-123.34112,38.58558],[-123.34045,38.58536],[-123.33983,38.58395],[-123.33926,38.58346],[-123.33749,38.58324],[-123.33612,38.58255],[-123.3356,38.58267],[-123.33527,38.58212],[-123.33576,38.58123],[-123.3369,38.58148],[-123.33773,38.58131],[-123.33827,38.58161],[-123.33922,38.58061],[-123.33913,38.57975],[-123.33963,38.57923],[-123.33994,38.57781],[-123.34034,38.5779],[-123.34017,38.57726],[-123.34041,38.57676],[-123.34033,38.57644],[-123.3398,38.57647],[-123.33974,38.57596],[-123.33881,38.57484],[-123.33924,38.57439],[-123.33868,38.57436],[-123.33819,38.57378],[-123.33999,38.5722],[-123.33849,38.57199],[-123.33814,38.57146],[-123.33837,38.57073],[-123.33752,38.57104],[-123.33557,38.57052],[-123.336,38.56899],[-123.33498,38.56815],[-123.33487,38.5675],[-123.33322,38.56555],[-123.33246,38.56546],[-123.33201,38.56584],[-123.32874,38.56585],[-123.32774,38.56554],[-123.32651,38.56443],[-123.32394,38.56391],[-123.32366,38.56285],[-123.32402,38.56251],[-123.32368,38.56233],[-123.32388,38.56187],[-123.32326,38.56123],[-123.32396,38.56078],[-123.32186,38.56067],[-123.32157,38.56037],[-123.32061,38.56061],[-123.31941,38.56028],[-123.31958,38.55998],[-123.31915,38.55976],[-123.31896,38.56011],[-123.31882,38.55981],[-123.31774,38.56014],[-123.31689,38.55878],[-123.31637,38.55903],[-123.31653,38.55874],[-123.31545,38.5589],[-123.31518,38.55834],[-123.35001,38.55834],[-123.35001,38.59334],[-123.34668,38.59334],[-123.34539,38.59234],[-123.34572,38.59181]],[[-123.31727,38.55882],[-123.31735,38.559],[-123.31747,38.55893],[-123.31745,38.55868],[-123.31727,38.55882]]]}},{"type":"Feature","properties":{"name":"Bodega Head State Marine Reserve","short":"Bodega Head","type":"SMR","ccr":"Section 632 (b) (39)"},"geometry":{"type":"Polygon","coordinates":[[[-123.06873,38.335],[-123.06901,38.33331],[-123.07019,38.33008],[-123.07234,38.32513],[-123.07344,38.3234],[-123.07498,38.32217],[-123.07567,38.32219],[-123.07688,38.323],[-123.07806,38.3233],[-123.07816,38.32309],[-123.07729,38.32195],[-123.07762,38.32137],[-123.07684,38.32072],[-123.07485,38.32006],[-123.07214,38.3165],[-123.07164,38.31642],[-123.07038,38.31732],[-123.06903,38.31665],[-123.0689,38.31582],[-123.07037,38.31495],[-123.07024,38.31465],[-123.07064,38.31474],[-123.07077,38.31425],[-123.06995,38.31382],[-123.06965,38.31254],[-123.06879,38.31195],[-123.06925,38.31153],[-123.06856,38.31126],[-123.06883,38.31112],[-123.06785,38.31038],[-123.06788,38.3101],[-123.06737,38.31002],[-123.06763,38.30954],[-123.06696,38.30926],[-123.06773,38.30928],[-123.06729,38.30874],[-123.06734,38.30832],[-123.06669,38.3079],[-123.0668,38.30764],[-123.06549,38.30695],[-123.06516,38.30632],[-123.06506,38.30534],[-123.06545,38.30491],[-123.06505,38.30494],[-123.06468,38.30417],[-123.06524,38.30281],[-123.06468,38.3031],[-123.06435,38.30284],[-123.06452,38.3025],[-123.06426,38.30269],[-123.06384,38.30225],[-123.06281,38.30243],[-123.06233,38.30081],[-123.06175,38.30061],[-123.0614,38.3],[-123.13568,38.3],[-123.13834,38.30499],[-123.14001,38.30916],[-123.14155,38.31466],[-123.14228,38.31899],[-123.14251,38.32434],[-123.14205,38.32957],[-123.14081,38.33501],[-123.06873,38.335]]]}},{"type":"Feature","properties":{"name":"Bodega Head State Marine Conservation Area","short":"Bodega Head","type":"SMCA","ccr":"Section 632 (b) (40)"},"geometry":{"type":"Polygon","coordinates":[[[-123.06117,38.29955],[-123.06082,38.29989],[-123.05993,38.29968],[-123.05947,38.29928],[-123.05982,38.29897],[-123.05851,38.29884],[-123.05851,38.22234],[-123.09337,38.25486],[-123.09929,38.25798],[-123.10438,38.26135],[-123.11594,38.2713],[-123.11975,38.27559],[-123.12298,38.28017],[-123.12519,38.28418],[-123.1274,38.28944],[-123.13175,38.29427],[-123.13568,38.3],[-123.0614,38.3],[-123.06169,38.29971],[-123.06117,38.29955]]]}},{"type":"Feature","properties":{"name":"Point Reyes State Marine Conservation Area","short":"Point Reyes","type":"SMCA","ccr":"Section 632 (b) (44)"},"geometry":{"type":"Polygon","coordinates":[[[-122.96779,37.93876],[-122.97562,37.93892],[-122.98217,37.93965],[-122.98954,37.94115],[-123.00566,37.94274],[-123.02265,37.94371],[-123.03335,37.9452],[-123.03335,37.98334],[-122.95568,37.98334],[-122.95568,37.9395],[-122.96779,37.93876]]]}},{"type":"Feature","properties":{"name":"Estero de Limantour State Marine Reserve","short":"Estero de Limantour","type":"SMR","ccr":"Section 632 (b) (46)"},"geometry":{"type":"Polygon","coordinates":[[[-122.93733,38.03341],[-122.93897,38.03373],[-122.94067,38.03526],[-122.94069,38.03636],[-122.94203,38.03861],[-122.94389,38.03963],[-122.94517,38.0413],[-122.94627,38.04167],[-122.94634,38.04214],[-122.9483,38.04434],[-122.93585,38.04434],[-122.93495,38.04344],[-122.93333,38.04308],[-122.933,38.04359],[-122.93259,38.04378],[-122.93294,38.04393],[-122.93268,38.0439],[-122.93213,38.04346],[-122.93267,38.04369],[-122.93314,38.04298],[-122.93212,38.04202],[-122.93183,38.04032],[-122.9323,38.03813],[-122.93195,38.03635],[-122.93127,38.03565],[-122.92763,38.03548],[-122.92747,38.03598],[-122.92678,38.03594],[-122.92516,38.03518],[-122.92441,38.03427],[-122.92455,38.03356],[-122.92408,38.03305],[-122.92077,38.03273],[-122.91991,38.03295],[-122.91874,38.03361],[-122.91827,38.03576],[-122.91803,38.03564],[-122.91785,38.03651],[-122.91824,38.03735],[-122.91805,38.03812],[-122.91846,38.03898],[-122.91832,38.03901],[-122.91793,38.03814],[-122.91807,38.03732],[-122.91769,38.03656],[-122.91799,38.03524],[-122.91724,38.03384],[-122.91602,38.03328],[-122.91446,38.03324],[-122.91338,38.0339],[-122.91271,38.03634],[-122.91342,38.03805],[-122.91327,38.03973],[-122.91271,38.04006],[-122.91221,38.04145],[-122.91253,38.04205],[-122.91184,38.04243],[-122.91019,38.04532],[-122.91051,38.04745],[-122.91025,38.0484],[-122.91051,38.0489],[-122.90998,38.05084],[-122.91061,38.05114],[-122.9106,38.05142],[-122.9095,38.05177],[-122.9093,38.05111],[-122.90882,38.05078],[-122.90919,38.05175],[-122.90752,38.05287],[-122.9067,38.05404],[-122.90596,38.05426],[-122.90565,38.05421],[-122.90551,38.05324],[-122.90729,38.05128],[-122.90823,38.05079],[-122.90844,38.05027],[-122.90871,38.05059],[-122.90905,38.05047],[-122.90794,38.04914],[-122.90538,38.04738],[-122.90557,38.04649],[-122.90693,38.04543],[-122.90665,38.04509],[-122.90724,38.04409],[-122.90676,38.04426],[-122.90538,38.04388],[-122.90459,38.04314],[-122.90402,38.04195],[-122.90519,38.04095],[-122.90568,38.04001],[-122.90559,38.03895],[-122.90636,38.03745],[-122.90605,38.03693],[-122.90866,38.0347],[-122.90835,38.03389],[-122.90693,38.03281],[-122.90331,38.03212],[-122.90202,38.03152],[-122.89616,38.03175],[-122.89482,38.03247],[-122.89328,38.03396],[-122.89401,38.03534],[-122.89309,38.03652],[-122.89292,38.03831],[-122.8922,38.03875],[-122.89184,38.03855],[-122.89099,38.03669],[-122.8915,38.03614],[-122.89128,38.03476],[-122.89169,38.0342],[-122.89274,38.03396],[-122.89145,38.03373],[-122.8918,38.03285],[-122.8906,38.03112],[-122.88905,38.03],[-122.88756,38.0295],[-122.88732,38.03019],[-122.88595,38.03123],[-122.88628,38.03216],[-122.88546,38.03264],[-122.88561,38.03293],[-122.88491,38.03314],[-122.88445,38.03293],[-122.88463,38.03341],[-122.8844,38.03358],[-122.88409,38.03351],[-122.88408,38.03364],[-122.88402,38.03347],[-122.88459,38.03337],[-122.88442,38.03287],[-122.88507,38.03306],[-122.88539,38.03281],[-122.88524,38.03229],[-122.88474,38.03261],[-122.88428,38.03236],[-122.88444,38.02816],[-122.8834,38.02757],[-122.88213,38.02736],[-122.88258,38.02712],[-122.8843,38.02761],[-122.88477,38.02715],[-122.88534,38.02754],[-122.88543,38.028],[-122.88646,38.02861],[-122.88651,38.02764],[-122.88625,38.0281],[-122.88604,38.02783],[-122.88626,38.0274],[-122.88658,38.02716],[-122.88759,38.02727],[-122.88859,38.02809],[-122.88896,38.02874],[-122.88887,38.0294],[-122.88948,38.0296],[-122.89041,38.02906],[-122.89185,38.02881],[-122.89509,38.03002],[-122.89669,38.02917],[-122.89749,38.02967],[-122.90068,38.03031],[-122.90247,38.03004],[-122.90565,38.0304],[-122.90704,38.03097],[-122.9082,38.0307],[-122.91074,38.03075],[-122.9111,38.03022],[-122.91185,38.03],[-122.91686,38.03052],[-122.91768,38.03013],[-122.92145,38.02972],[-122.93942,38.03236],[-122.9373,38.03314],[-122.93733,38.03341]],[[-122.88713,38.02761],[-122.8872,38.0274],[-122.88672,38.02734],[-122.88664,38.02764],[-122.88713,38.02761]]]}},{"type":"Feature","properties":{"name":"Drakes Estero State Marine Conservation Area","short":"Drakes Estero","type":"SMCA","ccr":"Section 632 (b) (47)"},"geometry":{"type":"Polygon","coordinates":[[[-122.92633,38.09634],[-122.92667,38.09529],[-122.92644,38.09385],[-122.92585,38.09351],[-122.92578,38.093],[-122.927,38.09258],[-122.92702,38.0918],[-122.92645,38.09208],[-122.92629,38.09194],[-122.92695,38.09156],[-122.92785,38.09127],[-122.92891,38.09168],[-122.92892,38.09138],[-122.92808,38.09094],[-122.93001,38.08968],[-122.931,38.08793],[-122.93108,38.08674],[-122.93195,38.08523],[-122.93204,38.08311],[-122.93241,38.08289],[-122.93416,38.0834],[-122.9352,38.0841],[-122.93524,38.0848],[-122.93546,38.08444],[-122.93485,38.08354],[-122.93261,38.08287],[-122.93264,38.08194],[-122.93171,38.08134],[-122.93155,38.0807],[-122.93189,38.0797],[-122.93326,38.07844],[-122.93501,38.07542],[-122.93498,38.07435],[-122.9336,38.07324],[-122.93332,38.07231],[-122.93406,38.06964],[-122.93311,38.06907],[-122.93284,38.0684],[-122.93356,38.06632],[-122.93307,38.06443],[-122.92895,38.06245],[-122.92862,38.06266],[-122.92867,38.06302],[-122.92891,38.06296],[-122.92919,38.06311],[-122.92689,38.06401],[-122.92605,38.0661],[-122.92342,38.06947],[-122.92285,38.0714],[-122.92362,38.07281],[-122.92371,38.07461],[-122.9234,38.07562],[-122.92276,38.07602],[-122.9231,38.07697],[-122.92271,38.07703],[-122.9227,38.0775],[-122.92226,38.07773],[-122.92266,38.07737],[-122.92231,38.07722],[-122.92182,38.07759],[-122.92192,38.07727],[-122.923,38.07688],[-122.92264,38.07603],[-122.92255,38.07639],[-122.92216,38.07653],[-122.92292,38.07572],[-122.92257,38.07542],[-122.92252,38.07358],[-122.92185,38.07243],[-122.92235,38.0718],[-122.92156,38.07101],[-122.91908,38.06985],[-122.91886,38.06947],[-122.91796,38.06924],[-122.91795,38.06949],[-122.91757,38.06944],[-122.91778,38.07018],[-122.91677,38.07055],[-122.91648,38.0713],[-122.91517,38.07109],[-122.9136,38.07149],[-122.91261,38.07237],[-122.91178,38.07262],[-122.91186,38.07312],[-122.91154,38.07292],[-122.91153,38.07238],[-122.91274,38.07164],[-122.91298,38.07073],[-122.91574,38.06879],[-122.91611,38.0687],[-122.91748,38.06937],[-122.91608,38.0684],[-122.92083,38.06724],[-122.92159,38.06589],[-122.92157,38.06473],[-122.9199,38.06364],[-122.91924,38.06392],[-122.92052,38.06266],[-122.92242,38.06169],[-122.92195,38.05979],[-122.9222,38.0594],[-122.92178,38.05949],[-122.92154,38.05928],[-122.92198,38.05925],[-122.9213,38.05897],[-122.92184,38.05907],[-122.92243,38.05956],[-122.92433,38.05981],[-122.92559,38.05845],[-122.92665,38.05782],[-122.92751,38.05764],[-122.93232,38.05504],[-122.93322,38.0549],[-122.93322,38.05448],[-122.93422,38.05333],[-122.93446,38.05164],[-122.93541,38.04908],[-122.93735,38.0465],[-122.93703,38.04544],[-122.93585,38.04434],[-122.94834,38.04436],[-122.94919,38.04564],[-122.95044,38.04613],[-122.95401,38.04871],[-122.95546,38.04903],[-122.95682,38.04876],[-122.9573,38.05012],[-122.95839,38.05079],[-122.95847,38.05154],[-122.96046,38.05209],[-122.96149,38.05312],[-122.96148,38.05332],[-122.96042,38.05259],[-122.95972,38.05335],[-122.95984,38.05375],[-122.96308,38.05506],[-122.96289,38.05522],[-122.9632,38.0557],[-122.96401,38.05645],[-122.96432,38.05697],[-122.96265,38.05516],[-122.96218,38.05502],[-122.9601,38.05548],[-122.9599,38.05614],[-122.95977,38.05505],[-122.95726,38.05356],[-122.9558,38.05201],[-122.95525,38.05224],[-122.95557,38.05195],[-122.95103,38.05],[-122.9501,38.04919],[-122.94959,38.04911],[-122.94896,38.04975],[-122.94826,38.0536],[-122.9487,38.05469],[-122.94996,38.05595],[-122.95081,38.05804],[-122.9524,38.05819],[-122.95467,38.05921],[-122.95702,38.06114],[-122.95752,38.06117],[-122.95852,38.06169],[-122.95845,38.06194],[-122.9589,38.06198],[-122.95839,38.06202],[-122.95835,38.06167],[-122.95637,38.06362],[-122.95696,38.06418],[-122.95723,38.0652],[-122.95835,38.06642],[-122.95804,38.06675],[-122.95818,38.06719],[-122.95859,38.06717],[-122.95838,38.06737],[-122.95868,38.06747],[-122.95831,38.06745],[-122.95847,38.06767],[-122.95808,38.06774],[-122.95761,38.06862],[-122.95598,38.06924],[-122.95582,38.06961],[-122.95588,38.07011],[-122.95646,38.07065],[-122.95665,38.07168],[-122.95711,38.07197],[-122.95653,38.07308],[-122.95709,38.0735],[-122.95667,38.0743],[-122.95723,38.07621],[-122.95707,38.07746],[-122.95658,38.07704],[-122.95622,38.07793],[-122.95597,38.078],[-122.95631,38.07725],[-122.9559,38.07655],[-122.9565,38.0766],[-122.9566,38.07628],[-122.95474,38.07565],[-122.95459,38.07441],[-122.95392,38.07378],[-122.95412,38.07315],[-122.9531,38.07141],[-122.95369,38.06767],[-122.95315,38.06882],[-122.95295,38.06827],[-122.95418,38.06608],[-122.95295,38.06382],[-122.95439,38.06204],[-122.95457,38.06138],[-122.95405,38.06164],[-122.9527,38.06051],[-122.94758,38.06145],[-122.94624,38.06083],[-122.94432,38.06097],[-122.9446,38.06164],[-122.94433,38.06206],[-122.94209,38.06322],[-122.9417,38.06378],[-122.94194,38.06511],[-122.94177,38.06635],[-122.94223,38.06654],[-122.94229,38.06624],[-122.94257,38.06622],[-122.9429,38.06635],[-122.94329,38.06678],[-122.94319,38.067],[-122.94355,38.06722],[-122.9436,38.06738],[-122.94316,38.06704],[-122.94322,38.06677],[-122.94294,38.06675],[-122.94294,38.06644],[-122.94229,38.06633],[-122.94234,38.06654],[-122.94165,38.0673],[-122.94143,38.06879],[-122.93933,38.07209],[-122.93939,38.07451],[-122.93978,38.07439],[-122.94008,38.07525],[-122.93974,38.07454],[-122.93938,38.07472],[-122.93966,38.07653],[-122.94051,38.07739],[-122.94112,38.07675],[-122.94179,38.07675],[-122.94186,38.07701],[-122.94194,38.07685],[-122.94261,38.07715],[-122.94187,38.07709],[-122.94179,38.07682],[-122.94113,38.07704],[-122.93866,38.08],[-122.93507,38.08101],[-122.93411,38.0816],[-122.93398,38.08189],[-122.93565,38.08101],[-122.93678,38.08097],[-122.93693,38.0814],[-122.93632,38.08249],[-122.93669,38.08283],[-122.93745,38.08262],[-122.93788,38.08309],[-122.93451,38.08641],[-122.93461,38.08715],[-122.93539,38.08765],[-122.93523,38.08805],[-122.93558,38.08895],[-122.93399,38.08988],[-122.93195,38.09035],[-122.93169,38.09087],[-122.93264,38.09124],[-122.93198,38.09122],[-122.93214,38.09173],[-122.93151,38.09087],[-122.9309,38.09137],[-122.92966,38.09136],[-122.92893,38.09181],[-122.92793,38.0934],[-122.92724,38.09341],[-122.92724,38.09436],[-122.92765,38.09453],[-122.92788,38.09549],[-122.92724,38.09647],[-122.92679,38.09643],[-122.92666,38.09674],[-122.92633,38.09634]]]}},{"type":"Feature","properties":{"name":"Point Reyes State Marine Reserve","short":"Point Reyes","type":"SMR","ccr":"Section 632 (b) (43)"},"geometry":{"type":"Polygon","coordinates":[[[-122.94,38.03186],[-122.93942,38.03236],[-122.91668,38.02917],[-122.95568,37.98334],[-123.03335,37.98334],[-123.03335,37.99834],[-123.02131,37.99834],[-123.02127,37.99794],[-123.02178,37.99819],[-123.0223,37.99797],[-123.02204,37.99756],[-123.02243,37.99745],[-123.02272,37.99676],[-123.02373,37.99636],[-123.02387,37.99519],[-123.02321,37.99483],[-123.02274,37.99489],[-123.0227,37.99529],[-123.02163,37.99505],[-123.0203,37.99533],[-123.01878,37.99494],[-123.01886,37.9946],[-123.01856,37.99445],[-123.01765,37.99447],[-123.0175,37.99413],[-123.01737,37.9947],[-123.01676,37.99412],[-123.01622,37.99443],[-123.0156,37.99404],[-123.01407,37.99402],[-123.01363,37.99484],[-123.01202,37.99575],[-123.01141,37.9954],[-123.01088,37.99577],[-123.01061,37.99522],[-123.01046,37.9957],[-123.00996,37.99511],[-123.00966,37.99561],[-123.00797,37.99571],[-123.0073,37.99518],[-123.00604,37.99519],[-123.00573,37.99475],[-123.00568,37.99356],[-123.00504,37.9937],[-123.00466,37.99331],[-123.00351,37.99347],[-123.00335,37.99307],[-123.00158,37.9935],[-123.00117,37.99321],[-123.00055,37.99404],[-122.99967,37.99392],[-122.99933,37.99349],[-122.99915,37.99399],[-122.99846,37.99379],[-122.99823,37.99411],[-122.99629,37.99431],[-122.99536,37.99397],[-122.9948,37.99323],[-122.99513,37.99293],[-122.99452,37.99282],[-122.9936,37.99315],[-122.99366,37.99377],[-122.99316,37.99422],[-122.99047,37.99469],[-122.98785,37.99367],[-122.98811,37.99339],[-122.98778,37.99323],[-122.98747,37.99365],[-122.98699,37.99354],[-122.98688,37.99319],[-122.9862,37.99333],[-122.98693,37.99278],[-122.98617,37.99284],[-122.98657,37.99249],[-122.98596,37.99205],[-122.98609,37.99292],[-122.98558,37.99285],[-122.98567,37.99304],[-122.98518,37.99321],[-122.98374,37.99308],[-122.98264,37.99261],[-122.98148,37.99277],[-122.98038,37.99249],[-122.97973,37.99283],[-122.97814,37.99295],[-122.97528,37.9924],[-122.97523,37.99269],[-122.97469,37.99257],[-122.97454,37.99283],[-122.97304,37.99227],[-122.97283,37.99174],[-122.97334,37.99122],[-122.97243,37.99028],[-122.96819,37.99058],[-122.96673,37.99037],[-122.96602,37.98981],[-122.96419,37.99024],[-122.96532,37.99059],[-122.96566,37.99143],[-122.96542,37.99166],[-122.96664,37.99238],[-122.96738,37.99379],[-122.96897,37.99343],[-122.97207,37.99428],[-122.97327,37.99398],[-122.97662,37.99507],[-122.97751,37.99608],[-122.97849,37.99624],[-122.97888,37.99665],[-122.9832,37.99788],[-122.98321,38.00037],[-122.98401,38.001],[-122.98424,38.00262],[-122.98367,38.00537],[-122.98208,38.00904],[-122.97933,38.01311],[-122.97478,38.01835],[-122.97092,38.0217],[-122.96614,38.02473],[-122.96083,38.02745],[-122.95612,38.02903],[-122.95009,38.03047],[-122.95022,38.03075],[-122.94997,38.03087],[-122.94667,38.0314],[-122.94,38.03186]],[[-123.01597,37.99411],[-123.01596,37.9942],[-123.01623,37.99411],[-123.01597,37.99411]]]}},{"type":"Feature","properties":{"name":"Pillar Point State Marine Conservation Area","short":"Pillar Point","type":"SMCA","ccr":"Section 632 (b) (66)"},"geometry":{"type":"Polygon","coordinates":[[[-122.49987,37.49902],[-122.49971,37.49842],[-122.50038,37.49813],[-122.50051,37.49773],[-122.49918,37.49556],[-122.49951,37.49567],[-122.50601,37.48634],[-122.51385,37.47217],[-122.55816,37.47217],[-122.55855,37.47285],[-122.56519,37.47901],[-122.56984,37.48493],[-122.57341,37.4913],[-122.57681,37.5],[-122.49868,37.5],[-122.49915,37.49935],[-122.49987,37.49902]]]}},{"type":"Feature","properties":{"name":"Montara State Marine Reserve","short":"Montara","type":"SMR","ccr":"Section 632 (b) (65)"},"geometry":{"type":"Polygon","coordinates":[[[-122.57681,37.5],[-122.57811,37.50464],[-122.58029,37.50899],[-122.58239,37.51431],[-122.58358,37.51858],[-122.5843,37.52291],[-122.58455,37.52727],[-122.58431,37.53163],[-122.58181,37.545],[-122.51668,37.545],[-122.51642,37.5441],[-122.51737,37.54304],[-122.51738,37.5419],[-122.51694,37.54126],[-122.51748,37.54126],[-122.51692,37.54083],[-122.51755,37.54071],[-122.51743,37.54011],[-122.51836,37.54024],[-122.51828,37.53781],[-122.51894,37.53724],[-122.51954,37.53734],[-122.51949,37.53624],[-122.5199,37.53623],[-122.51949,37.53608],[-122.51941,37.53564],[-122.51974,37.53539],[-122.51924,37.53484],[-122.51957,37.53464],[-122.51959,37.53356],[-122.51826,37.53233],[-122.51781,37.53118],[-122.51809,37.53106],[-122.51767,37.53103],[-122.51738,37.53048],[-122.51764,37.53026],[-122.51693,37.52971],[-122.51716,37.52855],[-122.5177,37.52804],[-122.51804,37.5281],[-122.51689,37.52694],[-122.51686,37.5254],[-122.51775,37.52419],[-122.51704,37.52196],[-122.51562,37.52123],[-122.51398,37.51963],[-122.51366,37.51762],[-122.5128,37.51642],[-122.51203,37.51397],[-122.50716,37.50939],[-122.50464,37.50648],[-122.50185,37.50512],[-122.50008,37.5034],[-122.49847,37.50105],[-122.49885,37.5],[-122.57681,37.5]]]}},{"type":"Feature","properties":{"name":"North Farallon Islands State Marine Reserve","short":"North Farallon Islands","type":"SMR","ccr":"Section 632 (b) (51)"},"geometry":{"type":"Polygon","coordinates":[[[-123.11668,37.8224],[-123.10652,37.82303],[-123.09774,37.82255],[-123.08913,37.82109],[-123.08086,37.8187],[-123.07309,37.81542],[-123.06514,37.81075],[-123.06003,37.80847],[-123.0555,37.806],[-123.05044,37.80263],[-123.04586,37.79886],[-123.04117,37.79401],[-123.03777,37.78952],[-123.03458,37.78395],[-123.03234,37.77833],[-123.02513,37.77806],[-123.01861,37.77724],[-123.01223,37.77588],[-123.00607,37.774],[-123.00019,37.77162],[-122.99466,37.76877],[-122.98953,37.76547],[-122.98476,37.76167],[-123.11668,37.76167],[-123.11668,37.8224]],[[-123.10686,37.77273],[-123.10685,37.77287],[-123.10702,37.77287],[-123.10686,37.77273]],[[-123.10729,37.77173],[-123.10761,37.77095],[-123.10698,37.77111],[-123.10683,37.77183],[-123.10719,37.77222],[-123.10761,37.7721],[-123.10729,37.77173]],[[-123.10806,37.77204],[-123.10815,37.77194],[-123.10798,37.77193],[-123.10806,37.77204]],[[-123.10802,37.77069],[-123.10781,37.77084],[-123.10812,37.77092],[-123.10802,37.77069]],[[-123.0997,37.76753],[-123.09916,37.76699],[-123.0988,37.76755],[-123.09916,37.76784],[-123.0997,37.76753]],[[-123.10075,37.76716],[-123.1011,37.76688],[-123.10011,37.76675],[-123.09984,37.76698],[-123.10075,37.76716]],[[-123.09839,37.7665],[-123.09826,37.76657],[-123.09844,37.7666],[-123.09839,37.7665]],[[-123.09456,37.76556],[-123.09432,37.76559],[-123.09437,37.7657],[-123.09456,37.76556]],[[-123.09834,37.7653],[-123.09836,37.76545],[-123.09852,37.76537],[-123.09834,37.7653]],[[-123.09482,37.76456],[-123.09483,37.76463],[-123.09513,37.76462],[-123.09482,37.76456]],[[-123.09892,37.76434],[-123.09909,37.76424],[-123.09787,37.76391],[-123.0984,37.76435],[-123.09892,37.76434]]]}},{"type":"Feature","properties":{"name":"Greyhound Rock State Marine Conservation Area","short":"Greyhound Rock","type":"SMCA","ccr":"Section 632 (b) (68)"},"geometry":{"type":"Polygon","coordinates":[[[-122.26772,37.07834],[-122.26724,37.0789],[-122.26641,37.07888],[-122.26449,37.07818],[-122.26345,37.07692],[-122.26268,37.07496],[-122.26226,37.07516],[-122.26263,37.07399],[-122.26196,37.07328],[-122.26148,37.07338],[-122.26187,37.07272],[-122.26073,37.0731],[-122.26028,37.07266],[-122.25998,37.07128],[-122.25952,37.07165],[-122.25903,37.07114],[-122.25924,37.07069],[-122.25963,37.07079],[-122.25962,37.07045],[-122.25914,37.07043],[-122.25902,37.07004],[-122.25974,37.06987],[-122.25939,37.06971],[-122.25966,37.06923],[-122.25896,37.06893],[-122.25928,37.06913],[-122.25919,37.06968],[-122.25878,37.06963],[-122.25816,37.06846],[-122.25647,37.06761],[-122.25595,37.06552],[-122.25427,37.0635],[-122.2538,37.06227],[-122.25319,37.06185],[-122.25325,37.06081],[-122.25364,37.06042],[-122.25261,37.05958],[-122.25178,37.05944],[-122.25091,37.05821],[-122.24679,37.05674],[-122.24661,37.05586],[-122.24451,37.05384],[-122.2443,37.05327],[-122.24323,37.05253],[-122.24275,37.05144],[-122.23823,37.04816],[-122.2375,37.04687],[-122.23712,37.04674],[-122.23718,37.0463],[-122.23395,37.04393],[-122.23316,37.04284],[-122.31608,37.04284],[-122.32151,37.04916],[-122.32539,37.0545],[-122.33139,37.05491],[-122.33665,37.05565],[-122.34719,37.05832],[-122.35001,37.05867],[-122.35001,37.07834],[-122.26772,37.07834]]]}},{"type":"Feature","properties":{"name":"A\u00f1o Nuevo State Marine Reserve","short":"A\u00f1o Nuevo","type":"SMR","ccr":"Section 632 (b) (67)"},"geometry":{"type":"Polygon","coordinates":[[[-122.26772,37.07834],[-122.35001,37.07834],[-122.35003,37.14392],[-122.35082,37.14413],[-122.35099,37.14469],[-122.35139,37.14417],[-122.35217,37.14421],[-122.35286,37.14542],[-122.35371,37.14566],[-122.35383,37.14629],[-122.35517,37.14616],[-122.35727,37.1483],[-122.35917,37.14856],[-122.36121,37.14809],[-122.36249,37.14935],[-122.36229,37.15068],[-122.36038,37.15126],[-122.36075,37.15239],[-122.36044,37.15294],[-122.36082,37.15392],[-122.36054,37.15504],[-122.36098,37.15675],[-122.3618,37.15757],[-122.36191,37.16059],[-122.36258,37.16228],[-122.36259,37.1634],[-122.36309,37.1641],[-122.36398,37.16442],[-122.36358,37.16508],[-122.36418,37.16668],[-122.36335,37.16667],[-122.3619,37.16346],[-122.36086,37.16059],[-122.3606,37.15886],[-122.36084,37.15839],[-122.35957,37.15457],[-122.35948,37.15114],[-122.3605,37.15004],[-122.3611,37.15022],[-122.36134,37.14997],[-122.36022,37.14953],[-122.35949,37.14993],[-122.35833,37.14928],[-122.35828,37.1495],[-122.3576,37.14942],[-122.35673,37.14897],[-122.35562,37.14914],[-122.35563,37.14863],[-122.35503,37.1485],[-122.35492,37.14812],[-122.35504,37.14787],[-122.3556,37.14806],[-122.35568,37.14803],[-122.3543,37.14694],[-122.35398,37.14739],[-122.35348,37.14682],[-122.35274,37.14669],[-122.35216,37.14716],[-122.35131,37.14662],[-122.35136,37.14602],[-122.35223,37.14593],[-122.35184,37.14535],[-122.35131,37.1458],[-122.35104,37.14535],[-122.35004,37.1452],[-122.34947,37.14569],[-122.34706,37.14594],[-122.34415,37.14441],[-122.34331,37.14304],[-122.34323,37.14111],[-122.34138,37.13921],[-122.33941,37.13794],[-122.3378,37.13594],[-122.33688,37.13339],[-122.33716,37.13284],[-122.3368,37.13262],[-122.33725,37.13248],[-122.33707,37.13219],[-122.33757,37.13235],[-122.33737,37.13184],[-122.33697,37.13202],[-122.33716,37.13178],[-122.33657,37.13179],[-122.3365,37.13005],[-122.33696,37.12548],[-122.33837,37.12137],[-122.33769,37.11817],[-122.33683,37.11728],[-122.3363,37.11771],[-122.33473,37.11801],[-122.33219,37.11729],[-122.3299,37.11525],[-122.32881,37.11292],[-122.32348,37.1152],[-122.32357,37.11559],[-122.32266,37.11608],[-122.31988,37.1161],[-122.31945,37.11636],[-122.31946,37.11679],[-122.31771,37.11741],[-122.31564,37.11724],[-122.31495,37.11676],[-122.31515,37.11724],[-122.31476,37.11713],[-122.31498,37.11755],[-122.31469,37.11785],[-122.31422,37.11758],[-122.31445,37.11819],[-122.31424,37.11829],[-122.31249,37.11817],[-122.30629,37.11637],[-122.30537,37.11549],[-122.30414,37.11503],[-122.29699,37.11078],[-122.29348,37.10747],[-122.28574,37.10257],[-122.28321,37.09938],[-122.27793,37.09477],[-122.27893,37.09621],[-122.27832,37.09641],[-122.27792,37.09618],[-122.27803,37.09548],[-122.27727,37.09471],[-122.27675,37.09291],[-122.2755,37.09128],[-122.27513,37.08849],[-122.27393,37.0873],[-122.26944,37.08457],[-122.26875,37.08336],[-122.26875,37.08247],[-122.26776,37.08132],[-122.26765,37.07957],[-122.26724,37.0789],[-122.26772,37.07834]]]}},{"type":"Feature","properties":{"name":"Edward F. Ricketts State Marine Conservation Area","short":"Edward F. Ricketts","type":"SMCA","ccr":"Section 632 (b) (75)"},"geometry":{"type":"Polygon","coordinates":[[[-121.89635,36.62084],[-121.88966,36.60847],[-121.89285,36.60929],[-121.89531,36.60945],[-121.89638,36.61047],[-121.89658,36.61099],[-121.89635,36.61113],[-121.89669,36.61163],[-121.8976,36.61183],[-121.89759,36.61315],[-121.89724,36.61357],[-121.89799,36.614],[-121.89842,36.61472],[-121.89832,36.61533],[-121.8994,36.61551],[-121.89975,36.616],[-121.89944,36.61659],[-121.90022,36.61694],[-121.90111,36.61785],[-121.90124,36.6184],[-121.90156,36.61834],[-121.89635,36.62084]]]}},{"type":"Feature","properties":{"name":"Lovers Point - Julia Platt State Marine Reserve","short":"Lovers Point - Julia Platt","type":"SMR","ccr":"Section 632 (b) (76)"},"geometry":{"type":"Polygon","coordinates":[[[-121.89751,36.623],[-121.89635,36.62084],[-121.90156,36.61834],[-121.90154,36.61893],[-121.90238,36.61875],[-121.9036,36.61954],[-121.90324,36.61989],[-121.90357,36.62027],[-121.90343,36.62087],[-121.90398,36.62117],[-121.90418,36.62169],[-121.90566,36.62176],[-121.90582,36.62157],[-121.90541,36.62113],[-121.90588,36.62062],[-121.90762,36.62123],[-121.90945,36.62095],[-121.91003,36.62134],[-121.91036,36.62223],[-121.91132,36.62233],[-121.91211,36.62316],[-121.91307,36.62277],[-121.91416,36.62297],[-121.91458,36.62323],[-121.91487,36.62409],[-121.91661,36.62501],[-121.91665,36.62544],[-121.91613,36.62552],[-121.91621,36.62592],[-121.91533,36.62667],[-121.91251,36.62667],[-121.89751,36.623]]]}},{"type":"Feature","properties":{"name":"Pacific Grove Marine Gardens State Marine Conservation Area","short":"Pacific Grove Marine Gardens","type":"SMCA","ccr":"Section 632 (b) (77)"},"geometry":{"type":"Polygon","coordinates":[[[-121.91251,36.62667],[-121.91533,36.62667],[-121.91562,36.62696],[-121.91555,36.6267],[-121.91603,36.62655],[-121.91788,36.62663],[-121.92137,36.6282],[-121.92186,36.62898],[-121.92158,36.62972],[-121.92233,36.63069],[-121.92227,36.63193],[-121.92199,36.63206],[-121.92286,36.63262],[-121.9253,36.63533],[-121.9276,36.63538],[-121.92812,36.63577],[-121.92784,36.63624],[-121.92918,36.63644],[-121.92998,36.63696],[-121.93321,36.63678],[-121.93374,36.63742],[-121.93463,36.63761],[-121.93494,36.63723],[-121.936,36.6371],[-121.93821,36.63857],[-121.94335,36.64834],[-121.92335,36.645],[-121.91251,36.62667]]]}},{"type":"Feature","properties":{"name":"Asilomar State Marine Reserve","short":"Asilomar","type":"SMR","ccr":"Section 632 (b) (78)"},"geometry":{"type":"Polygon","coordinates":[[[-121.93676,36.63615],[-121.93781,36.63602],[-121.93755,36.63546],[-121.93877,36.63412],[-121.9385,36.63357],[-121.93888,36.63308],[-121.93878,36.63256],[-121.93802,36.63182],[-121.93799,36.63082],[-121.93753,36.62994],[-121.93794,36.6297],[-121.93779,36.62897],[-121.93816,36.62713],[-121.93862,36.62672],[-121.93961,36.62704],[-121.9403,36.62648],[-121.93963,36.62588],[-121.93965,36.62521],[-121.94044,36.62483],[-121.94007,36.6244],[-121.9405,36.62361],[-121.94171,36.62337],[-121.94133,36.6224],[-121.94166,36.62221],[-121.94144,36.62178],[-121.9419,36.62147],[-121.94196,36.62064],[-121.94123,36.61923],[-121.94131,36.61837],[-121.94215,36.61698],[-121.94365,36.6154],[-121.94609,36.61411],[-121.94709,36.61118],[-121.94923,36.60919],[-121.95047,36.60868],[-121.95248,36.60847],[-121.95407,36.60882],[-121.95605,36.61004],[-121.95666,36.60986],[-121.95692,36.61012],[-121.95767,36.60951],[-121.95865,36.60924],[-121.94335,36.64834],[-121.93821,36.63857],[-121.936,36.6371],[-121.93676,36.63615]]]}},{"type":"Feature","properties":{"name":"Carmel Bay State Marine Conservation Area","short":"Carmel Bay","type":"SMCA","ccr":"Section 632 (b) (80)"},"geometry":{"type":"Polygon","coordinates":[[[-121.94747,36.56708],[-121.94605,36.56633],[-121.94531,36.56545],[-121.94451,36.56565],[-121.94421,36.56628],[-121.94305,36.56658],[-121.94078,36.56583],[-121.93926,36.56433],[-121.93937,36.56307],[-121.9401,36.56296],[-121.94015,36.56246],[-121.94083,36.56218],[-121.94058,36.56204],[-121.9406,36.56114],[-121.93898,36.56143],[-121.93891,36.56197],[-121.93861,36.56177],[-121.93778,36.56211],[-121.93792,36.5627],[-121.93715,36.56286],[-121.93525,36.56206],[-121.93518,36.56142],[-121.93412,36.56111],[-121.93346,36.56028],[-121.93292,36.56027],[-121.93245,36.55971],[-121.92984,36.55321],[-121.92902,36.54965],[-121.92912,36.54687],[-121.92954,36.54582],[-121.93096,36.54478],[-121.93151,36.54496],[-121.93285,36.54431],[-121.93365,36.54452],[-121.93325,36.54429],[-121.93379,36.54349],[-121.93316,36.5431],[-121.93308,36.54181],[-121.93274,36.54151],[-121.93318,36.54113],[-121.93256,36.54014],[-121.93299,36.54007],[-121.93226,36.53955],[-121.9326,36.53946],[-121.9319,36.53933],[-121.9309,36.53982],[-121.92986,36.53951],[-121.9278,36.53746],[-121.9279,36.534],[-121.92686,36.5329],[-121.92661,36.53163],[-121.92541,36.5306],[-121.92538,36.52917],[-121.92585,36.52834],[-121.93835,36.52834],[-121.95196,36.56106],[-121.95162,36.56144],[-121.95172,36.5622],[-121.95142,36.56284],[-121.95179,36.56405],[-121.9514,36.56438],[-121.95103,36.56428],[-121.9517,36.56514],[-121.95095,36.56555],[-121.95124,36.56586],[-121.95078,36.56582],[-121.95129,36.56619],[-121.95128,36.56669],[-121.94981,36.56744],[-121.94747,36.56708]]]}},{"type":"Feature","properties":{"name":"Point Lobos State Marine Reserve","short":"Point Lobos","type":"SMR","ccr":"Section 632 (b) (81)"},"geometry":{"type":"Polygon","coordinates":[[[-121.92568,36.52803],[-121.92523,36.52724],[-121.92545,36.52705],[-121.92485,36.5265],[-121.92511,36.52508],[-121.92751,36.52264],[-121.92911,36.52229],[-121.92994,36.52281],[-121.92994,36.52331],[-121.93035,36.5235],[-121.93105,36.52311],[-121.93191,36.52336],[-121.93268,36.523],[-121.93362,36.52338],[-121.93322,36.52284],[-121.93441,36.52208],[-121.93515,36.52226],[-121.93542,36.52275],[-121.93594,36.52271],[-121.9363,36.52326],[-121.93721,36.52314],[-121.93743,36.52302],[-121.9369,36.52257],[-121.9376,36.52248],[-121.9369,36.52204],[-121.9373,36.52193],[-121.9363,36.52189],[-121.93617,36.52135],[-121.93671,36.52079],[-121.93723,36.52129],[-121.93765,36.52125],[-121.93766,36.5209],[-121.9366,36.51992],[-121.93721,36.51916],[-121.9384,36.51872],[-121.94009,36.51901],[-121.94086,36.51945],[-121.94102,36.51983],[-121.94016,36.5208],[-121.9405,36.52115],[-121.94093,36.52102],[-121.94085,36.52117],[-121.94213,36.52155],[-121.94185,36.52121],[-121.94202,36.52055],[-121.9428,36.52041],[-121.9429,36.52074],[-121.94302,36.52046],[-121.94329,36.52031],[-121.94376,36.52068],[-121.94459,36.52062],[-121.94491,36.52081],[-121.9447,36.52204],[-121.94528,36.52231],[-121.94535,36.52184],[-121.94773,36.5238],[-121.94814,36.52376],[-121.94843,36.52288],[-121.94783,36.52223],[-121.94832,36.52173],[-121.94864,36.52244],[-121.94938,36.52239],[-121.94917,36.5212],[-121.9494,36.521],[-121.94991,36.52111],[-121.95155,36.52281],[-121.95241,36.52308],[-121.9531,36.52397],[-121.9528,36.52348],[-121.95325,36.52346],[-121.95262,36.5232],[-121.95239,36.5227],[-121.95316,36.52326],[-121.95315,36.5228],[-121.95362,36.52348],[-121.95383,36.52349],[-121.95352,36.5228],[-121.95266,36.52224],[-121.95327,36.52246],[-121.95313,36.52224],[-121.95343,36.52202],[-121.95346,36.52237],[-121.95366,36.52246],[-121.95366,36.52218],[-121.95371,36.52236],[-121.95412,36.5226],[-121.95382,36.52237],[-121.95385,36.52217],[-121.95446,36.5224],[-121.9539,36.52207],[-121.95418,36.52191],[-121.95394,36.52165],[-121.95276,36.521],[-121.95388,36.5213],[-121.95313,36.5208],[-121.95148,36.52059],[-121.95143,36.51987],[-121.95108,36.51982],[-121.9508,36.51925],[-121.95142,36.51868],[-121.95209,36.51859],[-121.95278,36.51878],[-121.95335,36.5195],[-121.95339,36.51885],[-121.9538,36.51904],[-121.95399,36.5187],[-121.95379,36.51811],[-121.95321,36.5178],[-121.95312,36.51847],[-121.95212,36.51825],[-121.95184,36.51769],[-121.95224,36.51705],[-121.95147,36.51678],[-121.95077,36.51675],[-121.95044,36.51734],[-121.95034,36.51707],[-121.94942,36.5171],[-121.94985,36.51668],[-121.94922,36.51618],[-121.94931,36.51557],[-121.94904,36.51562],[-121.94919,36.51602],[-121.94886,36.51602],[-121.94785,36.51505],[-121.94787,36.51456],[-121.94783,36.51488],[-121.94756,36.51482],[-121.94759,36.51444],[-121.94651,36.51373],[-121.94546,36.51384],[-121.94547,36.51338],[-121.94508,36.51323],[-121.94398,36.5134],[-121.94336,36.51294],[-121.94345,36.51234],[-121.94302,36.51232],[-121.94303,36.51192],[-121.94203,36.51196],[-121.94186,36.51169],[-121.94228,36.51162],[-121.94164,36.51144],[-121.94241,36.51147],[-121.94241,36.51138],[-121.94147,36.51133],[-121.94172,36.51114],[-121.94144,36.51076],[-121.94187,36.51079],[-121.94133,36.5104],[-121.94191,36.51005],[-121.94176,36.50974],[-121.94238,36.50982],[-121.94157,36.50919],[-121.94218,36.50905],[-121.9416,36.50846],[-121.94108,36.50863],[-121.94086,36.50852],[-121.94102,36.50826],[-121.94006,36.50784],[-121.94155,36.50797],[-121.941,36.50772],[-121.94108,36.50738],[-121.94197,36.50798],[-121.94212,36.50752],[-121.94119,36.50715],[-121.94117,36.50685],[-121.94078,36.50727],[-121.93999,36.50693],[-121.93967,36.50729],[-121.93907,36.50708],[-121.93842,36.50617],[-121.93906,36.50565],[-121.93847,36.50579],[-121.93846,36.50518],[-121.93776,36.5048],[-121.93891,36.50416],[-121.93888,36.50355],[-121.93919,36.50368],[-121.93874,36.50341],[-121.93873,36.50263],[-121.9381,36.50261],[-121.93863,36.50169],[-121.93837,36.50086],[-121.93897,36.50132],[-121.93963,36.50123],[-121.93963,36.50169],[-121.93972,36.50172],[-121.94014,36.50048],[-121.94004,36.5001],[-121.93957,36.50015],[-121.93935,36.49968],[-121.93903,36.50004],[-121.93866,36.4991],[-121.93776,36.49902],[-121.93766,36.49958],[-121.93736,36.49908],[-121.93636,36.49894],[-121.93653,36.49805],[-121.93767,36.49735],[-121.93902,36.49728],[-121.93867,36.49709],[-121.93903,36.49636],[-121.93967,36.49638],[-121.93994,36.49622],[-121.93961,36.49611],[-121.93978,36.49572],[-121.93944,36.49558],[-121.93968,36.49547],[-121.93952,36.49506],[-121.94007,36.4948],[-121.9407,36.49515],[-121.94084,36.49465],[-121.94059,36.49445],[-121.94171,36.49409],[-121.94148,36.49367],[-121.94197,36.49325],[-121.94212,36.4926],[-121.94258,36.49313],[-121.94333,36.49245],[-121.94343,36.49283],[-121.94378,36.4927],[-121.94448,36.49322],[-121.94429,36.49302],[-121.94464,36.49293],[-121.94469,36.49228],[-121.94491,36.49259],[-121.94512,36.49219],[-121.94455,36.49182],[-121.94457,36.49148],[-121.94508,36.49137],[-121.94519,36.4908],[-121.9455,36.49091],[-121.94591,36.49054],[-121.94531,36.49069],[-121.94501,36.49045],[-121.94435,36.49106],[-121.94403,36.49101],[-121.94491,36.48986],[-121.94437,36.48957],[-121.94487,36.48948],[-121.94477,36.48916],[-121.94406,36.4895],[-121.94435,36.48898],[-121.94415,36.48896],[-121.94453,36.48883],[-121.94424,36.48814],[-121.94381,36.48838],[-121.94376,36.48992],[-121.94328,36.49013],[-121.94224,36.4899],[-121.9414,36.4891],[-121.94143,36.4886],[-121.94107,36.4886],[-121.94086,36.48805],[-121.94117,36.48747],[-121.94091,36.48738],[-121.94112,36.48689],[-121.94082,36.48671],[-121.94071,36.48598],[-121.94103,36.48586],[-121.94084,36.48547],[-121.94119,36.48544],[-121.94058,36.4848],[-121.9408,36.48433],[-121.94029,36.48291],[-121.94,36.48287],[-121.94003,36.48224],[-121.93983,36.48199],[-121.93967,36.48231],[-121.9394,36.48202],[-121.93911,36.48219],[-121.93918,36.48182],[-121.93886,36.4819],[-121.9381,36.48134],[-121.97085,36.48134],[-121.97085,36.52834],[-121.92585,36.52834],[-121.92596,36.52807],[-121.92568,36.52803]]]}},{"type":"Feature","properties":{"name":"Point Sur State Marine Reserve","short":"Point Sur","type":"SMR","ccr":"Section 632 (b) (83)"},"geometry":{"type":"Polygon","coordinates":[[[-121.90251,36.30667],[-121.90259,36.30617],[-121.90159,36.30555],[-121.90172,36.3053],[-121.90083,36.30515],[-121.90092,36.30487],[-121.9,36.3044],[-121.9,36.30365],[-121.8995,36.30323],[-121.89839,36.30346],[-121.89769,36.3041],[-121.89742,36.3052],[-121.89675,36.30535],[-121.89587,36.30521],[-121.89351,36.30392],[-121.89258,36.30404],[-121.88926,36.30349],[-121.88751,36.30251],[-121.88555,36.30197],[-121.88444,36.30005],[-121.88333,36.29953],[-121.88222,36.29817],[-121.88189,36.29726],[-121.88255,36.29712],[-121.88209,36.29658],[-121.88212,36.29619],[-121.88247,36.29624],[-121.88183,36.29537],[-121.88152,36.29511],[-121.88134,36.29513],[-121.88184,36.29556],[-121.88168,36.29574],[-121.8802,36.29391],[-121.87873,36.29339],[-121.87802,36.29355],[-121.8764,36.29227],[-121.87618,36.29181],[-121.87649,36.29174],[-121.8763,36.29142],[-121.87654,36.2906],[-121.87576,36.29043],[-121.87423,36.28899],[-121.87181,36.28871],[-121.86623,36.28547],[-121.86527,36.28471],[-121.86552,36.2846],[-121.86518,36.28442],[-121.86518,36.28393],[-121.86451,36.28382],[-121.86374,36.28291],[-121.86289,36.28137],[-121.86291,36.28073],[-121.8615,36.28077],[-121.85973,36.28],[-121.85953,36.28032],[-121.86035,36.28046],[-121.85997,36.28152],[-121.85952,36.2816],[-121.85544,36.28038],[-121.85134,36.2774],[-121.85018,36.27582],[-121.84835,36.27434],[-121.8476,36.27298],[-121.84559,36.27097],[-121.84512,36.2702],[-121.84547,36.27002],[-121.84487,36.26987],[-121.84514,36.26978],[-121.84405,36.26864],[-121.84393,36.2679],[-121.84287,36.26721],[-121.84247,36.26652],[-121.84267,36.26637],[-121.84233,36.26624],[-121.84231,36.26491],[-121.8414,36.26413],[-121.84037,36.26183],[-121.83872,36.25996],[-121.83893,36.25941],[-121.83779,36.25804],[-121.83605,36.25402],[-121.8358,36.25041],[-121.83633,36.2499],[-121.83707,36.24976],[-121.83751,36.25],[-121.87501,36.25],[-121.93335,36.30667],[-121.90251,36.30667]]]}},{"type":"Feature","properties":{"name":"Big Creek State Marine Conservation Area","short":"Big Creek","type":"SMCA","ccr":"Section 632 (b) (86)"},"geometry":{"type":"Polygon","coordinates":[[[-121.63335,36.08667],[-121.68705,36.08667],[-121.69613,36.09421],[-121.70132,36.09968],[-121.70566,36.10586],[-121.70916,36.11321],[-121.7145,36.12],[-121.65001,36.12],[-121.63335,36.08667]]]}},{"type":"Feature","properties":{"name":"Big Creek State Marine Reserve","short":"Big Creek","type":"SMR","ccr":"Section 632 (b) (85)"},"geometry":{"type":"Polygon","coordinates":[[[-121.63021,36.11237],[-121.63041,36.11112],[-121.63004,36.11049],[-121.62784,36.10919],[-121.626,36.10757],[-121.62595,36.10691],[-121.62637,36.10658],[-121.62626,36.10553],[-121.62441,36.10361],[-121.62309,36.10297],[-121.62301,36.10149],[-121.62239,36.10086],[-121.62266,36.10061],[-121.62243,36.1002],[-121.62209,36.1002],[-121.62158,36.09938],[-121.62144,36.09899],[-121.62177,36.09846],[-121.62111,36.09784],[-121.62158,36.09743],[-121.62122,36.0953],[-121.62091,36.09506],[-121.62067,36.09401],[-121.61941,36.09294],[-121.61933,36.09215],[-121.61969,36.09177],[-121.61832,36.08974],[-121.61871,36.08922],[-121.61851,36.08805],[-121.619,36.08655],[-121.6183,36.08627],[-121.61845,36.08594],[-121.6175,36.08524],[-121.61638,36.08502],[-121.61428,36.0834],[-121.61407,36.08253],[-121.61485,36.08209],[-121.61362,36.08206],[-121.61364,36.08116],[-121.61403,36.08122],[-121.61341,36.08065],[-121.61345,36.08019],[-121.61257,36.08016],[-121.61269,36.07944],[-121.61177,36.07942],[-121.61149,36.07909],[-121.61175,36.0785],[-121.61014,36.07768],[-121.60991,36.0771],[-121.60929,36.07724],[-121.6083,36.0767],[-121.60828,36.07597],[-121.60704,36.07526],[-121.60763,36.07431],[-121.60672,36.07209],[-121.60332,36.07082],[-121.60195,36.06998],[-121.60189,36.0696],[-121.5992,36.06948],[-121.59744,36.06824],[-121.59688,36.06748],[-121.59275,36.06524],[-121.59209,36.06283],[-121.59235,36.06154],[-121.59188,36.06045],[-121.59195,36.05889],[-121.59282,36.05802],[-121.59211,36.05652],[-121.59236,36.05612],[-121.59088,36.05566],[-121.59055,36.0548],[-121.58917,36.05409],[-121.58888,36.05312],[-121.58929,36.05188],[-121.58957,36.05178],[-121.58962,36.05095],[-121.59009,36.05085],[-121.59008,36.0503],[-121.59088,36.04972],[-121.5918,36.05011],[-121.59102,36.04944],[-121.59142,36.04933],[-121.59123,36.04904],[-121.5901,36.04851],[-121.58994,36.0479],[-121.58876,36.04758],[-121.58793,36.04655],[-121.58648,36.04565],[-121.58564,36.04417],[-121.66092,36.04418],[-121.66447,36.04886],[-121.66744,36.05399],[-121.67436,36.064],[-121.68099,36.07492],[-121.68313,36.07941],[-121.68508,36.08533],[-121.68705,36.08667],[-121.63335,36.08667],[-121.65001,36.12],[-121.63281,36.12],[-121.63275,36.11846],[-121.63175,36.11708],[-121.63255,36.11486],[-121.63155,36.11345],[-121.63021,36.11237]]]}},{"type":"Feature","properties":{"name":"Piedras Blancas State Marine Reserve","short":"Piedras Blancas","type":"SMR","ccr":"Section 632 (b) (87)"},"geometry":{"type":"Polygon","coordinates":[[[-121.31494,35.71368],[-121.31273,35.71227],[-121.31166,35.71014],[-121.30978,35.7105],[-121.30788,35.71005],[-121.30926,35.70981],[-121.30961,35.70926],[-121.30745,35.70734],[-121.3076,35.7059],[-121.30684,35.70529],[-121.30688,35.7044],[-121.30505,35.7035],[-121.30451,35.70267],[-121.30175,35.7004],[-121.29909,35.69919],[-121.29751,35.69789],[-121.29619,35.69766],[-121.29482,35.69681],[-121.29408,35.69601],[-121.29403,35.69523],[-121.29229,35.69405],[-121.29178,35.69314],[-121.2898,35.69128],[-121.28892,35.68926],[-121.28955,35.68595],[-121.28779,35.68506],[-121.28714,35.68373],[-121.28759,35.68182],[-121.28685,35.68084],[-121.28699,35.68001],[-121.28648,35.67839],[-121.28686,35.67707],[-121.28736,35.67653],[-121.28691,35.67654],[-121.28691,35.67639],[-121.28758,35.67617],[-121.28526,35.67505],[-121.28467,35.67292],[-121.28458,35.67179],[-121.28518,35.67128],[-121.28483,35.67075],[-121.28531,35.67038],[-121.28481,35.67035],[-121.28504,35.66978],[-121.2847,35.66927],[-121.28498,35.66697],[-121.28548,35.66591],[-121.28619,35.66549],[-121.28641,35.66573],[-121.28685,35.66512],[-121.28662,35.66525],[-121.28671,35.66504],[-121.28415,35.66401],[-121.28294,35.66493],[-121.28311,35.6651],[-121.2828,35.66562],[-121.28229,35.66576],[-121.28288,35.66638],[-121.28221,35.66651],[-121.28155,35.66717],[-121.27967,35.66732],[-121.27766,35.66709],[-121.27641,35.66658],[-121.27576,35.66594],[-121.27596,35.66573],[-121.27555,35.66557],[-121.27404,35.66574],[-121.27219,35.66685],[-121.27062,35.66667],[-121.26936,35.66545],[-121.26936,35.66495],[-121.26765,35.66426],[-121.26754,35.66368],[-121.26669,35.66442],[-121.26614,35.66443],[-121.26565,35.66345],[-121.26582,35.66317],[-121.26468,35.66297],[-121.26434,35.66292],[-121.26262,35.66423],[-121.2606,35.66435],[-121.25938,35.66388],[-121.25834,35.66286],[-121.25547,35.66176],[-121.2542,35.6604],[-121.2538,35.659],[-121.25222,35.6589],[-121.2517,35.65728],[-121.25087,35.6574],[-121.25046,35.65714],[-121.25056,35.65637],[-121.24999,35.65566],[-121.24884,35.65578],[-121.24841,35.65529],[-121.24595,35.65557],[-121.24514,35.65469],[-121.24335,35.65375],[-121.242,35.6525],[-121.30836,35.65251],[-121.35001,35.71417],[-121.31585,35.71417],[-121.31646,35.71386],[-121.31642,35.71355],[-121.31494,35.71368]]]}},{"type":"Feature","properties":{"name":"Cambria State Marine Conservation Area","short":"Cambria","type":"SMCA","ccr":"Section 632 (b) (89)"},"geometry":{"type":"Polygon","coordinates":[[[-121.15376,35.61834],[-121.15443,35.6183],[-121.15436,35.61793],[-121.15111,35.61788],[-121.15091,35.61717],[-121.15116,35.61673],[-121.15186,35.61681],[-121.15189,35.61587],[-121.15163,35.61556],[-121.15088,35.61605],[-121.14913,35.61585],[-121.1482,35.61496],[-121.14608,35.61184],[-121.14579,35.61051],[-121.145,35.6097],[-121.14425,35.60755],[-121.1438,35.60741],[-121.14312,35.60627],[-121.14303,35.60503],[-121.14205,35.60424],[-121.14152,35.60439],[-121.14003,35.60405],[-121.13851,35.60237],[-121.13715,35.60155],[-121.13289,35.60064],[-121.13146,35.5989],[-121.12847,35.59696],[-121.12709,35.5954],[-121.12463,35.59133],[-121.12401,35.58909],[-121.12312,35.5878],[-121.12256,35.58574],[-121.12265,35.58459],[-121.1218,35.58351],[-121.12146,35.58262],[-121.12161,35.58217],[-121.12116,35.5815],[-121.12029,35.58117],[-121.11992,35.58146],[-121.11894,35.58133],[-121.1178,35.57955],[-121.11792,35.57838],[-121.11745,35.57816],[-121.11689,35.57838],[-121.11623,35.57741],[-121.11416,35.57618],[-121.11311,35.57354],[-121.11317,35.5726],[-121.11094,35.56892],[-121.10959,35.56882],[-121.10893,35.56822],[-121.10899,35.56746],[-121.10982,35.56839],[-121.11053,35.5685],[-121.11056,35.56814],[-121.10959,35.56709],[-121.10854,35.56498],[-121.10901,35.56385],[-121.10806,35.56326],[-121.10815,35.56295],[-121.1074,35.56223],[-121.10764,35.5616],[-121.10681,35.56062],[-121.106,35.56028],[-121.10521,35.55894],[-121.10384,35.55826],[-121.10373,35.55745],[-121.10312,35.55671],[-121.10363,35.55537],[-121.10463,35.55528],[-121.10472,35.55492],[-121.10358,35.55376],[-121.10381,35.55214],[-121.10254,35.55127],[-121.10282,35.55107],[-121.10259,35.55066],[-121.10151,35.55003],[-121.10135,35.54896],[-121.1003,35.54842],[-121.09867,35.54855],[-121.0976,35.5475],[-121.11168,35.5475],[-121.17835,35.61834],[-121.15376,35.61834]]]}},{"type":"Feature","properties":{"name":"White Rock State Marine Conservation Area","short":"White Rock","type":"SMCA","ccr":"Section 632 (b) (90)"},"geometry":{"type":"Polygon","coordinates":[[[-121.09545,35.54443],[-121.09433,35.54313],[-121.09432,35.54199],[-121.09309,35.54148],[-121.09271,35.54095],[-121.09292,35.54034],[-121.09165,35.53995],[-121.09137,35.53954],[-121.09159,35.53921],[-121.08741,35.53724],[-121.0869,35.53516],[-121.08712,35.53509],[-121.08623,35.53397],[-121.08392,35.53347],[-121.08294,35.53267],[-121.08307,35.5324],[-121.08224,35.53152],[-121.08066,35.5312],[-121.08081,35.53084],[-121.08004,35.52957],[-121.07853,35.52898],[-121.07832,35.52829],[-121.07742,35.52784],[-121.07631,35.52645],[-121.07521,35.52595],[-121.07494,35.52533],[-121.07511,35.52466],[-121.07442,35.5239],[-121.07298,35.52283],[-121.07269,35.52222],[-121.06999,35.52064],[-121.06971,35.52026],[-121.06998,35.51939],[-121.06907,35.51834],[-121.06851,35.51812],[-121.06837,35.51843],[-121.06834,35.51794],[-121.06792,35.51804],[-121.0673,35.51766],[-121.06672,35.51672],[-121.06631,35.51662],[-121.06643,35.5163],[-121.06504,35.51544],[-121.06504,35.51507],[-121.06309,35.5143],[-121.06285,35.51312],[-121.06184,35.51206],[-121.06175,35.51132],[-121.06038,35.51062],[-121.06036,35.51007],[-121.0584,35.50937],[-121.05749,35.5084],[-121.05706,35.50834],[-121.08335,35.50834],[-121.11168,35.5475],[-121.0976,35.5475],[-121.09766,35.54572],[-121.09545,35.54443]]]}},{"type":"Feature","properties":{"name":"Point Buchon State Marine Conservation Area","short":"Point Buchon","type":"SMCA","ccr":"Section 632 (b) (94)"},"geometry":{"type":"Polygon","coordinates":[[[-120.93305,35.25383],[-120.87336,35.18334],[-120.91916,35.18334],[-120.92505,35.18886],[-120.93032,35.19311],[-120.9351,35.19805],[-120.93976,35.20453],[-120.9439,35.213],[-120.95072,35.22101],[-120.95761,35.23141],[-120.9599,35.23539],[-120.96184,35.23973],[-120.96331,35.24429],[-120.96421,35.24865],[-120.96465,35.25418],[-120.93335,35.25417],[-120.93305,35.25383]]]}},{"type":"Feature","properties":{"name":"Point Buchon State Marine Reserve","short":"Point Buchon","type":"SMR","ccr":"Section 632 (b) (93)"},"geometry":{"type":"Polygon","coordinates":[[[-120.89621,35.2525],[-120.8965,35.25173],[-120.89705,35.25147],[-120.89695,35.25109],[-120.89624,35.25117],[-120.89563,35.25063],[-120.89497,35.24847],[-120.89555,35.2477],[-120.89605,35.24794],[-120.89672,35.24739],[-120.89738,35.24768],[-120.89766,35.2471],[-120.89748,35.24671],[-120.89707,35.24697],[-120.89694,35.24655],[-120.8967,35.24697],[-120.89647,35.24654],[-120.8962,35.24683],[-120.89573,35.24674],[-120.89547,35.2465],[-120.89578,35.24618],[-120.89557,35.2455],[-120.89441,35.24558],[-120.89422,35.24463],[-120.89365,35.24462],[-120.89252,35.24361],[-120.89227,35.24228],[-120.89182,35.2425],[-120.89131,35.24223],[-120.89028,35.24117],[-120.88979,35.24036],[-120.88995,35.24013],[-120.88931,35.24022],[-120.88866,35.2396],[-120.88844,35.239],[-120.88864,35.23859],[-120.88781,35.23833],[-120.8875,35.23864],[-120.88711,35.23831],[-120.88713,35.238],[-120.88757,35.2379],[-120.88721,35.23787],[-120.88645,35.23583],[-120.8859,35.23577],[-120.88595,35.23545],[-120.88494,35.23472],[-120.88452,35.23485],[-120.88379,35.23419],[-120.8817,35.23362],[-120.88153,35.23281],[-120.88186,35.23273],[-120.88098,35.23185],[-120.88014,35.23206],[-120.87748,35.2309],[-120.87715,35.22985],[-120.87616,35.22892],[-120.87636,35.22855],[-120.87553,35.22868],[-120.87486,35.22835],[-120.87437,35.2276],[-120.87468,35.22739],[-120.87387,35.22715],[-120.87253,35.22489],[-120.87252,35.22394],[-120.87316,35.22377],[-120.87349,35.22321],[-120.87301,35.22278],[-120.87335,35.22247],[-120.87336,35.22168],[-120.87336,35.18334],[-120.93335,35.25417],[-120.89697,35.25417],[-120.89621,35.2525]]]}},{"type":"Feature","properties":{"name":"Point Conception State Marine Reserve","short":"Point Conception","type":"SMR","ccr":"Section 632 (b) (96)"},"geometry":{"type":"Polygon","coordinates":[[[-120.41668,34.39937],[-120.42023,34.39917],[-120.42828,34.39574],[-120.43625,34.39346],[-120.44318,34.39222],[-120.45053,34.39164],[-120.4579,34.3918],[-120.4652,34.3927],[-120.47538,34.39492],[-120.48271,34.39734],[-120.49143,34.39911],[-120.49733,34.40098],[-120.50205,34.40293],[-120.50655,34.40522],[-120.51079,34.40781],[-120.51549,34.41132],[-120.52038,34.4159],[-120.52401,34.42019],[-120.52708,34.42477],[-120.52919,34.42878],[-120.5336,34.43906],[-120.53503,34.44417],[-120.53587,34.45],[-120.47138,34.45],[-120.4717,34.44916],[-120.4721,34.44907],[-120.47196,34.44841],[-120.47156,34.44861],[-120.47065,34.4483],[-120.46998,34.44888],[-120.46929,34.44893],[-120.46912,34.44946],[-120.46873,34.44956],[-120.4685,34.44917],[-120.46885,34.44902],[-120.46809,34.44856],[-120.46734,34.44854],[-120.4665,34.44928],[-120.46499,34.44914],[-120.46395,34.44832],[-120.46278,34.44863],[-120.46159,34.4476],[-120.4608,34.44787],[-120.46008,34.44767],[-120.45872,34.44683],[-120.45839,34.44621],[-120.45898,34.44498],[-120.4587,34.44456],[-120.45709,34.44498],[-120.45636,34.44408],[-120.45667,34.44387],[-120.45648,34.44333],[-120.45408,34.44315],[-120.45278,34.44227],[-120.452,34.44291],[-120.45259,34.44378],[-120.45272,34.44508],[-120.45231,34.44638],[-120.44989,34.44803],[-120.4459,34.4493],[-120.44519,34.45086],[-120.44364,34.4515],[-120.43622,34.45173],[-120.42621,34.45001],[-120.42317,34.44977],[-120.42184,34.44994],[-120.42002,34.45065],[-120.41854,34.45277],[-120.41771,34.45318],[-120.41668,34.45333],[-120.41668,34.39937]]]}},{"type":"Feature","properties":{"name":"Naples State Marine Conservation Area","short":"Naples","type":"SMCA","ccr":"Section 632 (b) (98)"},"geometry":{"type":"Polygon","coordinates":[[[-119.96411,34.44068],[-119.96077,34.43803],[-119.95955,34.43764],[-119.95705,34.43605],[-119.95486,34.43537],[-119.95024,34.43466],[-119.9479,34.43526],[-119.94072,34.43559],[-119.93768,34.43605],[-119.93335,34.43567],[-119.93335,34.41667],[-119.96668,34.41667],[-119.96668,34.44195],[-119.96411,34.44068]]]}},{"type":"Feature","properties":{"name":"Campus Point State Marine Conservation Area","short":"Campus Point","type":"SMCA (No-Take)","ccr":"Section 632 (b) (99)"},"geometry":{"type":"Polygon","coordinates":[[[-119.89335,34.42012],[-119.89064,34.41935],[-119.88818,34.41743],[-119.88392,34.41292],[-119.88083,34.40901],[-119.87839,34.40705],[-119.87771,34.40722],[-119.87543,34.40889],[-119.8733,34.40931],[-119.86704,34.40913],[-119.86283,34.40949],[-119.8587,34.40927],[-119.85445,34.40853],[-119.84423,34.40485],[-119.84418,34.35354],[-119.84985,34.35373],[-119.85507,34.3543],[-119.86101,34.35542],[-119.86648,34.35687],[-119.87349,34.35622],[-119.88058,34.35622],[-119.88791,34.35691],[-119.89335,34.358],[-119.89335,34.42012]]]}},{"type":"Feature","properties":{"name":"Judith Rock State Marine Reserve","short":"Judith Rock","type":"SMR","ccr":"Section 632 (b) (104)"},"geometry":{"type":"Polygon","coordinates":[[[-120.42664,33.97518],[-120.43603,33.97574],[-120.44335,33.97522],[-120.44335,34.03031],[-120.44256,34.03077],[-120.44048,34.03138],[-120.43918,34.03126],[-120.43776,34.03039],[-120.4381,34.02974],[-120.43777,34.02945],[-120.43729,34.02935],[-120.43719,34.02982],[-120.43647,34.03014],[-120.43584,34.02994],[-120.43582,34.02939],[-120.43526,34.02973],[-120.43464,34.02962],[-120.43409,34.02904],[-120.43423,34.02868],[-120.43221,34.02816],[-120.43124,34.0271],[-120.42989,34.02726],[-120.42898,34.02685],[-120.42834,34.02595],[-120.42722,34.02564],[-120.42635,34.02585],[-120.42576,34.02677],[-120.42401,34.02722],[-120.4229,34.02694],[-120.42216,34.02627],[-120.42257,34.02759],[-120.42168,34.02816],[-120.42168,33.97532],[-120.42664,33.97518]]]}},{"type":"Feature","properties":{"name":"Point Dume State Marine Conservation Area","short":"Point Dume","type":"SMCA","ccr":"Section 632 (b) (117)"},"geometry":{"type":"Polygon","coordinates":[[[-118.88335,34.03844],[-118.88291,34.03816],[-118.88184,34.03843],[-118.88011,34.03832],[-118.87933,34.03799],[-118.87713,34.0383],[-118.87447,34.03805],[-118.87045,34.03685],[-118.8688,34.03671],[-118.86368,34.0354],[-118.86236,34.03498],[-118.86175,34.03445],[-118.86129,34.03524],[-118.85914,34.0356],[-118.85485,34.03482],[-118.85103,34.03352],[-118.8452,34.03074],[-118.83981,34.02748],[-118.82001,34.013],[-118.82001,33.94933],[-118.82604,33.95068],[-118.83287,33.95292],[-118.83985,33.95606],[-118.84583,33.95961],[-118.85051,33.96311],[-118.85472,33.96701],[-118.85784,33.97052],[-118.86098,33.97485],[-118.86452,33.97862],[-118.87298,33.98532],[-118.87444,33.98564],[-118.88335,33.98568],[-118.88335,34.03844]]]}},{"type":"Feature","properties":{"name":"Point Dume State Marine Reserve","short":"Point Dume","type":"SMR","ccr":"Section 632 (b) (118)"},"geometry":{"type":"Polygon","coordinates":[[[-118.78768,34.01964],[-118.78768,33.95102],[-118.79497,33.94932],[-118.80327,33.94836],[-118.81166,33.94836],[-118.82001,33.94933],[-118.82001,34.013],[-118.81629,34.00974],[-118.80865,34.00139],[-118.80746,34.00091],[-118.80731,34.00048],[-118.80562,34.0004],[-118.80521,34.00059],[-118.80496,34.00134],[-118.80513,34.00257],[-118.8043,34.00405],[-118.80333,34.00502],[-118.79989,34.00645],[-118.79539,34.00704],[-118.79431,34.00772],[-118.79397,34.00871],[-118.79408,34.01076],[-118.79268,34.01208],[-118.79221,34.01343],[-118.79104,34.01482],[-118.79061,34.01613],[-118.78768,34.01964]]]}},{"type":"Feature","properties":{"name":"Abalone Cove State Marine Conservation Area","short":"Abalone Cove","type":"SMCA","ccr":"Section 632 (b) (120)"},"geometry":{"type":"Polygon","coordinates":[[[-118.39502,33.73824],[-118.3937,33.73869],[-118.39319,33.73869],[-118.39308,33.73833],[-118.3929,33.73905],[-118.39232,33.73949],[-118.38932,33.73963],[-118.38491,33.74206],[-118.38177,33.74236],[-118.38025,33.74206],[-118.37652,33.74042],[-118.37498,33.7391],[-118.37492,33.73833],[-118.37533,33.73784],[-118.37501,33.73734],[-118.37501,33.68086],[-118.38158,33.68364],[-118.38723,33.68668],[-118.39668,33.68592],[-118.39668,33.73664],[-118.39502,33.73824]]]}},{"type":"Feature","properties":{"name":"Point Vicente State Marine Conservation Area","short":"Point Vicente","type":"SMCA (No-Take)","ccr":"Section 632 (b) (119)"},"geometry":{"type":"Polygon","coordinates":[[[-118.39668,33.73664],[-118.39668,33.68592],[-118.40256,33.68602],[-118.40964,33.68667],[-118.41579,33.68767],[-118.42355,33.68976],[-118.4301,33.69101],[-118.43795,33.6934],[-118.44709,33.69763],[-118.4513,33.70023],[-118.45603,33.70378],[-118.46214,33.70976],[-118.46714,33.71656],[-118.46931,33.72053],[-118.47106,33.72465],[-118.47389,33.7354],[-118.47826,33.74049],[-118.4822,33.74667],[-118.41346,33.74667],[-118.41212,33.74431],[-118.41095,33.74326],[-118.41147,33.74117],[-118.40981,33.74103],[-118.40606,33.74155],[-118.40471,33.74132],[-118.40286,33.74053],[-118.40254,33.74005],[-118.40262,33.73888],[-118.40118,33.73873],[-118.40018,33.73721],[-118.39932,33.73649],[-118.39809,33.7362],[-118.39668,33.73664]]]}},{"type":"Feature","properties":{"name":"Bolsa Bay State Marine Conservation Area","short":"Bolsa Bay","type":"SMCA","ccr":"Section 632 (b) (121)"},"geometry":{"type":"Polygon","coordinates":[[[-118.05347,33.70268],[-118.05406,33.70307],[-118.06064,33.70909],[-118.06162,33.7104],[-118.06022,33.71091],[-118.06056,33.71167],[-118.06008,33.71167],[-118.05893,33.70948],[-118.05787,33.70925],[-118.05705,33.70854],[-118.05394,33.70444],[-118.0528,33.70365],[-118.05347,33.70268]]]}},{"type":"Feature","properties":{"name":"Bolsa Chica Basin State Marine Conservation Area","short":"Bolsa Chica Basin","type":"SMCA (No-Take)","ccr":"Section 632 (b) (122)"},"geometry":{"type":"MultiPolygon","coordinates":[[[[-118.03496,33.68482],[-118.03708,33.687],[-118.03612,33.68793],[-118.03634,33.69017],[-118.03854,33.69193],[-118.03874,33.69287],[-118.0392,33.69336],[-118.04457,33.69755],[-118.04404,33.69845],[-118.0447,33.69843],[-118.04528,33.69893],[-118.0479,33.69859],[-118.04921,33.69926],[-118.05082,33.70206],[-118.05043,33.70269],[-118.04873,33.70313],[-118.04483,33.70486],[-118.04453,33.7048],[-118.04426,33.70402],[-118.04261,33.70433],[-118.04182,33.7024],[-118.03282,33.69606],[-118.03288,33.69144],[-118.03369,33.69153],[-118.03412,33.69119],[-118.03289,33.69017],[-118.03293,33.68492],[-118.03364,33.68377],[-118.03409,33.68378],[-118.03516,33.68302],[-118.0359,33.6838],[-118.03502,33.68433],[-118.03496,33.68482]],[[-118.04769,33.70169],[-118.0481,33.70127],[-118.04866,33.70149],[-118.04759,33.69921],[-118.0471,33.6992],[-118.04729,33.69998],[-118.04634,33.69926],[-118.04537,33.6997],[-118.045,33.69932],[-118.0449,33.69965],[-118.04531,33.70003],[-118.04487,33.70109],[-118.04548,33.70117],[-118.04493,33.70152],[-118.04522,33.70206],[-118.04727,33.7015],[-118.04769,33.70169]]],[[[-118.04968,33.69965],[-118.04888,33.6988],[-118.0481,33.6985],[-118.04715,33.69843],[-118.04547,33.69882],[-118.04487,33.69841],[-118.04485,33.69674],[-118.0365,33.69005],[-118.03636,33.68792],[-118.03741,33.68726],[-118.03925,33.68917],[-118.04062,33.6889],[-118.04212,33.69096],[-118.04272,33.69124],[-118.04643,33.69511],[-118.046,33.69574],[-118.04666,33.69562],[-118.04724,33.69606],[-118.05323,33.70252],[-118.05298,33.70306],[-118.05156,33.70285],[-118.04968,33.69965]]],[[[-118.05302,33.70316],[-118.0528,33.70365],[-118.05107,33.70323],[-118.04941,33.7034],[-118.04632,33.7047],[-118.04599,33.70452],[-118.04973,33.70307],[-118.05302,33.70316]]]]}},{"type":"Feature","properties":{"name":"Cat Harbor State Marine Conservation Area","short":"Cat Harbor","type":"SMCA","ccr":"Section 632 (b) (131)"},"geometry":{"type":"Polygon","coordinates":[[[-118.50278,33.43186],[-118.50432,33.43105],[-118.50453,33.43002],[-118.50534,33.42907],[-118.50579,33.43005],[-118.50517,33.43092],[-118.50559,33.43096],[-118.50591,33.43022],[-118.50569,33.42888],[-118.50685,33.42792],[-118.50559,33.42614],[-118.50552,33.42532],[-118.50491,33.42477],[-118.51256,33.42205],[-118.51215,33.42278],[-118.51268,33.42327],[-118.51265,33.42417],[-118.51193,33.4251],[-118.51239,33.42551],[-118.51261,33.42738],[-118.50973,33.43013],[-118.50973,33.43195],[-118.50885,33.43226],[-118.50666,33.43219],[-118.50503,33.43443],[-118.5029,33.43513],[-118.50212,33.43613],[-118.50176,33.43617],[-118.50104,33.43591],[-118.50097,33.43559],[-118.50263,33.43328],[-118.50278,33.43186]]]}},{"type":"Feature","properties":{"name":"Upper Newport Bay State Marine Conservation Area","short":"Upper Newport Bay","type":"SMCA","ccr":"Section 632 (b) (132)"},"geometry":{"type":"Polygon","coordinates":[[[-117.87933,33.65164],[-117.87681,33.65046],[-117.87584,33.64931],[-117.87295,33.64983],[-117.8714,33.65137],[-117.86926,33.65164],[-117.87039,33.65169],[-117.869,33.65247],[-117.86747,33.65251],[-117.8674,33.65132],[-117.86703,33.65119],[-117.86691,33.65045],[-117.86708,33.64754],[-117.86905,33.64619],[-117.86951,33.6464],[-117.86966,33.64604],[-117.87061,33.64565],[-117.87285,33.64621],[-117.87349,33.64606],[-117.87395,33.64678],[-117.8748,33.64647],[-117.8752,33.64575],[-117.87633,33.64587],[-117.87887,33.64703],[-117.88077,33.64662],[-117.88232,33.64565],[-117.88237,33.64377],[-117.88273,33.6432],[-117.88502,33.64131],[-117.88634,33.64066],[-117.88699,33.63634],[-117.88464,33.63321],[-117.88514,33.63139],[-117.88582,33.63107],[-117.88579,33.6304],[-117.8854,33.63034],[-117.88611,33.62974],[-117.88424,33.62839],[-117.88393,33.62682],[-117.88437,33.62574],[-117.88537,33.62514],[-117.88649,33.62375],[-117.88756,33.62336],[-117.88889,33.6234],[-117.88925,33.62247],[-117.89037,33.62162],[-117.89046,33.62064],[-117.89138,33.62113],[-117.89128,33.62184],[-117.89217,33.62216],[-117.89238,33.62146],[-117.89312,33.62072],[-117.89298,33.62032],[-117.89169,33.61988],[-117.89121,33.62066],[-117.89081,33.62006],[-117.89146,33.61902],[-117.8927,33.61949],[-117.89253,33.61861],[-117.89187,33.61765],[-117.89208,33.61604],[-117.89256,33.61542],[-117.8937,33.61508],[-117.89513,33.61551],[-117.89526,33.6161],[-117.89407,33.61895],[-117.89737,33.61894],[-117.89718,33.61984],[-117.89753,33.6201],[-117.89977,33.62013],[-117.89765,33.61964],[-117.89759,33.6191],[-117.90062,33.61883],[-117.90218,33.61747],[-117.90343,33.61746],[-117.90396,33.6169],[-117.90561,33.6169],[-117.90506,33.61761],[-117.90496,33.61936],[-117.90256,33.62141],[-117.89556,33.62154],[-117.8954,33.62196],[-117.89566,33.62218],[-117.89702,33.62222],[-117.89642,33.62321],[-117.89561,33.62289],[-117.89453,33.62183],[-117.89402,33.62184],[-117.89375,33.62226],[-117.89606,33.62389],[-117.89593,33.6243],[-117.89544,33.62438],[-117.89344,33.62287],[-117.89356,33.62403],[-117.89321,33.62516],[-117.89365,33.62584],[-117.89193,33.62678],[-117.89034,33.62701],[-117.89012,33.62852],[-117.89155,33.63112],[-117.89148,33.63158],[-117.89031,33.63273],[-117.89211,33.63436],[-117.89174,33.63552],[-117.88984,33.63803],[-117.88978,33.63849],[-117.89061,33.64093],[-117.8905,33.64163],[-117.89187,33.64346],[-117.8918,33.64378],[-117.89217,33.6439],[-117.89195,33.64411],[-117.89245,33.64432],[-117.89181,33.64416],[-117.89208,33.6447],[-117.89066,33.64684],[-117.89059,33.64913],[-117.89026,33.65],[-117.88904,33.65043],[-117.88915,33.651],[-117.88876,33.65152],[-117.88374,33.65298],[-117.88434,33.65241],[-117.87933,33.65164]],[[-117.88644,33.64875],[-117.88675,33.64846],[-117.88649,33.64785],[-117.88484,33.64735],[-117.88644,33.64875]],[[-117.86974,33.64711],[-117.86808,33.64778],[-117.86842,33.64789],[-117.87075,33.64708],[-117.86974,33.64711]],[[-117.88734,33.62579],[-117.88679,33.6256],[-117.88619,33.62617],[-117.88711,33.62617],[-117.88734,33.62579]],[[-117.89033,33.62472],[-117.89072,33.62541],[-117.89101,33.62544],[-117.89078,33.62519],[-117.89091,33.62317],[-117.89163,33.62311],[-117.8911,33.62293],[-117.89101,33.62257],[-117.88992,33.62549],[-117.89033,33.62472]],[[-117.88827,33.62616],[-117.88903,33.62601],[-117.88899,33.6259],[-117.88827,33.62616]],[[-117.88768,33.626],[-117.88764,33.62608],[-117.88793,33.62608],[-117.88768,33.626]],[[-117.90146,33.61997],[-117.9,33.62035],[-117.90175,33.62013],[-117.90295,33.61846],[-117.90146,33.61997]],[[-117.8686,33.65153],[-117.8691,33.65165],[-117.86849,33.6512],[-117.86806,33.65114],[-117.8686,33.65153]]]}},{"type":"Feature","properties":{"name":"Laguna Beach State Marine Conservation Area","short":"Laguna Beach","type":"SMCA (No-Take)","ccr":"Section 632 (b) (135)"},"geometry":{"type":"Polygon","coordinates":[[[-117.75458,33.51189],[-117.75297,33.51053],[-117.75114,33.50823],[-117.75062,33.50703],[-117.74972,33.50668],[-117.74867,33.50549],[-117.74712,33.50336],[-117.74712,33.50252],[-117.7466,33.50245],[-117.74553,33.50124],[-117.74605,33.50084],[-117.82001,33.50084],[-117.82001,33.51189],[-117.75458,33.51189]]]}},{"type":"Feature","properties":{"name":"Crystal Cove State Marine Conservation Area","short":"Crystal Cove","type":"SMCA","ccr":"Section 632 (b) (133)"},"geometry":{"type":"Polygon","coordinates":[[[-117.87821,33.58442],[-117.87743,33.58954],[-117.8778,33.59291],[-117.87522,33.59325],[-117.87223,33.59257],[-117.87049,33.59042],[-117.86864,33.58987],[-117.86765,33.58896],[-117.86708,33.5879],[-117.86617,33.58747],[-117.86502,33.58617],[-117.86428,33.58595],[-117.8641,33.58477],[-117.86244,33.58443],[-117.86205,33.58394],[-117.8612,33.584],[-117.86082,33.58332],[-117.86034,33.58367],[-117.85919,33.58337],[-117.85613,33.58187],[-117.85352,33.57982],[-117.84754,33.57782],[-117.84263,33.57538],[-117.84,33.57356],[-117.83552,33.5689],[-117.83406,33.56813],[-117.83282,33.56595],[-117.82634,33.56342],[-117.82131,33.55985],[-117.81957,33.55803],[-117.81909,33.55699],[-117.81928,33.55665],[-117.82007,33.55654],[-117.81974,33.55651],[-117.81994,33.55612],[-117.81938,33.55555],[-117.82001,33.55352],[-117.82001,33.54],[-117.87821,33.58442]]]}},{"type":"Feature","properties":{"name":"Laguna Beach State Marine Reserve","short":"Laguna Beach","type":"SMR","ccr":"Section 632 (b) (134)"},"geometry":{"type":"Polygon","coordinates":[[[-117.81707,33.55416],[-117.81684,33.55369],[-117.81653,33.55398],[-117.81586,33.55392],[-117.81442,33.55299],[-117.81415,33.55247],[-117.81474,33.55201],[-117.81457,33.5506],[-117.81386,33.55081],[-117.81226,33.55247],[-117.81098,33.55242],[-117.80933,33.55189],[-117.80687,33.54998],[-117.8067,33.54951],[-117.80714,33.54876],[-117.80691,33.54827],[-117.80623,33.54855],[-117.80544,33.5482],[-117.80562,33.54707],[-117.80481,33.54689],[-117.80408,33.54625],[-117.80302,33.54685],[-117.80148,33.54675],[-117.80008,33.5457],[-117.80043,33.54508],[-117.79972,33.54524],[-117.79971,33.54482],[-117.79941,33.54536],[-117.79856,33.54577],[-117.79698,33.54519],[-117.79569,33.54549],[-117.79486,33.54476],[-117.79453,33.54497],[-117.79361,33.54459],[-117.79231,33.54302],[-117.79165,33.54347],[-117.79029,33.54334],[-117.78902,33.54264],[-117.78643,33.54256],[-117.78453,33.54174],[-117.78168,33.53882],[-117.7808,33.5372],[-117.77989,33.53633],[-117.7768,33.53185],[-117.77364,33.52958],[-117.77187,33.52773],[-117.77182,33.52725],[-117.77207,33.5272],[-117.7709,33.52709],[-117.77,33.52648],[-117.7697,33.52567],[-117.76917,33.52565],[-117.76895,33.52488],[-117.76791,33.52495],[-117.76607,33.52374],[-117.76587,33.5223],[-117.76497,33.52166],[-117.76455,33.52027],[-117.76311,33.51969],[-117.76135,33.51726],[-117.76028,33.51525],[-117.76058,33.51403],[-117.75993,33.51448],[-117.7585,33.51441],[-117.75808,33.51357],[-117.75597,33.51325],[-117.75458,33.51189],[-117.82001,33.51189],[-117.82001,33.55352],[-117.81801,33.55428],[-117.81707,33.55416]]]}},{"type":"Feature","properties":{"name":"Dana Point State Marine Conservation Area","short":"Dana Point","type":"SMCA","ccr":"Section 632 (b) (136)"},"geometry":{"type":"Polygon","coordinates":[[[-117.74344,33.49897],[-117.74194,33.49831],[-117.74009,33.49576],[-117.73898,33.49393],[-117.73919,33.49315],[-117.73898,33.49231],[-117.73854,33.49235],[-117.73832,33.49203],[-117.73895,33.49143],[-117.7386,33.49126],[-117.73877,33.49068],[-117.738,33.49059],[-117.73822,33.48963],[-117.73719,33.48989],[-117.73687,33.48964],[-117.73687,33.48922],[-117.7374,33.48917],[-117.73763,33.48861],[-117.73727,33.48846],[-117.7371,33.48907],[-117.73613,33.48927],[-117.73482,33.48864],[-117.73393,33.48778],[-117.73344,33.48662],[-117.73376,33.48594],[-117.73441,33.48564],[-117.73445,33.48522],[-117.7338,33.48437],[-117.73353,33.48511],[-117.73297,33.48519],[-117.73067,33.48419],[-117.72704,33.48361],[-117.72502,33.48151],[-117.72165,33.4747],[-117.72143,33.47404],[-117.72175,33.47366],[-117.72049,33.47305],[-117.71852,33.47042],[-117.71498,33.46366],[-117.71485,33.46296],[-117.71527,33.46294],[-117.71565,33.46247],[-117.71532,33.46198],[-117.71574,33.46169],[-117.71558,33.46079],[-117.71449,33.45998],[-117.71019,33.46034],[-117.7086,33.46078],[-117.70774,33.46065],[-117.7071,33.46037],[-117.70461,33.45797],[-117.72168,33.455],[-117.76668,33.5],[-117.76668,33.50084],[-117.74507,33.50079],[-117.74344,33.49897]]]}},{"type":"Feature","properties":{"name":"Stewarts Point State Marine Conservation Area","short":"Stewarts Point","type":"SMCA","ccr":"Section 632 (b) (33)"},"geometry":{"type":"Polygon","coordinates":[[[-123.40559,38.65688],[-123.40549,38.65618],[-123.40596,38.65581],[-123.40695,38.65582],[-123.40698,38.65507],[-123.40742,38.65483],[-123.40788,38.65506],[-123.40804,38.65451],[-123.40846,38.65492],[-123.4084,38.65444],[-123.40714,38.65409],[-123.40737,38.65326],[-123.40646,38.65346],[-123.40613,38.65312],[-123.40556,38.65348],[-123.40572,38.65301],[-123.40534,38.65317],[-123.40532,38.65239],[-123.40432,38.6522],[-123.40397,38.65181],[-123.40458,38.65117],[-123.4027,38.65103],[-123.40249,38.65057],[-123.4029,38.65025],[-123.40267,38.65005],[-123.40329,38.64967],[-123.40313,38.64944],[-123.40163,38.64924],[-123.40157,38.64981],[-123.40027,38.64992],[-123.3999,38.64944],[-123.40054,38.64926],[-123.40068,38.64904],[-123.40024,38.64915],[-123.40027,38.64874],[-123.39957,38.64846],[-123.39972,38.64814],[-123.39851,38.64819],[-123.39801,38.64777],[-123.39788,38.64712],[-123.39838,38.64688],[-123.40159,38.64685],[-123.39971,38.64584],[-123.39965,38.64554],[-123.4001,38.64526],[-123.39996,38.64495],[-123.40032,38.64496],[-123.40054,38.64456],[-123.39939,38.64455],[-123.39886,38.64413],[-123.39887,38.64332],[-123.39672,38.64265],[-123.39687,38.64234],[-123.39559,38.64184],[-123.39591,38.64166],[-123.39554,38.64119],[-123.39459,38.64092],[-123.39378,38.64023],[-123.39318,38.63905],[-123.39329,38.63835],[-123.39363,38.63808],[-123.39491,38.63804],[-123.3952,38.63757],[-123.39469,38.63759],[-123.39236,38.6363],[-123.39106,38.63632],[-123.39038,38.63601],[-123.38742,38.63216],[-123.38716,38.63138],[-123.38797,38.63048],[-123.38954,38.6314],[-123.38884,38.63065],[-123.38907,38.63016],[-123.38988,38.63039],[-123.38937,38.63011],[-123.38957,38.62981],[-123.38787,38.62915],[-123.38776,38.62876],[-123.38721,38.62855],[-123.38696,38.62906],[-123.38634,38.629],[-123.38609,38.62864],[-123.38641,38.62806],[-123.38595,38.62781],[-123.38601,38.62754],[-123.38491,38.62745],[-123.38425,38.62639],[-123.38318,38.62585],[-123.38215,38.62579],[-123.38192,38.62523],[-123.38235,38.62488],[-123.38164,38.62455],[-123.38169,38.62382],[-123.38086,38.62346],[-123.3806,38.62283],[-123.38098,38.62262],[-123.38078,38.62228],[-123.38011,38.62232],[-123.37903,38.62162],[-123.37931,38.62148],[-123.37879,38.62134],[-123.37879,38.62055],[-123.3777,38.62029],[-123.37768,38.61983],[-123.37685,38.6192],[-123.37707,38.61911],[-123.37648,38.61889],[-123.37652,38.61841],[-123.37493,38.61718],[-123.37448,38.61597],[-123.38566,38.61597],[-123.41419,38.65878],[-123.40807,38.65878],[-123.40674,38.6575],[-123.40559,38.65688]],[[-123.40852,38.65444],[-123.40906,38.65496],[-123.40956,38.65458],[-123.40919,38.65409],[-123.40852,38.65444]],[[-123.39026,38.63079],[-123.39024,38.63093],[-123.39049,38.6309],[-123.39026,38.63079]]]}},{"type":"Feature","properties":{"name":"Stewarts Point State Marine Reserve","short":"Stewarts Point","type":"SMR","ccr":"Section 632 (b) (34)"},"geometry":{"type":"Polygon","coordinates":[[[-123.37362,38.61603],[-123.37211,38.61516],[-123.37053,38.61498],[-123.36975,38.61442],[-123.36739,38.61369],[-123.3667,38.61314],[-123.36599,38.61192],[-123.36604,38.61148],[-123.36744,38.61041],[-123.36659,38.60848],[-123.36706,38.60792],[-123.36792,38.60818],[-123.3679,38.60788],[-123.36878,38.60794],[-123.36908,38.60833],[-123.36902,38.60803],[-123.36979,38.60814],[-123.37105,38.60776],[-123.37157,38.6071],[-123.37154,38.60665],[-123.37095,38.60651],[-123.36989,38.60538],[-123.36999,38.60503],[-123.37039,38.60497],[-123.36932,38.60428],[-123.36906,38.60374],[-123.36855,38.60376],[-123.36879,38.60431],[-123.36797,38.60398],[-123.36496,38.60216],[-123.36479,38.60179],[-123.36394,38.60217],[-123.36246,38.60093],[-123.36195,38.60117],[-123.36143,38.60069],[-123.3609,38.60089],[-123.3608,38.60051],[-123.3611,38.60043],[-123.36078,38.59977],[-123.35974,38.59876],[-123.36008,38.59818],[-123.36049,38.5981],[-123.35965,38.59742],[-123.35962,38.59791],[-123.3573,38.59731],[-123.35558,38.59852],[-123.35469,38.59816],[-123.35362,38.59847],[-123.35306,38.59788],[-123.35244,38.59795],[-123.35169,38.59694],[-123.35094,38.59735],[-123.34965,38.59696],[-123.34912,38.59632],[-123.34927,38.59535],[-123.34668,38.59334],[-123.43365,38.59334],[-123.44402,38.60189],[-123.44876,38.60674],[-123.45322,38.61278],[-123.45664,38.61947],[-123.46165,38.62351],[-123.46639,38.62836],[-123.47035,38.63362],[-123.47315,38.63857],[-123.47807,38.64171],[-123.48204,38.64477],[-123.49017,38.65276],[-123.49308,38.65648],[-123.49601,38.66119],[-123.4983,38.66611],[-123.49979,38.67068],[-123.50406,38.675],[-123.42102,38.67503],[-123.42099,38.67477],[-123.42019,38.67484],[-123.42023,38.6745],[-123.41942,38.67473],[-123.41907,38.67415],[-123.41969,38.67355],[-123.41896,38.6732],[-123.41926,38.67278],[-123.41776,38.67204],[-123.41767,38.67139],[-123.41618,38.67057],[-123.4163,38.67029],[-123.4167,38.67037],[-123.41579,38.66964],[-123.41589,38.66938],[-123.41481,38.66886],[-123.41512,38.66875],[-123.41507,38.66839],[-123.41542,38.66845],[-123.41515,38.66799],[-123.41558,38.66799],[-123.41528,38.6676],[-123.41626,38.66797],[-123.41658,38.66773],[-123.41539,38.66673],[-123.41468,38.66698],[-123.41457,38.66666],[-123.41502,38.66643],[-123.4147,38.66608],[-123.41408,38.66623],[-123.41205,38.66466],[-123.41033,38.66267],[-123.40951,38.66255],[-123.40919,38.66129],[-123.40869,38.66066],[-123.40899,38.6606],[-123.40855,38.6605],[-123.40867,38.65991],[-123.4094,38.65962],[-123.40902,38.65936],[-123.4091,38.65904],[-123.40853,38.65933],[-123.40807,38.65878],[-123.41419,38.65878],[-123.38566,38.61597],[-123.37362,38.61603]]]}}]}